id_orcamento,mes_referencia,id_produto,id_canal,id_regiao,quantidade_orcada,receita_orcada,custo_orcado,margem_orcada
1,2024-01-01,1,1,1,2,133.05,48.49,84.56
2,2024-01-01,1,1,2,3,193.82,70.3,123.52
3,2024-01-01,1,1,3,2,110.37,42.12,68.25
4,2024-01-01,1,1,4,8,496.08,186.63,309.45
5,2024-01-01,1,1,5,1,57.12,22.09,35.03
6,2024-01-01,1,2,1,2,138.51,50.54,87.97
7,2024-01-01,1,2,3,1,60.86,23.99,36.87
8,2024-01-01,1,2,4,5,285.43,109.2,176.23
9,2024-01-01,1,2,5,6,396.06,141.33,254.73
10,2024-01-01,1,3,1,1,72.85,26.68,46.17
11,2024-01-01,1,3,3,1,68.4,25.87,42.53
12,2024-01-01,1,3,5,2,129.59,48.29,81.3
13,2024-01-01,1,4,2,2,137.54,53.72,83.82
14,2024-01-01,1,4,3,2,134.19,50.45,83.74
15,2024-01-01,1,4,4,1,63.03,24.01,39.02
16,2024-01-01,1,4,5,3,221.98,76.87,145.11
17,2024-01-01,1,5,2,1,58.54,23.8,34.74
18,2024-01-01,1,5,4,7,461.43,186.0,275.43
19,2024-01-01,1,5,5,1,56.82,21.73,35.09
20,2024-01-01,2,1,2,1,99.54,40.23,59.31
21,2024-01-01,2,1,3,2,177.71,74.08,103.63
22,2024-01-01,2,1,4,5,543.84,208.96,334.88
23,2024-01-01,2,1,5,1,87.5,36.46,51.04
24,2024-01-01,2,2,1,3,363.44,127.28,236.16
25,2024-01-01,2,2,2,4,456.66,164.82,291.84
26,2024-01-01,2,2,3,2,236.65,80.72,155.93
27,2024-01-01,2,2,4,8,955.57,344.57,611.0
28,2024-01-01,2,2,5,2,205.55,79.74,125.81
29,2024-01-01,2,3,2,1,113.52,45.82,67.7
30,2024-01-01,2,3,3,6,705.28,252.97,452.31
31,2024-01-01,2,3,4,2,210.74,79.42,131.32
32,2024-01-01,2,3,5,1,110.23,39.45,70.78
33,2024-01-01,2,4,1,1,133.19,47.45,85.74
34,2024-01-01,2,4,2,2,271.46,91.94,179.52
35,2024-01-01,2,4,3,2,241.13,85.35,155.78
36,2024-01-01,2,4,4,6,715.19,253.65,461.54
37,2024-01-01,2,4,5,2,243.06,87.74,155.32
38,2024-01-01,2,5,3,2,182.1,79.44,102.66
39,2024-01-01,2,5,4,1,100.21,39.68,60.53
40,2024-01-01,2,5,5,4,369.71,154.63,215.08
41,2024-01-01,3,1,2,5,230.47,89.12,141.35
42,2024-01-01,3,1,3,3,135.58,49.37,86.21
43,2024-01-01,3,1,4,5,238.23,91.61,146.62
44,2024-01-01,3,1,5,1,41.73,16.59,25.14
45,2024-01-01,3,2,1,1,50.4,19.31,31.09
46,2024-01-01,3,2,2,4,199.84,73.0,126.84
47,2024-01-01,3,2,3,4,198.48,72.41,126.07
48,2024-01-01,3,2,4,2,96.82,33.11,63.71
49,2024-01-01,3,2,5,2,96.6,35.13,61.47
50,2024-01-01,3,3,1,1,58.53,21.67,36.86
51,2024-01-01,3,3,2,2,107.24,41.07,66.17
52,2024-01-01,3,3,3,1,59.03,19.47,39.56
53,2024-01-01,3,3,4,4,197.47,69.77,127.7
54,2024-01-01,3,3,5,2,103.63,37.07,66.56
55,2024-01-01,3,4,2,2,112.13,41.94,70.19
56,2024-01-01,3,4,4,10,520.07,180.58,339.49
57,2024-01-01,3,4,5,1,51.74,18.61,33.13
58,2024-01-01,3,5,1,1,44.37,18.62,25.75
59,2024-01-01,3,5,2,1,46.36,18.63,27.73
60,2024-01-01,3,5,4,2,84.2,34.05,50.15
61,2024-01-01,3,5,5,1,48.77,16.71,32.06
62,2024-01-01,4,1,2,3,223.33,87.52,135.81
63,2024-01-01,4,1,3,2,136.79,55.81,80.98
64,2024-01-01,4,1,4,6,463.06,178.57,284.49
65,2024-01-01,4,1,5,1,69.09,27.27,41.82
66,2024-01-01,4,2,2,5,423.4,157.19,266.21
67,2024-01-01,4,2,3,2,168.89,59.58,109.31
68,2024-01-01,4,2,4,3,219.22,87.27,131.95
69,2024-01-01,4,2,5,1,92.74,30.35,62.39
70,2024-01-01,4,3,2,2,179.23,67.13,112.1
71,2024-01-01,4,3,3,1,84.91,32.13,52.78
72,2024-01-01,4,3,4,7,594.51,214.55,379.96
73,2024-01-01,4,3,5,8,637.71,240.85,396.86
74,2024-01-01,4,4,1,1,103.21,36.79,66.42
75,2024-01-01,4,4,3,3,269.74,101.57,168.17
76,2024-01-01,4,4,4,3,269.08,95.54,173.54
77,2024-01-01,4,4,5,1,91.92,32.06,59.86
78,2024-01-01,4,5,2,2,168.98,60.37,108.61
79,2024-01-01,4,5,4,2,147.83,56.73,91.1
80,2024-01-01,5,1,1,1,84.1,35.78,48.32
81,2024-01-01,5,1,2,1,77.29,36.35,40.94
82,2024-01-01,5,1,3,2,155.89,70.22,85.67
83,2024-01-01,5,1,4,6,533.27,216.25,317.02
84,2024-01-01,5,1,5,2,184.52,68.67,115.85
85,2024-01-01,5,2,2,3,293.76,118.73,175.03
86,2024-01-01,5,2,4,11,1005.08,392.4,612.68
87,2024-01-01,5,2,5,4,367.16,143.52,223.64
88,2024-01-01,5,3,1,1,113.42,42.8,70.62
89,2024-01-01,5,3,2,1,114.01,41.23,72.78
90,2024-01-01,5,3,3,2,200.68,74.14,126.54
91,2024-01-01,5,3,4,2,174.79,74.18,100.61
92,2024-01-01,5,3,5,3,277.7,114.28,163.42
93,2024-01-01,5,4,2,4,434.65,167.99,266.66
94,2024-01-01,5,4,3,2,202.52,82.28,120.24
95,2024-01-01,5,4,4,7,711.61,274.66,436.95
96,2024-01-01,5,4,5,1,100.31,40.09,60.22
97,2024-01-01,5,5,2,1,90.73,38.12,52.61
98,2024-01-01,5,5,3,4,327.76,143.94,183.82
99,2024-01-01,5,5,4,9,796.28,339.09,457.19
100,2024-01-01,5,5,5,5,360.16,174.39,185.77
101,2024-01-01,6,1,1,1,72.31,28.34,43.97
102,2024-01-01,6,1,2,1,65.78,29.01,36.77
103,2024-01-01,6,1,3,4,278.9,109.88,169.02
104,2024-01-01,6,1,4,2,132.34,48.13,84.21
105,2024-01-01,6,1,5,1,69.3,26.57,42.73
106,2024-01-01,6,2,1,1,77.13,32.29,44.84
107,2024-01-01,6,2,4,3,203.86,81.82,122.04
108,2024-01-01,6,2,5,3,226.88,85.31,141.57
109,2024-01-01,6,3,1,2,173.23,70.97,102.26
110,2024-01-01,6,3,2,2,164.37,61.48,102.89
111,2024-01-01,6,3,3,3,230.93,93.83,137.1
112,2024-01-01,6,3,4,7,501.6,208.0,293.6
113,2024-01-01,6,3,5,4,321.05,120.8,200.25
114,2024-01-01,6,4,4,2,155.18,58.77,96.41
115,2024-01-01,6,4,5,3,232.94,94.7,138.24
116,2024-01-01,6,5,4,3,225.93,104.92,121.01
117,2024-01-01,7,1,1,2,81.25,32.8,48.45
118,2024-01-01,7,1,2,6,262.8,95.42,167.38
119,2024-01-01,7,1,3,2,81.14,30.8,50.34
120,2024-01-01,7,1,4,8,344.31,131.98,212.33
121,2024-01-01,7,1,5,2,80.99,30.12,50.87
122,2024-01-01,7,2,1,2,93.99,36.4,57.59
123,2024-01-01,7,2,2,6,305.54,107.67,197.87
124,2024-01-01,7,2,4,4,181.47,62.35,119.12
125,2024-01-01,7,2,5,4,189.63,67.24,122.39
126,2024-01-01,7,3,2,4,187.28,74.68,112.6
127,2024-01-01,7,3,3,2,96.96,35.21,61.75
128,2024-01-01,7,3,4,4,192.14,68.75,123.39
129,2024-01-01,7,4,2,1,57.58,19.2,38.38
130,2024-01-01,7,4,3,1,51.12,17.79,33.33
131,2024-01-01,7,4,4,2,94.61,34.18,60.43
132,2024-01-01,7,5,1,1,43.91,16.77,27.14
133,2024-01-01,7,5,2,1,38.25,17.15,21.1
134,2024-01-01,7,5,3,3,131.8,47.4,84.4
135,2024-01-01,7,5,4,14,603.12,236.09,367.03
136,2024-01-01,7,5,5,1,44.59,16.57,28.02
137,2024-01-01,8,1,2,6,282.14,104.38,177.76
138,2024-01-01,8,1,3,2,89.18,33.25,55.93
139,2024-01-01,8,1,4,4,196.27,78.35,117.92
140,2024-01-01,8,1,5,5,233.14,85.74,147.4
141,2024-01-01,8,2,2,2,104.89,37.74,67.15
142,2024-01-01,8,2,3,2,99.27,37.58,61.69
143,2024-01-01,8,2,4,4,226.49,83.29,143.2
144,2024-01-01,8,2,5,8,387.62,136.0,251.62
145,2024-01-01,8,3,1,2,119.62,42.07,77.55
146,2024-01-01,8,3,2,6,277.93,102.73,175.2
147,2024-01-01,8,3,3,6,300.27,116.75,183.52
148,2024-01-01,8,3,4,9,431.05,162.61,268.44
149,2024-01-01,8,3,5,2,101.74,36.96,64.78
150,2024-01-01,8,4,2,5,226.83,82.98,143.85
151,2024-01-01,8,4,3,6,310.77,112.95,197.82
152,2024-01-01,8,4,4,5,246.81,89.77,157.04
153,2024-01-01,8,4,5,3,164.72,60.01,104.71
154,2024-01-01,8,5,1,1,40.71,19.45,21.26
155,2024-01-01,8,5,2,1,44.84,19.1,25.74
156,2024-01-01,8,5,4,4,210.5,82.73,127.77
157,2024-01-01,9,1,3,1,68.34,24.39,43.95
158,2024-01-01,9,1,4,4,294.26,116.0,178.26
159,2024-01-01,9,2,3,1,66.97,25.89,41.08
160,2024-01-01,9,2,4,2,124.59,48.91,75.68
161,2024-01-01,9,2,5,3,201.93,77.8,124.13
162,2024-01-01,9,3,2,2,141.1,56.54,84.56
163,2024-01-01,9,3,3,1,80.88,27.33,53.55
164,2024-01-01,9,3,4,4,291.56,107.74,183.82
165,2024-01-01,9,4,3,3,220.79,84.5,136.29
166,2024-01-01,9,4,4,2,144.91,54.41,90.5
167,2024-01-01,9,5,3,3,191.99,72.91,119.08
168,2024-01-01,9,5,5,2,113.36,50.21,63.15
169,2024-01-01,10,1,2,2,127.84,41.39,86.45
170,2024-01-01,10,1,3,2,107.62,37.3,70.32
171,2024-01-01,10,1,4,4,265.1,93.56,171.54
172,2024-01-01,10,1,5,1,58.55,19.0,39.55
173,2024-01-01,10,2,2,1,65.42,22.93,42.49
174,2024-01-01,10,2,4,8,477.27,174.19,303.08
175,2024-01-01,10,2,5,4,241.5,86.57,154.93
176,2024-01-01,10,3,1,2,151.85,50.26,101.59
177,2024-01-01,10,3,2,1,71.35,24.48,46.87
178,2024-01-01,10,3,3,5,308.89,111.22,197.67
179,2024-01-01,10,3,4,4,216.44,83.95,132.49
180,2024-01-01,10,3,5,4,231.49,84.45,147.04
181,2024-01-01,10,4,2,4,265.41,94.68,170.73
182,2024-01-01,10,4,4,3,176.44,63.84,112.6
183,2024-01-01,10,4,5,3,194.08,69.1,124.98
184,2024-01-01,10,5,2,2,117.75,43.73,74.02
185,2024-01-01,10,5,4,2,92.81,38.45,54.36
186,2024-01-01,10,5,5,2,95.5,41.82,53.68
187,2024-01-01,11,1,2,4,160.29,46.68,113.61
188,2024-01-01,11,1,3,1,36.82,11.79,25.03
189,2024-01-01,11,1,4,5,209.13,61.29,147.84
190,2024-01-01,11,1,5,2,80.3,22.87,57.43
191,2024-01-01,11,2,1,2,84.44,25.15,59.29
192,2024-01-01,11,2,3,3,127.03,37.8,89.23
193,2024-01-01,11,2,4,4,154.56,45.87,108.69
194,2024-01-01,11,2,5,2,82.96,23.45,59.51
195,2024-01-01,11,3,2,3,134.58,40.12,94.46
196,2024-01-01,11,3,3,2,84.13,25.84,58.29
197,2024-01-01,11,3,4,6,242.35,71.58,170.77
198,2024-01-01,11,3,5,2,81.72,24.71,57.01
199,2024-01-01,11,4,1,1,54.66,14.54,40.12
200,2024-01-01,11,4,2,1,50.68,14.07,36.61
201,2024-01-01,11,4,3,4,189.95,51.01,138.94
202,2024-01-01,11,4,4,3,129.06,36.39,92.67
203,2024-01-01,11,4,5,1,44.31,12.72,31.59
204,2024-01-01,11,5,2,1,41.25,12.56,28.69
205,2024-01-01,11,5,3,1,37.54,12.24,25.3
206,2024-01-01,11,5,4,5,167.48,57.75,109.73
207,2024-01-01,11,5,5,2,74.23,23.49,50.74
208,2024-01-01,12,1,2,7,522.2,171.57,350.63
209,2024-01-01,12,1,3,7,518.53,171.56,346.97
210,2024-01-01,12,1,4,3,208.58,70.67,137.91
211,2024-01-01,12,1,5,4,269.32,91.96,177.36
212,2024-01-01,12,2,2,5,409.13,130.14,278.99
213,2024-01-01,12,2,3,2,158.37,53.81,104.56
214,2024-01-01,12,2,4,5,370.87,118.41,252.46
215,2024-01-01,12,2,5,3,223.02,73.79,149.23
216,2024-01-01,12,3,2,2,166.04,56.16,109.88
217,2024-01-01,12,3,3,8,688.94,225.89,463.05
218,2024-01-01,12,3,4,4,314.79,104.54,210.25
219,2024-01-01,12,3,5,2,161.77,51.75,110.02
220,2024-01-01,12,4,3,1,85.44,29.13,56.31
221,2024-01-01,12,4,4,10,839.7,272.3,567.4
222,2024-01-01,12,4,5,3,267.23,82.47,184.76
223,2024-01-01,12,5,2,1,70.51,25.25,45.26
224,2024-01-01,12,5,4,4,333.29,110.78,222.51
225,2024-01-01,13,1,2,2,102.73,36.5,66.23
226,2024-01-01,13,1,3,1,48.44,16.33,32.11
227,2024-01-01,13,1,4,3,144.85,49.82,95.03
228,2024-01-01,13,1,5,4,193.19,65.05,128.14
229,2024-01-01,13,2,2,2,114.07,37.37,76.7
230,2024-01-01,13,2,3,8,447.09,156.45,290.64
231,2024-01-01,13,2,4,7,365.99,126.29,239.7
232,2024-01-01,13,2,5,6,322.77,108.75,214.02
233,2024-01-01,13,3,1,2,126.39,41.05,85.34
234,2024-01-01,13,3,3,2,116.19,37.54,78.65
235,2024-01-01,13,3,4,1,55.05,17.32,37.73
236,2024-01-01,13,3,5,2,115.1,37.16,77.94
237,2024-01-01,13,4,1,3,196.51,65.1,131.41
238,2024-01-01,13,4,2,1,63.73,20.57,43.16
239,2024-01-01,13,4,3,1,66.59,20.38,46.21
240,2024-01-01,13,4,4,11,645.42,212.76,432.66
241,2024-01-01,13,4,5,3,173.34,56.65,116.69
242,2024-01-01,13,5,1,1,49.45,18.49,30.96
243,2024-01-01,13,5,4,6,291.48,104.64,186.84
244,2024-01-01,14,1,2,6,143.9,52.75,91.15
245,2024-01-01,14,1,4,7,192.6,63.87,128.73
246,2024-01-01,14,2,2,2,55.25,18.61,36.64
247,2024-01-01,14,2,4,5,123.54,42.89,80.65
248,2024-01-01,14,2,5,1,24.71,9.01,15.7
249,2024-01-01,14,3,1,3,100.84,31.49,69.35
250,2024-01-01,14,3,2,4,113.81,41.0,72.81
251,2024-01-01,14,3,4,7,198.12,61.28,136.84
252,2024-01-01,14,4,2,7,192.79,60.39,132.4
253,2024-01-01,14,4,3,1,29.71,10.26,19.45
254,2024-01-01,14,4,5,1,31.08,9.95,21.13
255,2024-01-01,14,5,1,2,53.41,20.28,33.13
256,2024-01-01,14,5,2,5,126.2,47.42,78.78
257,2024-01-01,14,5,4,5,134.37,48.98,85.39
258,2024-01-01,14,5,5,4,97.82,35.82,62.0
259,2024-01-01,15,1,1,5,292.79,109.12,183.67
260,2024-01-01,15,1,3,4,181.33,73.33,108.0
261,2024-01-01,15,1,4,6,345.88,124.29,221.59
262,2024-01-01,15,1,5,3,209.05,72.61,136.44
263,2024-01-01,15,2,2,3,167.9,65.61,102.29
264,2024-01-01,15,2,3,1,54.9,20.74,34.16
265,2024-01-01,15,2,4,4,199.39,73.35,126.04
266,2024-01-01,15,2,5,4,213.11,80.76,132.35
267,2024-01-01,15,3,2,1,61.98,23.23,38.75
268,2024-01-01,15,3,3,4,249.97,89.52,160.45
269,2024-01-01,15,3,4,6,329.33,125.62,203.71
270,2024-01-01,15,4,2,2,132.49,47.28,85.21
271,2024-01-01,15,4,4,1,63.79,21.46,42.33
272,2024-01-01,15,4,5,2,127.97,45.3,82.67
273,2024-01-01,15,5,2,2,108.86,43.94,64.92
274,2024-01-01,15,5,3,2,101.13,40.42,60.71
275,2024-01-01,15,5,4,7,346.28,145.58,200.7
276,2024-01-01,15,5,5,3,132.26,58.11,74.15
277,2024-02-01,1,1,1,1,65.99,24.24,41.75
278,2024-02-01,1,1,2,1,64.94,22.59,42.35
279,2024-02-01,1,1,3,1,61.23,21.19,40.04
280,2024-02-01,1,1,4,9,610.63,225.35,385.28
281,2024-02-01,1,1,5,4,235.71,89.48,146.23
282,2024-02-01,1,2,1,1,73.65,26.49,47.16
283,2024-02-01,1,2,2,1,62.43,25.19,37.24
284,2024-02-01,1,2,4,1,62.77,23.01,39.76
285,2024-02-01,1,3,2,2,147.9,53.04,94.86
286,2024-02-01,1,3,4,11,725.97,263.62,462.35
287,2024-02-01,1,3,5,3,197.15,75.78,121.37
288,2024-02-01,1,4,2,6,384.32,138.27,246.05
289,2024-02-01,1,4,3,1,74.04,25.34,48.7
290,2024-02-01,1,4,4,4,285.49,101.83,183.66
291,2024-02-01,1,5,3,1,49.44,23.44,26.0
292,2024-02-01,1,5,4,3,169.87,67.34,102.53
293,2024-02-01,1,5,5,1,49.07,21.51,27.56
294,2024-02-01,2,1,2,1,106.66,41.02,65.64
295,2024-02-01,2,1,3,4,382.43,148.06,234.37
296,2024-02-01,2,1,4,7,788.2,315.06,473.14
297,2024-02-01,2,1,5,3,280.32,109.66,170.66
298,2024-02-01,2,2,1,3,356.53,132.23,224.3
299,2024-02-01,2,2,2,2,227.42,85.57,141.85
300,2024-02-01,2,2,3,2,231.17,81.29,149.88
301,2024-02-01,2,2,4,2,211.48,77.39,134.09
302,2024-02-01,2,2,5,2,226.5,81.95,144.55
303,2024-02-01,2,3,2,1,111.83,46.11,65.72
304,2024-02-01,2,3,3,1,122.15,43.41,78.74
305,2024-02-01,2,3,4,2,210.46,78.35,132.11
306,2024-02-01,2,4,2,1,127.07,46.81,80.26
307,2024-02-01,2,4,3,3,372.64,137.43,235.21
308,2024-02-01,2,4,4,9,1035.11,374.78,660.33
309,2024-02-01,2,4,5,1,119.64,45.25,74.39
310,2024-02-01,2,5,2,1,100.38,42.06,58.32
311,2024-02-01,2,5,4,3,295.04,114.67,180.37
312,2024-02-01,2,5,5,2,181.49,79.69,101.8
313,2024-02-01,3,1,1,3,153.64,56.89,96.75
314,2024-02-01,3,1,2,3,129.55,53.88,75.67
315,2024-02-01,3,1,3,6,288.75,101.07,187.68
316,2024-02-01,3,1,4,3,182.01,64.55,117.46
317,2024-02-01,3,1,5,4,227.36,81.77,145.59
318,2024-02-01,3,2,3,1,53.08,17.65,35.43
319,2024-02-01,3,2,4,8,428.97,157.35,271.62
320,2024-02-01,3,2,5,1,47.45,16.97,30.48
321,2024-02-01,3,3,2,1,58.24,18.86,39.38
322,2024-02-01,3,3,4,8,414.64,141.22,273.42
323,2024-02-01,3,3,5,1,55.73,19.06,36.67
324,2024-02-01,3,4,2,2,115.72,42.6,73.12
325,2024-02-01,3,4,3,1,54.23,19.43,34.8
326,2024-02-01,3,4,4,3,157.02,54.56,102.46
327,2024-02-01,3,4,5,1,54.65,18.87,35.78
328,2024-02-01,3,5,1,1,47.89,18.55,29.34
329,2024-02-01,3,5,4,3,121.42,50.76,70.66
330,2024-02-01,3,5,5,2,90.71,34.42,56.29
331,2024-02-01,4,1,1,1,78.88,29.07,49.81
332,2024-02-01,4,1,3,1,72.22,27.68,44.54
333,2024-02-01,4,1,4,2,153.67,50.91,102.76
334,2024-02-01,4,1,5,5,426.49,158.63,267.86
335,2024-02-01,4,2,1,1,94.02,33.32,60.7
336,2024-02-01,4,2,2,4,355.89,127.86,228.03
337,2024-02-01,4,2,3,2,161.45,63.64,97.81
338,2024-02-01,4,2,4,2,150.23,54.6,95.63
339,2024-02-01,4,3,2,1,96.24,35.11,61.13
340,2024-02-01,4,3,4,5,407.07,147.82,259.25
341,2024-02-01,4,3,5,6,539.83,193.75,346.08
342,2024-02-01,4,4,2,1,87.37,32.87,54.5
343,2024-02-01,4,4,3,1,87.97,32.2,55.77
344,2024-02-01,4,4,4,4,359.1,123.7,235.4
345,2024-02-01,4,4,5,7,600.66,216.99,383.67
346,2024-02-01,4,5,2,1,77.67,30.07,47.6
347,2024-02-01,4,5,4,3,242.92,108.51,134.41
348,2024-02-01,5,1,1,1,86.97,37.74,49.23
349,2024-02-01,5,1,4,15,1387.72,570.58,817.14
350,2024-02-01,5,1,5,1,86.84,34.59,52.25
351,2024-02-01,5,2,1,1,94.97,40.17,54.8
352,2024-02-01,5,2,2,1,93.51,41.17,52.34
353,2024-02-01,5,2,4,9,819.78,350.58,469.2
354,2024-02-01,5,2,5,2,185.83,71.95,113.88
355,2024-02-01,5,3,2,1,110.23,41.55,68.68
356,2024-02-01,5,3,3,1,100.69,38.78,61.91
357,2024-02-01,5,3,4,7,630.5,246.45,384.05
358,2024-02-01,5,3,5,6,560.06,217.27,342.79
359,2024-02-01,5,4,2,2,220.16,82.41,137.75
360,2024-02-01,5,4,4,6,558.73,234.73,324.0
361,2024-02-01,5,4,5,1,89.0,37.99,51.01
362,2024-02-01,5,5,3,1,86.89,38.58,48.31
363,2024-02-01,5,5,4,2,169.38,70.24,99.14
364,2024-02-01,6,1,1,1,83.91,29.38,54.53
365,2024-02-01,6,1,4,3,236.41,104.71,131.7
366,2024-02-01,6,2,1,1,84.18,31.56,52.62
367,2024-02-01,6,2,3,2,134.07,56.59,77.48
368,2024-02-01,6,3,2,4,336.27,127.32,208.95
369,2024-02-01,6,3,4,4,296.97,114.95,182.02
370,2024-02-01,6,4,4,3,219.6,83.96,135.64
371,2024-02-01,6,5,2,2,153.58,59.19,94.39
372,2024-02-01,6,5,4,3,202.56,82.31,120.25
373,2024-02-01,6,5,5,5,302.84,139.29,163.55
374,2024-02-01,7,1,1,1,44.61,17.0,27.61
375,2024-02-01,7,1,2,5,243.77,82.55,161.22
376,2024-02-01,7,1,3,1,39.31,15.73,23.58
377,2024-02-01,7,1,4,4,187.64,70.94,116.7
378,2024-02-01,7,1,5,5,259.01,89.83,169.18
379,2024-02-01,7,2,1,1,54.55,18.1,36.45
380,2024-02-01,7,2,2,1,49.49,17.66,31.83
381,2024-02-01,7,2,4,5,206.58,78.65,127.93
382,2024-02-01,7,2,5,1,44.89,16.02,28.87
383,2024-02-01,7,3,2,3,140.4,54.14,86.26
384,2024-02-01,7,3,3,3,141.23,53.82,87.41
385,2024-02-01,7,3,4,8,368.01,134.64,233.37
386,2024-02-01,7,3,5,3,140.6,50.18,90.42
387,2024-02-01,7,4,2,2,106.67,35.96,70.71
388,2024-02-01,7,4,3,1,49.27,17.83,31.44
389,2024-02-01,7,4,4,4,194.95,69.2,125.75
390,2024-02-01,7,4,5,1,45.94,16.95,28.99
391,2024-02-01,7,5,4,4,184.07,75.46,108.61
392,2024-02-01,7,5,5,7,312.51,116.04,196.47
393,2024-02-01,8,1,1,2,83.81,35.33,48.48
394,2024-02-01,8,1,2,1,45.89,17.66,28.23
395,2024-02-01,8,1,3,2,79.52,35.05,44.47
396,2024-02-01,8,1,4,8,369.14,141.48,227.66
397,2024-02-01,8,1,5,1,42.25,15.75,26.5
398,2024-02-01,8,2,1,1,56.1,19.74,36.36
399,2024-02-01,8,2,2,2,104.97,37.25,67.72
400,2024-02-01,8,2,3,2,98.83,35.43,63.4
401,2024-02-01,8,2,4,8,369.96,139.59,230.37
402,2024-02-01,8,2,5,3,133.89,51.03,82.86
403,2024-02-01,8,3,4,8,381.84,141.68,240.16
404,2024-02-01,8,3,5,4,223.47,77.61,145.86
405,2024-02-01,8,4,2,5,268.13,100.49,167.64
406,2024-02-01,8,4,3,1,53.15,18.92,34.23
407,2024-02-01,8,4,4,2,100.26,36.09,64.17
408,2024-02-01,8,4,5,3,158.6,56.6,102.0
409,2024-02-01,8,5,2,2,92.51,38.58,53.93
410,2024-02-01,8,5,4,2,79.3,31.24,48.06
411,2024-02-01,8,5,5,1,40.16,16.56,23.6
412,2024-02-01,9,1,1,1,71.35,25.67,45.68
413,2024-02-01,9,1,2,3,201.45,77.36,124.09
414,2024-02-01,9,1,4,2,104.58,43.08,61.5
415,2024-02-01,9,1,5,3,176.59,74.35,102.24
416,2024-02-01,9,2,4,7,452.74,181.43,271.31
417,2024-02-01,9,2,5,3,212.76,80.61,132.15
418,2024-02-01,9,3,2,1,77.21,28.79,48.42
419,2024-02-01,9,3,4,10,728.47,273.77,454.7
420,2024-02-01,9,3,5,2,137.2,53.35,83.85
421,2024-02-01,9,4,3,1,73.76,27.42,46.34
422,2024-02-01,9,4,4,7,525.3,194.4,330.9
423,2024-02-01,9,5,4,4,224.81,97.89,126.92
424,2024-02-01,9,5,5,2,122.72,52.6,70.12
425,2024-02-01,10,1,2,1,57.15,20.19,36.96
426,2024-02-01,10,1,3,1,51.39,19.8,31.59
427,2024-02-01,10,1,4,4,253.76,95.22,158.54
428,2024-02-01,10,1,5,3,156.22,57.41,98.81
429,2024-02-01,10,2,1,4,254.82,94.53,160.29
430,2024-02-01,10,2,4,6,384.1,137.06,247.04
431,2024-02-01,10,2,5,1,55.04,20.43,34.61
432,2024-02-01,10,3,1,1,69.26,24.17,45.09
433,2024-02-01,10,3,2,1,65.23,23.73,41.5
434,2024-02-01,10,3,3,4,248.25,89.13,159.12
435,2024-02-01,10,3,4,8,514.17,174.36,339.81
436,2024-02-01,10,3,5,3,195.23,68.33,126.9
437,2024-02-01,10,4,2,5,298.57,103.0,195.57
438,2024-02-01,10,4,3,2,133.7,45.33,88.37
439,2024-02-01,10,4,4,6,362.36,130.53,231.83
440,2024-02-01,10,4,5,6,383.06,133.73,249.33
441,2024-02-01,10,5,4,1,49.9,19.14,30.76
442,2024-02-01,10,5,5,2,116.19,42.17,74.02
443,2024-02-01,11,1,2,1,35.04,11.97,23.07
444,2024-02-01,11,1,3,1,37.08,11.86,25.22
445,2024-02-01,11,1,4,3,150.03,42.82,107.21
446,2024-02-01,11,1,5,3,118.28,32.09,86.19
447,2024-02-01,11,2,1,1,41.72,12.97,28.75
448,2024-02-01,11,2,2,4,169.98,51.41,118.57
449,2024-02-01,11,2,5,1,38.44,12.72,25.72
450,2024-02-01,11,3,1,3,142.66,41.4,101.26
451,2024-02-01,11,3,2,2,92.03,28.8,63.23
452,2024-02-01,11,3,4,2,76.39,22.78,53.61
453,2024-02-01,11,3,5,2,84.18,24.4,59.78
454,2024-02-01,11,4,3,3,139.94,42.1,97.84
455,2024-02-01,11,4,4,2,88.32,25.64,62.68
456,2024-02-01,11,4,5,5,230.9,66.81,164.09
457,2024-02-01,11,5,2,1,37.76,11.63,26.13
458,2024-02-01,11,5,4,2,67.36,22.08,45.28
459,2024-02-01,11,5,5,4,138.52,45.2,93.32
460,2024-02-01,12,1,1,2,132.06,51.21,80.85
461,2024-02-01,12,1,2,1,73.51,25.36,48.15
462,2024-02-01,12,1,3,2,147.13,48.89,98.24
463,2024-02-01,12,1,4,7,514.74,170.27,344.47
464,2024-02-01,12,1,5,2,141.76,49.05,92.71
465,2024-02-01,12,2,1,3,255.05,83.16,171.89
466,2024-02-01,12,2,3,1,73.73,24.87,48.86
467,2024-02-01,12,2,4,5,377.58,119.26,258.32
468,2024-02-01,12,2,5,1,69.92,24.12,45.8
469,2024-02-01,12,3,2,3,260.96,86.83,174.13
470,2024-02-01,12,3,3,2,171.33,54.59,116.74
471,2024-02-01,12,3,4,5,366.34,126.68,239.66
472,2024-02-01,12,3,5,1,72.55,26.41,46.14
473,2024-02-01,12,4,3,2,177.61,57.26,120.35
474,2024-02-01,12,4,4,6,524.88,164.51,360.37
475,2024-02-01,12,4,5,3,268.94,84.13,184.81
476,2024-02-01,12,5,4,2,127.55,48.51,79.04
477,2024-02-01,12,5,5,1,64.63,24.06,40.57
478,2024-02-01,13,1,2,4,212.89,69.27,143.62
479,2024-02-01,13,1,3,3,147.48,50.68,96.8
480,2024-02-01,13,1,4,7,394.65,129.0,265.65
481,2024-02-01,13,1,5,4,180.49,67.54,112.95
482,2024-02-01,13,2,2,1,62.32,20.57,41.75
483,2024-02-01,13,2,4,1,53.19,16.99,36.2
484,2024-02-01,13,2,5,1,58.97,18.85,40.12
485,2024-02-01,13,3,1,1,62.04,21.33,40.71
486,2024-02-01,13,3,2,8,432.69,144.38,288.31
487,2024-02-01,13,3,4,5,264.23,91.46,172.77
488,2024-02-01,13,3,5,1,53.78,19.09,34.69
489,2024-02-01,13,4,3,1,62.1,19.64,42.46
490,2024-02-01,13,4,4,1,53.56,19.13,34.43
491,2024-02-01,13,5,2,1,50.23,18.5,31.73
492,2024-02-01,13,5,4,4,179.91,67.44,112.47
493,2024-02-01,14,1,1,1,27.7,9.04,18.66
494,2024-02-01,14,1,2,5,124.36,46.21,78.15
495,2024-02-01,14,1,3,2,48.85,17.36,31.49
496,2024-02-01,14,1,4,7,190.6,63.66,126.94
497,2024-02-01,14,1,5,4,125.16,41.89,83.27
498,2024-02-01,14,2,1,1,28.25,10.04,18.21
499,2024-02-01,14,2,4,9,266.75,86.97,179.78
500,2024-02-01,14,2,5,1,26.61,8.89,17.72
501,2024-02-01,14,3,2,2,59.68,19.54,40.14
502,2024-02-01,14,3,3,3,82.75,28.33,54.42
503,2024-02-01,14,3,4,3,72.49,26.55,45.94
504,2024-02-01,14,3,5,2,52.9,19.47,33.43
505,2024-02-01,14,4,3,5,151.68,50.14,101.54
506,2024-02-01,14,4,4,2,56.5,18.31,38.19
507,2024-02-01,14,4,5,3,91.88,30.62,61.26
508,2024-02-01,14,5,4,6,164.36,57.13,107.23
509,2024-02-01,15,1,1,3,153.88,60.71,93.17
510,2024-02-01,15,1,2,4,217.07,81.54,135.53
511,2024-02-01,15,1,3,2,112.02,38.35,73.67
512,2024-02-01,15,1,4,3,133.04,51.86,81.18
513,2024-02-01,15,1,5,5,252.17,98.09,154.08
514,2024-02-01,15,2,1,1,58.11,23.52,34.59
515,2024-02-01,15,2,2,4,239.77,87.54,152.23
516,2024-02-01,15,2,4,8,411.48,159.57,251.91
517,2024-02-01,15,2,5,3,168.89,61.63,107.26
518,2024-02-01,15,3,4,7,387.58,140.94,246.64
519,2024-02-01,15,3,5,3,176.33,66.87,109.46
520,2024-02-01,15,4,2,4,255.38,89.97,165.41
521,2024-02-01,15,4,3,1,60.04,21.16,38.88
522,2024-02-01,15,4,4,6,359.0,125.64,233.36
523,2024-02-01,15,4,5,2,118.01,43.5,74.51
524,2024-02-01,15,5,2,2,104.62,41.67,62.95
525,2024-02-01,15,5,4,1,50.75,19.77,30.98
526,2024-02-01,15,5,5,1,44.97,19.6,25.37
527,2024-03-01,1,1,2,5,314.28,112.32,201.96
528,2024-03-01,1,1,3,2,110.09,42.81,67.28
529,2024-03-01,1,1,4,3,214.0,82.43,131.57
530,2024-03-01,1,1,5,5,307.53,111.81,195.72
531,2024-03-01,1,2,1,2,131.39,51.59,79.8
532,2024-03-01,1,2,2,3,200.18,72.96,127.22
533,2024-03-01,1,2,4,7,497.84,179.69,318.15
534,2024-03-01,1,2,5,2,130.73,46.54,84.19
535,2024-03-01,1,3,1,1,76.78,28.71,48.07
536,2024-03-01,1,3,2,2,152.57,53.79,98.78
537,2024-03-01,1,3,3,1,63.66,24.56,39.1
538,2024-03-01,1,3,4,11,745.36,268.91,476.45
539,2024-03-01,1,4,1,1,80.54,29.34,51.2
540,2024-03-01,1,4,2,1,78.38,26.19,52.19
541,2024-03-01,1,4,3,1,72.37,24.48,47.89
542,2024-03-01,1,4,4,9,599.01,215.53,383.48
543,2024-03-01,1,4,5,2,134.43,47.86,86.57
544,2024-03-01,1,5,2,5,281.35,121.68,159.67
545,2024-03-01,1,5,4,1,52.03,22.67,29.36
546,2024-03-01,1,5,5,3,169.89,70.37,99.52
547,2024-03-01,2,1,1,1,106.43,42.56,63.87
548,2024-03-01,2,1,2,1,104.2,40.62,63.58
549,2024-03-01,2,1,3,1,110.84,37.4,73.44
550,2024-03-01,2,1,4,3,417.46,141.69,275.77
551,2024-03-01,2,1,5,5,597.13,223.17,373.96
552,2024-03-01,2,2,2,5,587.5,218.78,368.72
553,2024-03-01,2,2,4,4,421.55,154.49,267.06
554,2024-03-01,2,2,5,3,311.43,117.1,194.33
555,2024-03-01,2,3,2,3,370.67,142.15,228.52
556,2024-03-01,2,3,3,3,372.97,133.4,239.57
557,2024-03-01,2,3,4,5,571.99,208.12,363.87
558,2024-03-01,2,4,2,2,253.39,93.04,160.35
559,2024-03-01,2,4,4,3,331.8,122.1,209.7
560,2024-03-01,2,4,5,4,475.09,175.11,299.98
561,2024-03-01,2,5,3,3,318.34,123.76,194.58
562,2024-03-01,2,5,4,5,456.94,198.79,258.15
563,2024-03-01,2,5,5,3,281.19,111.86,169.33
564,2024-03-01,3,1,2,3,152.56,51.49,101.07
565,2024-03-01,3,1,3,2,96.38,33.15,63.23
566,2024-03-01,3,1,4,11,550.49,201.58,348.91
567,2024-03-01,3,1,5,3,171.51,65.15,106.36
568,2024-03-01,3,2,1,2,111.03,41.31,69.72
569,2024-03-01,3,2,2,5,261.6,96.64,164.96
570,2024-03-01,3,2,3,7,349.15,124.98,224.17
571,2024-03-01,3,2,4,9,490.19,168.86,321.33
572,2024-03-01,3,2,5,3,147.99,51.69,96.3
573,2024-03-01,3,3,1,2,125.96,40.83,85.13
574,2024-03-01,3,3,2,3,180.83,60.27,120.56
575,2024-03-01,3,4,1,1,56.6,20.99,35.61
576,2024-03-01,3,4,2,2,119.57,41.09,78.48
577,2024-03-01,3,4,4,2,100.84,36.48,64.36
578,2024-03-01,3,4,5,2,115.3,39.65,75.65
579,2024-03-01,3,5,1,3,149.0,53.71,95.29
580,2024-03-01,3,5,2,1,54.32,18.83,35.49
581,2024-03-01,3,5,5,3,126.27,52.76,73.51
582,2024-03-01,4,1,2,2,155.8,60.02,95.78
583,2024-03-01,4,1,4,5,442.35,166.85,275.5
584,2024-03-01,4,1,5,2,144.58,54.68,89.9
585,2024-03-01,4,2,1,2,164.41,62.74,101.67
586,2024-03-01,4,2,2,5,432.96,164.0,268.96
587,2024-03-01,4,2,4,2,155.56,57.63,97.93
588,2024-03-01,4,2,5,2,155.61,59.58,96.03
589,2024-03-01,4,3,2,1,93.82,34.87,58.95
590,2024-03-01,4,3,4,2,170.58,62.07,108.51
591,2024-03-01,4,3,5,3,232.57,93.67,138.9
592,2024-03-01,4,4,2,3,283.37,104.96,178.41
593,2024-03-01,4,4,4,5,434.87,152.62,282.25
594,2024-03-01,4,4,5,1,91.57,32.13,59.44
595,2024-03-01,4,5,2,2,165.73,63.88,101.85
596,2024-03-01,4,5,5,1,78.96,30.34,48.62
597,2024-03-01,5,1,1,1,89.92,36.36,53.56
598,2024-03-01,5,1,2,1,87.82,35.86,51.96
599,2024-03-01,5,1,3,1,80.67,31.71,48.96
600,2024-03-01,5,1,4,8,673.19,293.62,379.57
601,2024-03-01,5,1,5,2,176.16,67.8,108.36
602,2024-03-01,5,2,2,4,405.27,153.44,251.83
603,2024-03-01,5,2,3,7,610.4,250.95,359.45
604,2024-03-01,5,2,4,8,751.45,308.6,442.85
605,2024-03-01,5,2,5,3,270.68,106.47,164.21
606,2024-03-01,5,3,1,1,96.35,40.28,56.07
607,2024-03-01,5,3,2,2,196.43,80.52,115.91
608,2024-03-01,5,3,4,8,749.07,306.71,442.36
609,2024-03-01,5,4,3,5,512.35,205.99,306.36
610,2024-03-01,5,4,4,4,370.3,155.26,215.04
611,2024-03-01,5,4,5,2,187.69,77.84,109.85
612,2024-03-01,5,5,2,1,85.83,37.32,48.51
613,2024-03-01,5,5,4,3,216.33,97.65,118.68
614,2024-03-01,5,5,5,4,315.73,130.7,185.03
615,2024-03-01,6,1,2,2,137.28,58.46,78.82
616,2024-03-01,6,1,4,7,498.68,201.6,297.08
617,2024-03-01,6,1,5,2,124.26,53.29,70.97
618,2024-03-01,6,2,2,1,70.83,31.39,39.44
619,2024-03-01,6,2,3,1,73.67,29.95,43.72
620,2024-03-01,6,2,5,2,135.35,61.29,74.06
621,2024-03-01,6,3,3,2,144.01,59.99,84.02
622,2024-03-01,6,3,4,1,69.49,28.12,41.37
623,2024-03-01,6,3,5,1,75.78,28.0,47.78
624,2024-03-01,6,4,2,3,262.34,99.22,163.12
625,2024-03-01,6,4,4,3,215.4,85.52,129.88
626,2024-03-01,6,5,1,1,73.43,31.81,41.62
627,2024-03-01,6,5,2,3,204.86,87.57,117.29
628,2024-03-01,6,5,4,6,371.43,165.14,206.29
629,2024-03-01,6,5,5,1,60.52,27.96,32.56
630,2024-03-01,7,1,1,5,217.59,81.98,135.61
631,2024-03-01,7,1,2,4,177.04,62.17,114.87
632,2024-03-01,7,1,3,5,253.4,91.86,161.54
633,2024-03-01,7,1,4,4,201.8,74.41,127.39
634,2024-03-01,7,1,5,3,121.31,44.88,76.43
635,2024-03-01,7,2,1,4,198.92,77.63,121.29
636,2024-03-01,7,2,2,4,208.06,72.27,135.79
637,2024-03-01,7,2,3,1,45.81,16.01,29.8
638,2024-03-01,7,2,4,2,86.9,31.05,55.85
639,2024-03-01,7,2,5,2,83.47,31.5,51.97
640,2024-03-01,7,3,2,2,96.48,35.67,60.81
641,2024-03-01,7,3,3,3,148.79,50.71,98.08
642,2024-03-01,7,3,4,2,87.1,32.7,54.4
643,2024-03-01,7,3,5,4,193.96,71.12,122.84
644,2024-03-01,7,4,1,4,165.42,62.5,102.92
645,2024-03-01,7,4,2,4,212.82,76.89,135.93
646,2024-03-01,7,4,3,1,50.87,17.1,33.77
647,2024-03-01,7,4,4,4,195.64,72.6,123.04
648,2024-03-01,7,4,5,2,94.5,35.18,59.32
649,2024-03-01,7,5,2,5,218.9,82.92,135.98
650,2024-03-01,7,5,4,4,158.12,61.27,96.85
651,2024-03-01,7,5,5,1,44.05,15.87,28.18
652,2024-03-01,8,1,1,3,125.95,54.26,71.69
653,2024-03-01,8,1,2,1,42.36,16.91,25.45
654,2024-03-01,8,1,3,7,311.41,118.48,192.93
655,2024-03-01,8,1,4,7,312.62,122.16,190.46
656,2024-03-01,8,1,5,3,132.79,49.31,83.48
657,2024-03-01,8,2,1,1,49.3,18.68,30.62
658,2024-03-01,8,2,2,3,154.56,57.9,96.66
659,2024-03-01,8,2,3,1,53.23,18.45,34.78
660,2024-03-01,8,2,4,11,571.69,205.32,366.37
661,2024-03-01,8,2,5,1,44.09,18.15,25.94
662,2024-03-01,8,3,2,3,153.54,58.07,95.47
663,2024-03-01,8,3,4,2,95.41,36.71,58.7
664,2024-03-01,8,4,2,3,180.97,64.96,116.01
665,2024-03-01,8,4,3,1,57.14,19.54,37.6
666,2024-03-01,8,4,4,3,143.84,56.18,87.66
667,2024-03-01,8,5,1,1,50.81,18.24,32.57
668,2024-03-01,8,5,2,1,41.8,17.69,24.11
669,2024-03-01,8,5,3,2,88.25,34.27,53.98
670,2024-03-01,8,5,4,9,436.06,165.99,270.07
671,2024-03-01,8,5,5,6,250.79,108.17,142.62
672,2024-03-01,9,1,2,4,249.05,101.47,147.58
673,2024-03-01,9,1,3,1,56.37,23.56,32.81
674,2024-03-01,9,1,4,2,114.82,45.61,69.21
675,2024-03-01,9,1,5,5,385.61,141.3,244.31
676,2024-03-01,9,2,2,1,71.87,27.64,44.23
677,2024-03-01,9,2,3,4,261.37,104.54,156.83
678,2024-03-01,9,2,4,5,317.14,121.26,195.88
679,2024-03-01,9,3,2,2,149.76,62.56,87.2
680,2024-03-01,9,3,3,1,78.87,28.69,50.18
681,2024-03-01,9,3,4,1,73.67,26.94,46.73
682,2024-03-01,9,3,5,1,67.95,28.88,39.07
683,2024-03-01,9,4,3,2,149.71,60.22,89.49
684,2024-03-01,9,4,4,8,573.95,214.82,359.13
685,2024-03-01,9,5,3,2,124.83,52.12,72.71
686,2024-03-01,9,5,4,5,298.09,123.88,174.21
687,2024-03-01,9,5,5,1,67.23,25.5,41.73
688,2024-03-01,10,1,1,1,57.09,20.81,36.28
689,2024-03-01,10,1,2,3,174.98,62.03,112.95
690,2024-03-01,10,1,4,5,317.78,111.23,206.55
691,2024-03-01,10,2,1,1,63.76,24.17,39.59
692,2024-03-01,10,2,4,6,388.14,136.95,251.19
693,2024-03-01,10,2,5,1,63.16,22.05,41.11
694,2024-03-01,10,3,2,3,198.26,72.81,125.45
695,2024-03-01,10,3,4,4,215.9,83.75,132.15
696,2024-03-01,10,4,3,1,66.26,23.42,42.84
697,2024-03-01,10,4,5,3,190.87,67.78,123.09
698,2024-03-01,10,5,4,5,294.8,118.96,175.84
699,2024-03-01,10,5,5,2,107.76,41.09,66.67
700,2024-03-01,11,1,2,1,36.07,12.23,23.84
701,2024-03-01,11,1,3,1,36.76,11.69,25.07
702,2024-03-01,11,1,4,6,250.35,77.86,172.49
703,2024-03-01,11,1,5,4,133.29,45.0,88.29
704,2024-03-01,11,2,2,1,43.78,12.61,31.17
705,2024-03-01,11,2,3,2,82.44,25.32,57.12
706,2024-03-01,11,2,4,6,274.91,78.11,196.8
707,2024-03-01,11,3,2,1,45.24,13.34,31.9
708,2024-03-01,11,3,3,2,82.51,25.19,57.32
709,2024-03-01,11,3,4,3,120.63,36.4,84.23
710,2024-03-01,11,3,5,5,214.99,62.24,152.75
711,2024-03-01,11,4,1,2,93.9,27.59,66.31
712,2024-03-01,11,4,4,2,89.05,24.95,64.1
713,2024-03-01,11,4,5,6,256.16,76.17,179.99
714,2024-03-01,11,5,3,1,38.36,11.8,26.56
715,2024-03-01,11,5,4,4,146.34,44.82,101.52
716,2024-03-01,11,5,5,6,209.79,71.6,138.19
717,2024-03-01,12,1,2,3,199.65,75.25,124.4
718,2024-03-01,12,1,3,6,422.76,147.67,275.09
719,2024-03-01,12,1,4,4,319.75,113.12,206.63
720,2024-03-01,12,1,5,6,469.54,163.14,306.4
721,2024-03-01,12,2,1,1,88.6,29.01,59.59
722,2024-03-01,12,2,2,5,401.63,134.79,266.84
723,2024-03-01,12,2,3,4,328.32,109.15,219.17
724,2024-03-01,12,2,4,13,1074.63,356.83,717.8
725,2024-03-01,12,2,5,2,168.78,52.72,116.06
726,2024-03-01,12,3,2,8,594.37,211.89,382.48
727,2024-03-01,12,3,3,4,339.94,109.55,230.39
728,2024-03-01,12,3,4,6,454.39,160.42,293.97
729,2024-03-01,12,3,5,2,166.46,55.14,111.32
730,2024-03-01,12,4,1,1,87.05,30.23,56.82
731,2024-03-01,12,4,2,2,180.89,59.52,121.37
732,2024-03-01,12,4,4,2,166.98,55.88,111.1
733,2024-03-01,12,5,4,2,131.85,49.46,82.39
734,2024-03-01,12,5,5,6,455.5,148.68,306.82
735,2024-03-01,13,1,3,2,100.69,36.17,64.52
736,2024-03-01,13,1,4,2,91.5,31.17,60.33
737,2024-03-01,13,1,5,1,50.06,17.35,32.71
738,2024-03-01,13,2,1,2,115.83,40.54,75.29
739,2024-03-01,13,2,2,5,300.65,98.14,202.51
740,2024-03-01,13,2,4,4,214.49,71.24,143.25
741,2024-03-01,13,2,5,2,118.77,36.92,81.85
742,2024-03-01,13,3,2,1,66.61,21.55,45.06
743,2024-03-01,13,3,3,2,107.95,38.26,69.69
744,2024-03-01,13,3,4,2,114.75,38.2,76.55
745,2024-03-01,13,4,2,1,65.74,21.1,44.64
746,2024-03-01,13,5,4,5,297.66,103.49,194.17
747,2024-03-01,13,5,5,2,98.89,36.05,62.84
748,2024-03-01,14,1,1,1,23.54,9.32,14.22
749,2024-03-01,14,1,2,7,210.1,69.89,140.21
750,2024-03-01,14,1,3,8,221.62,74.41,147.21
751,2024-03-01,14,1,4,14,383.83,132.51,251.32
752,2024-03-01,14,1,5,3,74.68,24.96,49.72
753,2024-03-01,14,2,2,1,26.82,10.29,16.53
754,2024-03-01,14,2,3,3,82.64,28.26,54.38
755,2024-03-01,14,2,4,4,100.88,33.52,67.36
756,2024-03-01,14,3,2,1,28.5,10.43,18.07
757,2024-03-01,14,3,3,1,26.16,10.03,16.13
758,2024-03-01,14,3,4,5,127.0,45.48,81.52
759,2024-03-01,14,3,5,2,53.13,20.45,32.68
760,2024-03-01,14,4,4,5,145.97,47.7,98.27
761,2024-03-01,14,4,5,1,27.78,9.48,18.3
762,2024-03-01,14,5,1,1,26.99,10.19,16.8
763,2024-03-01,14,5,2,1,28.04,10.26,17.78
764,2024-03-01,14,5,4,2,48.18,17.72,30.46
765,2024-03-01,14,5,5,1,25.45,8.58,16.87
766,2024-03-01,15,1,3,1,53.66,19.91,33.75
767,2024-03-01,15,1,4,12,683.23,260.38,422.85
768,2024-03-01,15,1,5,4,206.26,75.15,131.11
769,2024-03-01,15,2,1,2,127.09,46.73,80.36
770,2024-03-01,15,2,3,4,230.1,82.5,147.6
771,2024-03-01,15,2,4,2,109.36,39.39,69.97
772,2024-03-01,15,2,5,2,113.98,40.15,73.83
773,2024-03-01,15,3,1,1,68.51,23.78,44.73
774,2024-03-01,15,3,3,1,53.31,20.69,32.62
775,2024-03-01,15,4,1,1,63.74,24.55,39.19
776,2024-03-01,15,4,2,1,61.13,22.7,38.43
777,2024-03-01,15,4,4,2,109.89,41.5,68.39
778,2024-03-01,15,4,5,1,66.1,22.71,43.39
779,2024-03-01,15,5,2,1,47.03,20.91,26.12
780,2024-03-01,15,5,5,4,194.93,74.04,120.89
781,2024-04-01,1,1,1,3,186.93,75.64,111.29
782,2024-04-01,1,1,2,2,119.2,46.97,72.23
783,2024-04-01,1,1,4,8,496.53,190.32,306.21
784,2024-04-01,1,1,5,4,237.84,84.35,153.49
785,2024-04-01,1,2,2,2,131.08,49.37,81.71
786,2024-04-01,1,2,4,4,237.66,91.11,146.55
787,2024-04-01,1,3,2,2,137.68,52.9,84.78
788,2024-04-01,1,3,3,2,135.92,53.21,82.71
789,2024-04-01,1,3,4,3,192.1,69.68,122.42
790,2024-04-01,1,3,5,4,258.88,96.78,162.1
791,2024-04-01,1,4,1,2,151.79,56.85,94.94
792,2024-04-01,1,4,2,2,148.4,53.61,94.79
793,2024-04-01,1,4,4,2,129.73,50.19,79.54
794,2024-04-01,1,4,5,2,140.45,53.45,87.0
795,2024-04-01,1,5,1,1,73.02,26.52,46.5
796,2024-04-01,1,5,2,1,62.11,24.82,37.29
797,2024-04-01,1,5,5,3,178.7,69.64,109.06
798,2024-04-01,2,1,1,1,114.72,42.48,72.24
799,2024-04-01,2,1,2,3,296.67,120.6,176.07
800,2024-04-01,2,1,3,2,173.43,75.64,97.79
801,2024-04-01,2,1,4,8,829.01,309.98,519.03
802,2024-04-01,2,1,5,5,506.05,187.21,318.84
803,2024-04-01,2,2,1,1,117.5,44.16,73.34
804,2024-04-01,2,2,2,1,123.64,43.02,80.62
805,2024-04-01,2,2,4,5,516.42,202.46,313.96
806,2024-04-01,2,3,1,1,134.95,50.25,84.7
807,2024-04-01,2,3,2,1,114.05,45.3,68.75
808,2024-04-01,2,4,1,6,665.93,254.03,411.9
809,2024-04-01,2,4,2,4,521.3,193.04,328.26
810,2024-04-01,2,5,1,2,201.89,84.35,117.54
811,2024-04-01,2,5,2,3,331.05,136.22,194.83
812,2024-04-01,2,5,4,1,90.82,39.96,50.86
813,2024-04-01,2,5,5,3,248.84,117.39,131.45
814,2024-04-01,3,1,1,5,260.3,90.5,169.8
815,2024-04-01,3,1,2,2,98.39,36.79,61.6
816,2024-04-01,3,1,3,4,183.07,64.02,119.05
817,2024-04-01,3,1,4,2,85.31,32.06,53.25
818,2024-04-01,3,1,5,6,304.77,117.52,187.25
819,2024-04-01,3,2,2,4,207.91,76.06,131.85
820,2024-04-01,3,2,3,3,159.48,55.13,104.35
821,2024-04-01,3,2,4,8,388.68,145.19,243.49
822,2024-04-01,3,2,5,4,200.2,71.39,128.81
823,2024-04-01,3,3,1,1,58.21,20.85,37.36
824,2024-04-01,3,3,2,1,58.55,19.01,39.54
825,2024-04-01,3,3,3,1,53.66,18.46,35.2
826,2024-04-01,3,3,4,7,367.16,129.37,237.79
827,2024-04-01,3,3,5,2,104.45,38.28,66.17
828,2024-04-01,3,4,2,5,244.31,85.46,158.85
829,2024-04-01,3,4,3,3,166.46,57.6,108.86
830,2024-04-01,3,4,4,5,273.35,92.76,180.59
831,2024-04-01,3,4,5,4,214.29,77.6,136.69
832,2024-04-01,3,5,2,3,135.44,54.02,81.42
833,2024-04-01,3,5,4,4,167.71,68.33,99.38
834,2024-04-01,3,5,5,4,177.12,68.76,108.36
835,2024-04-01,4,1,2,6,434.29,176.46,257.83
836,2024-04-01,4,1,3,3,238.9,81.93,156.97
837,2024-04-01,4,1,4,6,458.43,187.58,270.85
838,2024-04-01,4,1,5,2,148.46,52.31,96.15
839,2024-04-01,4,2,2,2,168.34,64.96,103.38
840,2024-04-01,4,2,4,5,369.43,145.49,223.94
841,2024-04-01,4,2,5,2,176.43,61.95,114.48
842,2024-04-01,4,3,3,4,332.48,125.11,207.37
843,2024-04-01,4,3,4,6,500.01,177.68,322.33
844,2024-04-01,4,3,5,2,161.97,65.64,96.33
845,2024-04-01,4,4,4,3,271.22,98.78,172.44
846,2024-04-01,4,5,1,1,88.85,30.34,58.51
847,2024-04-01,4,5,2,2,150.13,62.68,87.45
848,2024-04-01,4,5,5,2,141.65,55.07,86.58
849,2024-04-01,5,1,1,3,275.71,117.7,158.01
850,2024-04-01,5,1,2,8,735.54,322.15,413.39
851,2024-04-01,5,1,3,1,91.72,33.87,57.85
852,2024-04-01,5,1,4,11,959.47,402.5,556.97
853,2024-04-01,5,1,5,3,308.97,131.08,177.89
854,2024-04-01,5,2,1,3,298.03,117.95,180.08
855,2024-04-01,5,2,2,2,210.9,82.12,128.78
856,2024-04-01,5,2,3,3,270.47,109.15,161.32
857,2024-04-01,5,2,4,5,417.57,172.94,244.63
858,2024-04-01,5,2,5,4,331.02,143.53,187.49
859,2024-04-01,5,3,3,1,103.28,38.95,64.33
860,2024-04-01,5,3,4,4,349.82,145.75,204.07
861,2024-04-01,5,3,5,1,93.81,38.99,54.82
862,2024-04-01,5,4,3,3,313.76,116.09,197.67
863,2024-04-01,5,4,4,1,96.3,39.03,57.27
864,2024-04-01,5,4,5,4,403.43,158.3,245.13
865,2024-04-01,5,5,1,3,262.59,122.48,140.11
866,2024-04-01,5,5,2,1,75.4,36.32,39.08
867,2024-04-01,5,5,3,2,157.37,70.94,86.43
868,2024-04-01,5,5,4,4,326.02,134.72,191.3
869,2024-04-01,5,5,5,1,81.78,36.91,44.87
870,2024-04-01,6,1,2,2,148.18,59.8,88.38
871,2024-04-01,6,1,3,1,64.8,26.9,37.9
872,2024-04-01,6,1,4,2,123.19,53.12,70.07
873,2024-04-01,6,1,5,2,125.72,51.57,74.15
874,2024-04-01,6,2,2,2,147.95,62.6,85.35
875,2024-04-01,6,2,4,5,340.27,139.35,200.92
876,2024-04-01,6,2,5,2,138.58,57.53,81.05
877,2024-04-01,6,3,2,2,148.13,66.2,81.93
878,2024-04-01,6,3,3,2,158.75,61.2,97.55
879,2024-04-01,6,3,4,3,216.59,89.01,127.58
880,2024-04-01,6,3,5,4,280.74,116.55,164.19
881,2024-04-01,6,4,4,1,72.77,30.71,42.06
882,2024-04-01,6,4,5,1,84.91,29.77,55.14
883,2024-04-01,6,5,1,4,291.19,120.85,170.34
884,2024-04-01,6,5,2,3,202.2,90.31,111.89
885,2024-04-01,6,5,3,1,63.72,29.54,34.18
886,2024-04-01,7,1,1,2,93.65,34.93,58.72
887,2024-04-01,7,1,2,1,44.01,16.75,27.26
888,2024-04-01,7,1,4,6,275.11,105.94,169.17
889,2024-04-01,7,2,1,2,110.22,37.15,73.07
890,2024-04-01,7,2,2,6,293.93,101.83,192.1
891,2024-04-01,7,2,3,3,126.52,50.23,76.29
892,2024-04-01,7,2,4,6,307.72,106.47,201.25
893,2024-04-01,7,2,5,2,89.76,32.97,56.79
894,2024-04-01,7,3,4,1,44.72,16.68,28.04
895,2024-04-01,7,4,1,1,53.37,19.26,34.11
896,2024-04-01,7,4,2,2,106.64,37.72,68.92
897,2024-04-01,7,4,4,3,148.05,50.76,97.29
898,2024-04-01,7,4,5,2,110.31,36.82,73.49
899,2024-04-01,7,5,4,15,647.01,246.13,400.88
900,2024-04-01,7,5,5,4,151.03,63.15,87.88
901,2024-04-01,8,1,1,1,47.36,18.28,29.08
902,2024-04-01,8,1,2,2,94.91,36.62,58.29
903,2024-04-01,8,1,3,1,45.55,17.65,27.9
904,2024-04-01,8,1,4,8,374.12,141.53,232.59
905,2024-04-01,8,1,5,3,166.62,63.12,103.5
906,2024-04-01,8,2,1,3,153.72,58.12,95.6
907,2024-04-01,8,2,2,3,156.45,56.34,100.11
908,2024-04-01,8,2,4,11,563.79,207.1,356.69
909,2024-04-01,8,2,5,5,237.89,90.19,147.7
910,2024-04-01,8,3,2,2,108.11,40.85,67.26
911,2024-04-01,8,3,3,2,96.22,36.23,59.99
912,2024-04-01,8,3,4,9,470.98,176.55,294.43
913,2024-04-01,8,3,5,1,50.75,18.23,32.52
914,2024-04-01,8,4,2,1,56.01,19.88,36.13
915,2024-04-01,8,4,4,3,151.58,53.75,97.83
916,2024-04-01,8,4,5,4,213.04,73.79,139.25
917,2024-04-01,8,5,4,4,163.99,69.73,94.26
918,2024-04-01,8,5,5,3,120.73,52.67,68.06
919,2024-04-01,9,1,3,1,59.5,25.27,34.23
920,2024-04-01,9,1,4,4,278.25,112.52,165.73
921,2024-04-01,9,1,5,2,129.36,50.67,78.69
922,2024-04-01,9,2,1,4,305.4,115.32,190.08
923,2024-04-01,9,2,2,2,143.07,54.62,88.45
924,2024-04-01,9,2,3,4,268.34,106.35,161.99
925,2024-04-01,9,2,4,7,463.25,178.31,284.94
926,2024-04-01,9,2,5,7,470.9,184.28,286.62
927,2024-04-01,9,3,1,1,80.26,31.0,49.26
928,2024-04-01,9,3,3,3,203.51,82.9,120.61
929,2024-04-01,9,3,5,1,67.85,26.75,41.1
930,2024-04-01,9,4,2,1,78.58,28.59,49.99
931,2024-04-01,9,4,3,8,532.03,209.62,322.41
932,2024-04-01,9,4,4,4,304.43,109.73,194.7
933,2024-04-01,9,5,1,4,272.43,113.44,158.99
934,2024-04-01,9,5,2,4,250.12,108.67,141.45
935,2024-04-01,9,5,5,3,178.99,73.64,105.35
936,2024-04-01,10,1,1,4,228.01,91.52,136.49
937,2024-04-01,10,1,2,2,111.38,40.7,70.68
938,2024-04-01,10,1,3,1,58.66,21.1,37.56
939,2024-04-01,10,1,4,3,185.49,74.35,111.14
940,2024-04-01,10,1,5,1,59.61,20.15,39.46
941,2024-04-01,10,2,1,1,63.66,24.61,39.05
942,2024-04-01,10,2,4,2,110.46,38.49,71.97
943,2024-04-01,10,3,2,1,60.82,23.47,37.35
944,2024-04-01,10,3,4,7,408.48,151.08,257.4
945,2024-04-01,10,4,2,1,71.33,24.3,47.03
946,2024-04-01,10,4,5,2,137.02,46.25,90.77
947,2024-04-01,10,5,2,1,61.16,21.85,39.31
948,2024-04-01,10,5,4,1,45.33,19.93,25.4
949,2024-04-01,10,5,5,1,53.48,19.83,33.65
950,2024-04-01,11,1,1,2,76.61,25.59,51.02
951,2024-04-01,11,1,2,7,272.07,84.59,187.48
952,2024-04-01,11,1,3,1,40.35,11.61,28.74
953,2024-04-01,11,1,4,4,175.02,56.35,118.67
954,2024-04-01,11,1,5,2,71.96,22.8,49.16
955,2024-04-01,11,2,4,4,148.65,44.52,104.13
956,2024-04-01,11,2,5,3,111.86,34.47,77.39
957,2024-04-01,11,3,1,4,174.5,54.23,120.27
958,2024-04-01,11,3,3,4,156.21,51.62,104.59
959,2024-04-01,11,3,4,3,122.58,36.54,86.04
960,2024-04-01,11,3,5,2,84.68,25.31,59.37
961,2024-04-01,11,4,4,1,41.46,12.36,29.1
962,2024-04-01,11,5,1,2,88.84,26.07,62.77
963,2024-04-01,11,5,2,2,90.78,25.86,64.92
964,2024-04-01,11,5,3,1,36.4,11.79,24.61
965,2024-04-01,11,5,4,10,366.92,119.79,247.13
966,2024-04-01,11,5,5,1,40.17,11.82,28.35
967,2024-04-01,12,1,1,3,220.6,74.87,145.73
968,2024-04-01,12,1,2,4,322.09,102.78,219.31
969,2024-04-01,12,1,4,3,258.93,90.99,167.94
970,2024-04-01,12,1,5,2,146.61,46.64,99.97
971,2024-04-01,12,2,2,3,249.33,85.47,163.86
972,2024-04-01,12,2,4,1,80.14,25.78,54.36
973,2024-04-01,12,2,5,5,405.32,132.15,273.17
974,2024-04-01,12,3,2,1,77.78,28.63,49.15
975,2024-04-01,12,3,4,2,169.31,53.2,116.11
976,2024-04-01,12,3,5,2,147.18,52.42,94.76
977,2024-04-01,12,4,2,3,278.98,88.96,190.02
978,2024-04-01,12,4,3,1,85.83,28.01,57.82
979,2024-04-01,12,4,4,5,415.66,135.31,280.35
980,2024-04-01,12,4,5,1,84.92,28.2,56.72
981,2024-04-01,12,5,3,1,72.8,23.89,48.91
982,2024-04-01,12,5,4,4,268.18,92.73,175.45
983,2024-04-01,12,5,5,3,209.5,73.15,136.35
984,2024-04-01,13,1,1,5,268.03,93.18,174.85
985,2024-04-01,13,1,2,4,211.32,74.1,137.22
986,2024-04-01,13,1,4,4,224.59,77.13,147.46
987,2024-04-01,13,1,5,1,48.3,17.92,30.38
988,2024-04-01,13,2,1,1,61.87,21.24,40.63
989,2024-04-01,13,2,2,2,118.1,39.35,78.75
990,2024-04-01,13,2,3,2,111.41,36.45,74.96
991,2024-04-01,13,2,5,4,208.52,71.42,137.1
992,2024-04-01,13,3,1,2,111.42,41.82,69.6
993,2024-04-01,13,3,2,1,58.78,19.99,38.79
994,2024-04-01,13,3,4,2,108.71,38.13,70.58
995,2024-04-01,13,3,5,2,105.4,37.73,67.67
996,2024-04-01,13,4,1,2,124.95,45.23,79.72
997,2024-04-01,13,4,4,2,117.37,37.88,79.49
998,2024-04-01,13,4,5,1,61.41,20.89,40.52
999,2024-04-01,13,5,4,3,166.99,65.62,101.37
1000,2024-04-01,14,1,1,3,76.01,29.63,46.38
1001,2024-04-01,14,1,2,2,49.49,19.75,29.74
1002,2024-04-01,14,1,4,2,43.18,16.74,26.44
1003,2024-04-01,14,1,5,8,229.12,77.84,151.28
1004,2024-04-01,14,2,1,1,33.61,10.25,23.36
1005,2024-04-01,14,2,2,3,89.22,29.48,59.74
1006,2024-04-01,14,2,3,1,26.49,9.42,17.07
1007,2024-04-01,14,2,4,7,207.02,67.44,139.58
1008,2024-04-01,14,2,5,4,108.5,37.51,70.99
1009,2024-04-01,14,3,4,5,137.77,45.36,92.41
1010,2024-04-01,14,3,5,1,28.9,9.58,19.32
1011,2024-04-01,14,4,1,1,33.22,11.04,22.18
1012,2024-04-01,14,4,3,1,29.4,9.69,19.71
1013,2024-04-01,14,4,4,3,89.25,28.76,60.49
1014,2024-04-01,14,4,5,5,146.43,47.53,98.9
1015,2024-04-01,14,5,1,1,24.82,10.4,14.42
1016,2024-04-01,14,5,2,2,52.56,20.17,32.39
1017,2024-04-01,14,5,4,4,127.84,42.06,85.78
1018,2024-04-01,14,5,5,1,21.97,8.72,13.25
1019,2024-04-01,15,1,1,3,171.82,65.82,106.0
1020,2024-04-01,15,1,2,2,115.27,40.17,75.1
1021,2024-04-01,15,1,3,2,102.78,37.83,64.95
1022,2024-04-01,15,1,4,4,231.69,86.67,145.02
1023,2024-04-01,15,1,5,2,96.03,35.09,60.94
1024,2024-04-01,15,2,1,1,59.99,22.05,37.94
1025,2024-04-01,15,2,2,4,226.61,86.72,139.89
1026,2024-04-01,15,2,3,1,54.9,21.45,33.45
1027,2024-04-01,15,2,4,1,48.83,18.65,30.18
1028,2024-04-01,15,2,5,7,397.19,140.65,256.54
1029,2024-04-01,15,3,1,1,64.35,22.28,42.07
1030,2024-04-01,15,3,2,1,61.9,22.56,39.34
1031,2024-04-01,15,3,3,2,127.55,44.64,82.91
1032,2024-04-01,15,3,4,11,586.62,220.39,366.23
1033,2024-04-01,15,3,5,2,110.74,41.17,69.57
1034,2024-04-01,15,4,1,1,64.43,22.78,41.65
1035,2024-04-01,15,4,4,3,174.49,63.19,111.3
1036,2024-04-01,15,4,5,1,58.38,21.86,36.52
1037,2024-04-01,15,5,1,1,53.43,22.56,30.87
1038,2024-04-01,15,5,2,1,54.92,21.66,33.26
1039,2024-04-01,15,5,3,2,93.71,40.28,53.43
1040,2024-04-01,15,5,4,5,224.71,98.42,126.29
1041,2024-05-01,1,1,1,1,71.75,25.37,46.38
1042,2024-05-01,1,1,2,2,117.04,47.25,69.79
1043,2024-05-01,1,1,3,3,173.93,66.26,107.67
1044,2024-05-01,1,1,4,12,785.31,292.68,492.63
1045,2024-05-01,1,1,5,6,422.91,158.45,264.46
1046,2024-05-01,1,2,1,1,72.27,26.56,45.71
1047,2024-05-01,1,2,2,3,195.94,79.73,116.21
1048,2024-05-01,1,2,3,1,61.33,23.19,38.14
1049,2024-05-01,1,2,4,9,587.08,226.63,360.45
1050,2024-05-01,1,3,2,2,150.62,56.3,94.32
1051,2024-05-01,1,3,4,13,868.96,330.15,538.81
1052,2024-05-01,1,4,2,3,232.74,84.05,148.69
1053,2024-05-01,1,4,4,5,346.71,124.99,221.72
1054,2024-05-01,1,4,5,1,73.46,26.32,47.14
1055,2024-05-01,1,5,2,2,139.54,49.29,90.25
1056,2024-05-01,1,5,4,5,300.54,131.44,169.1
1057,2024-05-01,1,5,5,2,103.55,44.74,58.81
1058,2024-05-01,2,1,3,1,101.8,40.51,61.29
1059,2024-05-01,2,1,4,7,712.95,287.18,425.77
1060,2024-05-01,2,1,5,1,99.02,36.43,62.59
1061,2024-05-01,2,2,2,3,335.42,127.78,207.64
1062,2024-05-01,2,2,3,2,226.2,79.95,146.25
1063,2024-05-01,2,2,4,4,432.79,156.64,276.15
1064,2024-05-01,2,2,5,3,347.1,119.03,228.07
1065,2024-05-01,2,3,3,2,241.07,88.51,152.56
1066,2024-05-01,2,3,4,8,941.85,355.99,585.86
1067,2024-05-01,2,3,5,1,108.3,43.29,65.01
1068,2024-05-01,2,4,2,1,131.86,46.98,84.88
1069,2024-05-01,2,4,3,1,124.96,45.59,79.37
1070,2024-05-01,2,4,4,3,352.05,127.12,224.93
1071,2024-05-01,2,4,5,7,832.08,301.58,530.5
1072,2024-05-01,2,5,4,4,363.98,147.75,216.23
1073,2024-05-01,3,1,4,4,212.96,82.07,130.89
1074,2024-05-01,3,1,5,2,91.61,32.56,59.05
1075,2024-05-01,3,2,1,1,55.83,19.1,36.73
1076,2024-05-01,3,2,2,5,263.76,98.93,164.83
1077,2024-05-01,3,2,3,4,196.92,73.04,123.88
1078,2024-05-01,3,2,5,3,140.52,53.95,86.57
1079,2024-05-01,3,3,4,8,411.6,146.44,265.16
1080,2024-05-01,3,3,5,1,58.38,19.38,39.0
1081,2024-05-01,3,4,1,1,62.67,21.2,41.47
1082,2024-05-01,3,4,4,1,47.69,17.5,30.19
1083,2024-05-01,3,4,5,4,209.79,75.24,134.55
1084,2024-05-01,3,5,4,7,348.51,130.28,218.23
1085,2024-05-01,3,5,5,4,178.28,66.79,111.49
1086,2024-05-01,4,1,1,2,140.73,61.04,79.69
1087,2024-05-01,4,1,2,3,225.44,86.61,138.83
1088,2024-05-01,4,1,3,2,153.65,54.27,99.38
1089,2024-05-01,4,1,4,8,635.87,240.09,395.78
1090,2024-05-01,4,1,5,3,226.12,81.58,144.54
1091,2024-05-01,4,2,1,3,288.41,102.63,185.78
1092,2024-05-01,4,2,2,1,87.61,32.36,55.25
1093,2024-05-01,4,2,4,2,165.09,58.11,106.98
1094,2024-05-01,4,2,5,4,326.38,121.02,205.36
1095,2024-05-01,4,3,3,1,88.33,31.5,56.83
1096,2024-05-01,4,3,4,4,342.05,123.8,218.25
1097,2024-05-01,4,3,5,3,260.06,95.88,164.18
1098,2024-05-01,4,4,2,1,95.52,33.96,61.56
1099,2024-05-01,4,4,3,2,179.15,62.92,116.23
1100,2024-05-01,4,4,4,1,87.02,32.82,54.2
1101,2024-05-01,4,4,5,1,95.85,33.15,62.7
1102,2024-05-01,4,5,2,2,153.76,63.22,90.54
1103,2024-05-01,4,5,3,1,74.0,29.56,44.44
1104,2024-05-01,4,5,4,1,71.85,26.47,45.38
1105,2024-05-01,4,5,5,1,76.87,28.95,47.92
1106,2024-05-01,5,1,3,3,226.54,101.65,124.89
1107,2024-05-01,5,1,4,10,864.04,372.21,491.83
1108,2024-05-01,5,1,5,4,428.34,171.37,256.97
1109,2024-05-01,5,2,1,1,87.86,38.31,49.55
1110,2024-05-01,5,2,4,9,883.43,360.85,522.58
1111,2024-05-01,5,3,1,1,119.39,44.8,74.59
1112,2024-05-01,5,3,2,2,194.31,80.68,113.63
1113,2024-05-01,5,3,4,3,264.84,110.26,154.58
1114,2024-05-01,5,4,2,2,209.25,83.43,125.82
1115,2024-05-01,5,4,4,5,489.3,181.61,307.69
1116,2024-05-01,5,4,5,4,432.38,161.67,270.71
1117,2024-05-01,5,5,1,2,209.94,78.71,131.23
1118,2024-05-01,5,5,2,2,167.57,73.87,93.7
1119,2024-05-01,5,5,4,3,243.9,105.86,138.04
1120,2024-05-01,6,1,1,1,72.48,28.79,43.69
1121,2024-05-01,6,1,2,1,68.56,28.2,40.36
1122,2024-05-01,6,1,3,7,502.35,190.27,312.08
1123,2024-05-01,6,1,4,2,124.04,49.71,74.33
1124,2024-05-01,6,1,5,4,260.73,111.37,149.36
1125,2024-05-01,6,2,1,2,161.72,62.27,99.45
1126,2024-05-01,6,2,2,4,317.04,121.92,195.12
1127,2024-05-01,6,2,3,1,80.81,29.14,51.67
1128,2024-05-01,6,2,4,2,134.85,54.42,80.43
1129,2024-05-01,6,2,5,2,149.69,55.5,94.19
1130,2024-05-01,6,3,1,1,78.8,32.96,45.84
1131,2024-05-01,6,3,3,1,70.65,30.66,39.99
1132,2024-05-01,6,3,4,5,332.01,145.95,186.06
1133,2024-05-01,6,4,3,1,88.99,32.63,56.36
1134,2024-05-01,6,4,4,3,222.34,89.72,132.62
1135,2024-05-01,6,4,5,2,164.32,60.93,103.39
1136,2024-05-01,6,5,2,1,73.67,29.96,43.71
1137,2024-05-01,6,5,3,1,65.02,29.09,35.93
1138,2024-05-01,6,5,4,5,350.07,165.63,184.44
1139,2024-05-01,6,5,5,6,364.86,174.86,190.0
1140,2024-05-01,7,1,1,1,42.4,16.1,26.3
1141,2024-05-01,7,1,2,5,228.23,83.24,144.99
1142,2024-05-01,7,1,4,5,224.73,85.13,139.6
1143,2024-05-01,7,2,1,1,47.95,18.4,29.55
1144,2024-05-01,7,2,2,2,97.16,34.49,62.67
1145,2024-05-01,7,2,3,2,97.31,33.81,63.5
1146,2024-05-01,7,2,4,8,341.27,127.52,213.75
1147,2024-05-01,7,2,5,3,131.92,48.24,83.68
1148,2024-05-01,7,3,2,1,51.15,18.55,32.6
1149,2024-05-01,7,3,3,1,46.79,17.79,29.0
1150,2024-05-01,7,3,4,8,330.19,129.61,200.58
1151,2024-05-01,7,3,5,1,50.91,17.43,33.48
1152,2024-05-01,7,4,2,2,102.73,36.57,66.16
1153,2024-05-01,7,4,3,1,54.35,19.07,35.28
1154,2024-05-01,7,4,4,2,106.61,34.35,72.26
1155,2024-05-01,7,4,5,2,100.06,35.11,64.95
1156,2024-05-01,7,5,2,2,83.43,34.68,48.75
1157,2024-05-01,7,5,4,11,510.21,190.41,319.8
1158,2024-05-01,7,5,5,4,165.08,67.15,97.93
1159,2024-05-01,8,1,2,1,45.86,17.95,27.91
1160,2024-05-01,8,1,4,3,157.48,60.47,97.01
1161,2024-05-01,8,1,5,2,84.78,34.77,50.01
1162,2024-05-01,8,2,1,3,149.33,57.8,91.53
1163,2024-05-01,8,2,2,1,48.96,19.13,29.83
1164,2024-05-01,8,2,3,3,148.44,55.28,93.16
1165,2024-05-01,8,2,4,1,43.41,17.16,26.25
1166,2024-05-01,8,2,5,1,47.05,17.69,29.36
1167,2024-05-01,8,3,4,6,287.67,106.75,180.92
1168,2024-05-01,8,3,5,2,102.44,38.71,63.73
1169,2024-05-01,8,4,4,6,299.62,109.82,189.8
1170,2024-05-01,8,4,5,4,219.94,80.98,138.96
1171,2024-05-01,8,5,4,7,357.84,130.84,227.0
1172,2024-05-01,8,5,5,5,210.81,85.17,125.64
1173,2024-05-01,9,1,1,1,70.76,26.74,44.02
1174,2024-05-01,9,1,2,3,183.66,76.94,106.72
1175,2024-05-01,9,1,3,1,60.23,25.71,34.52
1176,2024-05-01,9,1,4,5,351.03,137.08,213.95
1177,2024-05-01,9,1,5,4,308.23,119.25,188.98
1178,2024-05-01,9,2,1,1,78.0,28.34,49.66
1179,2024-05-01,9,2,2,2,157.19,55.52,101.67
1180,2024-05-01,9,2,3,3,206.61,83.79,122.82
1181,2024-05-01,9,2,4,3,193.38,73.81,119.57
1182,2024-05-01,9,2,5,5,348.58,129.23,219.35
1183,2024-05-01,9,3,2,2,157.33,59.66,97.67
1184,2024-05-01,9,3,3,1,76.21,28.65,47.56
1185,2024-05-01,9,3,4,7,504.3,191.31,312.99
1186,2024-05-01,9,4,4,3,221.91,80.38,141.53
1187,2024-05-01,9,4,5,4,294.58,116.1,178.48
1188,2024-05-01,9,5,2,1,59.35,25.88,33.47
1189,2024-05-01,9,5,3,1,66.32,26.86,39.46
1190,2024-05-01,9,5,4,3,173.59,72.34,101.25
1191,2024-05-01,9,5,5,7,399.68,177.08,222.6
1192,2024-05-01,10,1,1,1,53.78,22.7,31.08
1193,2024-05-01,10,1,2,2,119.11,40.47,78.64
1194,2024-05-01,10,1,3,3,150.47,57.33,93.14
1195,2024-05-01,10,1,4,5,295.97,107.6,188.37
1196,2024-05-01,10,1,5,4,202.24,80.94,121.3
1197,2024-05-01,10,2,1,2,131.31,47.56,83.75
1198,2024-05-01,10,2,2,5,310.59,116.57,194.02
1199,2024-05-01,10,2,3,3,192.37,64.31,128.06
1200,2024-05-01,10,2,4,2,103.8,40.71,63.09
1201,2024-05-01,10,2,5,3,175.3,63.72,111.58
1202,2024-05-01,10,3,4,3,179.59,63.02,116.57
1203,2024-05-01,10,3,5,2,124.31,42.87,81.44
1204,2024-05-01,10,4,4,7,417.68,153.47,264.21
1205,2024-05-01,10,4,5,1,71.71,24.88,46.83
1206,2024-05-01,10,5,2,1,54.45,23.11,31.34
1207,2024-05-01,10,5,4,3,145.48,59.07,86.41
1208,2024-05-01,10,5,5,1,51.7,20.74,30.96
1209,2024-05-01,11,1,1,1,43.68,12.69,30.99
1210,2024-05-01,11,1,2,2,75.87,23.76,52.11
1211,2024-05-01,11,1,4,4,172.42,54.06,118.36
1212,2024-05-01,11,1,5,1,37.24,10.64,26.6
1213,2024-05-01,11,2,1,1,46.8,13.36,33.44
1214,2024-05-01,11,2,2,6,253.82,79.84,173.98
1215,2024-05-01,11,2,3,3,119.59,38.35,81.24
1216,2024-05-01,11,2,4,13,531.47,164.23,367.24
1217,2024-05-01,11,2,5,5,203.44,61.0,142.44
1218,2024-05-01,11,3,2,1,43.68,14.02,29.66
1219,2024-05-01,11,3,4,7,273.21,85.8,187.41
1220,2024-05-01,11,3,5,1,45.6,13.47,32.13
1221,2024-05-01,11,4,1,1,48.2,14.93,33.27
1222,2024-05-01,11,4,4,9,400.82,117.3,283.52
1223,2024-05-01,11,5,2,1,33.18,11.88,21.3
1224,2024-05-01,11,5,3,1,40.5,11.82,28.68
1225,2024-05-01,11,5,4,1,38.64,11.65,26.99
1226,2024-05-01,11,5,5,1,37.1,11.45,25.65
1227,2024-05-01,12,1,1,1,74.73,27.13,47.6
1228,2024-05-01,12,1,2,9,673.39,237.88,435.51
1229,2024-05-01,12,1,4,7,578.06,197.22,380.84
1230,2024-05-01,12,1,5,4,276.27,98.17,178.1
1231,2024-05-01,12,2,1,3,259.79,86.77,173.02
1232,2024-05-01,12,2,2,1,83.81,27.97,55.84
1233,2024-05-01,12,2,3,3,243.51,80.88,162.63
1234,2024-05-01,12,2,4,4,290.39,98.53,191.86
1235,2024-05-01,12,2,5,5,387.24,131.59,255.65
1236,2024-05-01,12,3,1,3,277.03,92.86,184.17
1237,2024-05-01,12,3,2,2,186.57,57.19,129.38
1238,2024-05-01,12,3,3,2,168.28,54.55,113.73
1239,2024-05-01,12,3,4,6,508.15,157.91,350.24
1240,2024-05-01,12,4,1,2,187.55,62.72,124.83
1241,2024-05-01,12,4,3,1,87.74,28.41,59.33
1242,2024-05-01,12,4,4,7,573.39,189.72,383.67
1243,2024-05-01,12,4,5,1,83.59,28.28,55.31
1244,2024-05-01,12,5,2,1,84.97,27.84,57.13
1245,2024-05-01,12,5,4,7,522.48,196.22,326.26
1246,2024-05-01,12,5,5,2,146.2,50.45,95.75
1247,2024-05-01,13,1,2,1,46.82,17.69,29.13
1248,2024-05-01,13,1,4,6,345.87,120.21,225.66
1249,2024-05-01,13,1,5,3,194.66,66.06,128.6
1250,2024-05-01,13,2,1,1,56.52,19.32,37.2
1251,2024-05-01,13,2,2,1,66.39,20.77,45.62
1252,2024-05-01,13,2,3,2,112.8,37.82,74.98
1253,2024-05-01,13,2,4,2,113.22,36.1,77.12
1254,2024-05-01,13,2,5,6,325.21,112.15,213.06
1255,2024-05-01,13,3,2,1,64.72,22.1,42.62
1256,2024-05-01,13,3,3,1,50.81,18.72,32.09
1257,2024-05-01,13,3,4,10,580.12,200.92,379.2
1258,2024-05-01,13,3,5,1,51.58,18.69,32.89
1259,2024-05-01,13,4,5,1,61.59,19.71,41.88
1260,2024-05-01,13,5,2,2,98.69,37.21,61.48
1261,2024-05-01,13,5,4,2,92.19,35.8,56.39
1262,2024-05-01,13,5,5,2,95.64,34.68,60.96
1263,2024-05-01,14,1,2,3,78.17,27.47,50.7
1264,2024-05-01,14,1,3,4,103.18,32.39,70.79
1265,2024-05-01,14,1,4,8,194.92,72.97,121.95
1266,2024-05-01,14,1,5,2,47.88,16.09,31.79
1267,2024-05-01,14,2,1,2,61.89,20.99,40.9
1268,2024-05-01,14,2,2,2,53.71,19.11,34.6
1269,2024-05-01,14,2,3,2,58.46,18.78,39.68
1270,2024-05-01,14,2,4,7,212.33,71.21,141.12
1271,2024-05-01,14,2,5,6,156.38,54.39,101.99
1272,2024-05-01,14,3,2,5,152.73,52.24,100.49
1273,2024-05-01,14,3,4,6,163.6,55.15,108.45
1274,2024-05-01,14,3,5,3,85.17,27.94,57.23
1275,2024-05-01,14,4,3,2,62.43,21.69,40.74
1276,2024-05-01,14,4,4,9,263.56,86.31,177.25
1277,2024-05-01,14,4,5,1,31.99,10.15,21.84
1278,2024-05-01,14,5,2,1,28.8,10.2,18.6
1279,2024-05-01,14,5,4,6,154.72,56.77,97.95
1280,2024-05-01,14,5,5,1,24.5,8.94,15.56
1281,2024-05-01,15,1,1,1,62.12,21.16,40.96
1282,2024-05-01,15,1,2,2,108.52,40.25,68.27
1283,2024-05-01,15,1,3,5,254.74,98.5,156.24
1284,2024-05-01,15,1,4,8,413.66,161.25,252.41
1285,2024-05-01,15,1,5,3,195.65,72.35,123.3
1286,2024-05-01,15,2,1,2,108.75,42.76,65.99
1287,2024-05-01,15,2,2,3,188.07,64.69,123.38
1288,2024-05-01,15,2,3,3,173.93,63.46,110.47
1289,2024-05-01,15,2,4,6,322.22,118.39,203.83
1290,2024-05-01,15,2,5,7,381.86,140.67,241.19
1291,2024-05-01,15,3,1,4,264.39,92.65,171.74
1292,2024-05-01,15,3,2,3,186.0,69.11,116.89
1293,2024-05-01,15,3,3,8,458.78,166.22,292.56
1294,2024-05-01,15,3,4,7,392.82,140.36,252.46
1295,2024-05-01,15,3,5,3,168.92,64.29,104.63
1296,2024-05-01,15,4,2,1,64.49,24.2,40.29
1297,2024-05-01,15,4,4,7,422.5,149.56,272.94
1298,2024-05-01,15,4,5,2,125.51,45.55,79.96
1299,2024-05-01,15,5,4,1,39.51,19.2,20.31
1300,2024-05-01,15,5,5,2,103.59,39.76,63.83
1301,2024-06-01,1,1,2,2,112.98,50.73,62.25
1302,2024-06-01,1,1,3,1,65.73,22.81,42.92
1303,2024-06-01,1,1,4,14,936.73,354.48,582.25
1304,2024-06-01,1,1,5,9,576.34,220.52,355.82
1305,2024-06-01,1,2,2,1,65.6,25.18,40.42
1306,2024-06-01,1,2,3,4,265.51,95.98,169.53
1307,2024-06-01,1,2,4,12,802.0,289.57,512.43
1308,2024-06-01,1,2,5,7,449.31,160.66,288.65
1309,2024-06-01,1,3,1,1,72.87,28.6,44.27
1310,2024-06-01,1,3,2,1,70.37,24.77,45.6
1311,2024-06-01,1,3,4,2,115.76,48.63,67.13
1312,2024-06-01,1,3,5,5,309.68,121.62,188.06
1313,2024-06-01,1,4,2,1,75.15,27.75,47.4
1314,2024-06-01,1,4,4,5,358.02,132.69,225.33
1315,2024-06-01,1,4,5,1,75.04,27.95,47.09
1316,2024-06-01,1,5,2,3,187.5,74.69,112.81
1317,2024-06-01,1,5,4,4,277.32,111.2,166.12
1318,2024-06-01,1,5,5,3,176.51,72.49,104.02
1319,2024-06-01,2,1,2,6,616.22,242.33,373.89
1320,2024-06-01,2,1,4,6,609.08,248.49,360.59
1321,2024-06-01,2,1,5,2,208.2,74.12,134.08
1322,2024-06-01,2,2,1,1,126.26,44.14,82.12
1323,2024-06-01,2,2,2,1,110.36,44.79,65.57
1324,2024-06-01,2,2,3,1,102.59,39.37,63.22
1325,2024-06-01,2,2,4,6,667.46,236.26,431.2
1326,2024-06-01,2,2,5,5,534.08,193.5,340.58
1327,2024-06-01,2,3,1,2,248.64,94.76,153.88
1328,2024-06-01,2,3,2,2,230.66,91.29,139.37
1329,2024-06-01,2,3,3,1,123.49,43.86,79.63
1330,2024-06-01,2,3,4,8,880.33,340.14,540.19
1331,2024-06-01,2,3,5,1,115.64,42.52,73.12
1332,2024-06-01,2,4,1,3,397.37,146.22,251.15
1333,2024-06-01,2,4,2,1,132.07,45.93,86.14
1334,2024-06-01,2,5,2,1,95.55,40.76,54.79
1335,2024-06-01,2,5,3,1,87.45,39.43,48.02
1336,2024-06-01,2,5,4,6,635.98,265.22,370.76
1337,2024-06-01,3,1,1,1,50.66,18.15,32.51
1338,2024-06-01,3,1,2,3,144.05,53.33,90.72
1339,2024-06-01,3,1,4,12,631.61,233.57,398.04
1340,2024-06-01,3,1,5,1,44.92,16.44,28.48
1341,2024-06-01,3,2,1,2,121.02,40.31,80.71
1342,2024-06-01,3,2,2,3,151.48,55.02,96.46
1343,2024-06-01,3,2,4,11,584.04,213.46,370.58
1344,2024-06-01,3,2,5,3,137.48,52.76,84.72
1345,2024-06-01,3,3,2,6,319.97,116.31,203.66
1346,2024-06-01,3,3,3,1,53.67,19.5,34.17
1347,2024-06-01,3,3,4,7,355.05,127.42,227.63
1348,2024-06-01,3,3,5,3,149.64,58.62,91.02
1349,2024-06-01,3,4,1,2,127.3,43.96,83.34
1350,2024-06-01,3,4,2,1,60.24,21.62,38.62
1351,2024-06-01,3,4,4,4,205.34,73.96,131.38
1352,2024-06-01,3,5,2,2,94.6,37.38,57.22
1353,2024-06-01,3,5,3,2,87.92,35.55,52.37
1354,2024-06-01,3,5,4,3,126.59,50.53,76.06
1355,2024-06-01,3,5,5,3,114.16,52.86,61.3
1356,2024-06-01,4,1,2,1,87.72,30.25,57.47
1357,2024-06-01,4,1,3,3,205.56,86.35,119.21
1358,2024-06-01,4,1,4,5,447.26,163.0,284.26
1359,2024-06-01,4,1,5,5,420.7,165.2,255.5
1360,2024-06-01,4,2,2,8,702.52,268.69,433.83
1361,2024-06-01,4,2,3,2,168.69,61.91,106.78
1362,2024-06-01,4,2,4,11,910.83,347.09,563.74
1363,2024-06-01,4,2,5,6,485.1,182.65,302.45
1364,2024-06-01,4,3,1,2,191.01,73.16,117.85
1365,2024-06-01,4,3,2,2,190.99,68.51,122.48
1366,2024-06-01,4,3,3,5,414.17,157.75,256.42
1367,2024-06-01,4,3,4,3,250.92,93.47,157.45
1368,2024-06-01,4,3,5,4,333.98,126.83,207.15
1369,2024-06-01,4,4,1,6,543.73,183.14,360.59
1370,2024-06-01,4,4,2,2,196.02,69.5,126.52
1371,2024-06-01,4,4,4,3,268.34,97.56,170.78
1372,2024-06-01,4,5,4,3,207.12,82.05,125.07
1373,2024-06-01,5,1,1,5,444.69,191.13,253.56
1374,2024-06-01,5,1,2,7,662.79,287.17,375.62
1375,2024-06-01,5,1,4,8,736.1,316.28,419.82
1376,2024-06-01,5,1,5,3,240.32,108.6,131.72
1377,2024-06-01,5,2,1,1,101.1,41.04,60.06
1378,2024-06-01,5,2,2,4,387.47,155.6,231.87
1379,2024-06-01,5,2,3,1,88.01,35.48,52.53
1380,2024-06-01,5,2,4,7,624.62,244.81,379.81
1381,2024-06-01,5,3,1,3,327.51,130.99,196.52
1382,2024-06-01,5,3,2,2,207.51,85.19,122.32
1383,2024-06-01,5,3,4,8,710.44,297.68,412.76
1384,2024-06-01,5,3,5,5,453.67,184.65,269.02
1385,2024-06-01,5,4,2,1,103.96,39.73,64.23
1386,2024-06-01,5,4,4,8,789.46,315.64,473.82
1387,2024-06-01,5,4,5,2,193.44,79.2,114.24
1388,2024-06-01,5,5,2,1,86.16,39.67,46.49
1389,2024-06-01,5,5,4,3,220.05,99.31,120.74
1390,2024-06-01,5,5,5,8,684.01,293.98,390.03
1391,2024-06-01,6,1,1,2,137.61,58.07,79.54
1392,2024-06-01,6,1,2,7,553.33,219.24,334.09
1393,2024-06-01,6,1,4,4,340.06,135.33,204.73
1394,2024-06-01,6,1,5,1,76.63,28.66,47.97
1395,2024-06-01,6,2,1,1,73.06,31.99,41.07
1396,2024-06-01,6,2,2,2,165.13,65.77,99.36
1397,2024-06-01,6,2,4,2,127.44,54.6,72.84
1398,2024-06-01,6,2,5,5,339.87,139.22,200.65
1399,2024-06-01,6,3,1,1,83.08,34.68,48.4
1400,2024-06-01,6,3,2,5,409.34,166.49,242.85
1401,2024-06-01,6,3,3,1,74.13,30.55,43.58
1402,2024-06-01,6,3,4,5,371.59,154.97,216.62
1403,2024-06-01,6,4,1,1,83.04,33.79,49.25
1404,2024-06-01,6,4,4,1,82.3,31.32,50.98
1405,2024-06-01,6,4,5,3,242.8,98.62,144.18
1406,2024-06-01,6,5,1,1,71.94,31.55,40.39
1407,2024-06-01,6,5,4,5,364.86,159.44,205.42
1408,2024-06-01,7,1,2,5,229.99,85.59,144.4
1409,2024-06-01,7,1,3,4,197.76,76.28,121.48
1410,2024-06-01,7,1,4,5,231.27,85.18,146.09
1411,2024-06-01,7,1,5,2,78.2,29.3,48.9
1412,2024-06-01,7,2,2,3,150.24,52.67,97.57
1413,2024-06-01,7,2,3,2,82.06,33.39,48.67
1414,2024-06-01,7,2,4,6,288.76,107.4,181.36
1415,2024-06-01,7,2,5,2,98.41,34.01,64.4
1416,2024-06-01,7,3,1,1,50.64,19.13,31.51
1417,2024-06-01,7,3,4,3,147.06,49.6,97.46
1418,2024-06-01,7,3,5,6,268.51,103.17,165.34
1419,2024-06-01,7,4,1,1,52.05,19.57,32.48
1420,2024-06-01,7,4,2,2,101.48,36.61,64.87
1421,2024-06-01,7,4,5,1,51.05,17.58,33.47
1422,2024-06-01,7,5,1,3,138.38,53.43,84.95
1423,2024-06-01,7,5,2,2,76.54,34.45,42.09
1424,2024-06-01,7,5,3,6,249.08,98.97,150.11
1425,2024-06-01,7,5,4,3,128.68,46.8,81.88
1426,2024-06-01,7,5,5,1,45.98,16.74,29.24
1427,2024-06-01,8,1,2,4,202.92,72.45,130.47
1428,2024-06-01,8,1,3,3,142.61,52.33,90.28
1429,2024-06-01,8,1,4,13,637.02,256.38,380.64
1430,2024-06-01,8,2,1,2,101.25,39.59,61.66
1431,2024-06-01,8,2,2,6,320.42,113.22,207.2
1432,2024-06-01,8,2,3,2,93.27,35.82,57.45
1433,2024-06-01,8,2,4,7,320.3,125.37,194.93
1434,2024-06-01,8,2,5,2,94.6,36.16,58.44
1435,2024-06-01,8,3,1,2,109.38,43.5,65.88
1436,2024-06-01,8,3,2,1,57.29,19.82,37.47
1437,2024-06-01,8,3,3,3,152.69,60.32,92.37
1438,2024-06-01,8,3,4,5,242.97,89.95,153.02
1439,2024-06-01,8,3,5,2,96.82,35.4,61.42
1440,2024-06-01,8,4,1,3,168.03,62.26,105.77
1441,2024-06-01,8,4,4,1,51.14,18.7,32.44
1442,2024-06-01,8,4,5,1,58.06,20.43,37.63
1443,2024-06-01,8,5,2,2,102.55,38.27,64.28
1444,2024-06-01,8,5,4,1,40.14,17.12,23.02
1445,2024-06-01,9,1,2,4,285.36,110.3,175.06
1446,2024-06-01,9,1,3,1,63.05,24.4,38.65
1447,2024-06-01,9,1,4,6,400.67,159.12,241.55
1448,2024-06-01,9,1,5,1,57.88,24.35,33.53
1449,2024-06-01,9,2,2,1,67.84,27.46,40.38
1450,2024-06-01,9,2,3,2,143.4,53.31,90.09
1451,2024-06-01,9,2,4,6,425.94,168.91,257.03
1452,2024-06-01,9,2,5,5,333.08,128.31,204.77
1453,2024-06-01,9,3,1,1,76.3,29.21,47.09
1454,2024-06-01,9,3,2,1,71.11,27.63,43.48
1455,2024-06-01,9,3,3,1,71.7,27.16,44.54
1456,2024-06-01,9,3,4,5,345.36,139.25,206.11
1457,2024-06-01,9,3,5,5,367.95,139.36,228.59
1458,2024-06-01,9,4,1,5,346.79,125.36,221.43
1459,2024-06-01,9,4,2,2,158.39,59.91,98.48
1460,2024-06-01,9,4,3,1,78.61,28.74,49.87
1461,2024-06-01,9,4,4,1,72.39,27.41,44.98
1462,2024-06-01,9,5,2,1,61.07,27.26,33.81
1463,2024-06-01,9,5,4,3,194.46,74.96,119.5
1464,2024-06-01,10,1,1,2,113.55,44.27,69.28
1465,2024-06-01,10,1,2,1,52.03,21.7,30.33
1466,2024-06-01,10,1,3,2,101.41,39.84,61.57
1467,2024-06-01,10,1,4,11,644.19,245.17,399.02
1468,2024-06-01,10,1,5,3,160.52,59.21,101.31
1469,2024-06-01,10,2,1,1,57.28,22.63,34.65
1470,2024-06-01,10,2,2,3,179.74,71.3,108.44
1471,2024-06-01,10,2,4,13,833.13,294.44,538.69
1472,2024-06-01,10,2,5,1,60.77,22.02,38.75
1473,2024-06-01,10,3,3,2,124.72,47.26,77.46
1474,2024-06-01,10,3,4,1,56.71,21.66,35.05
1475,2024-06-01,10,4,1,3,214.07,75.37,138.7
1476,2024-06-01,10,4,4,3,188.66,66.05,122.61
1477,2024-06-01,10,5,4,1,49.4,20.43,28.97
1478,2024-06-01,10,5,5,2,115.1,39.99,75.11
1479,2024-06-01,11,1,3,1,34.72,11.38,23.34
1480,2024-06-01,11,1,4,2,69.11,22.02,47.09
1481,2024-06-01,11,1,5,3,107.63,33.81,73.82
1482,2024-06-01,11,2,2,1,48.75,13.74,35.01
1483,2024-06-01,11,2,3,2,79.25,25.07,54.18
1484,2024-06-01,11,2,4,12,492.17,155.28,336.89
1485,2024-06-01,11,2,5,2,84.6,23.78,60.82
1486,2024-06-01,11,3,2,1,47.03,14.34,32.69
1487,2024-06-01,11,3,3,2,82.62,25.13,57.49
1488,2024-06-01,11,3,4,6,247.54,74.36,173.18
1489,2024-06-01,11,3,5,1,39.64,12.19,27.45
1490,2024-06-01,11,4,2,2,92.72,28.16,64.56
1491,2024-06-01,11,4,5,1,45.57,13.74,31.83
1492,2024-06-01,11,5,1,2,74.75,25.04,49.71
1493,2024-06-01,11,5,3,2,67.95,23.06,44.89
1494,2024-06-01,11,5,4,2,71.52,21.97,49.55
1495,2024-06-01,11,5,5,4,148.36,47.93,100.43
1496,2024-06-01,12,1,2,2,151.69,52.14,99.55
1497,2024-06-01,12,1,3,2,144.18,47.38,96.8
1498,2024-06-01,12,1,4,4,347.76,112.99,234.77
1499,2024-06-01,12,1,5,3,206.41,73.27,133.14
1500,2024-06-01,12,2,1,1,89.75,27.95,61.8
1501,2024-06-01,12,2,2,2,157.09,53.7,103.39
1502,2024-06-01,12,2,3,2,153.5,49.37,104.13
1503,2024-06-01,12,2,4,6,463.64,146.62,317.02
1504,2024-06-01,12,2,5,2,150.83,51.6,99.23
1505,2024-06-01,12,3,1,8,603.89,202.31,401.58
1506,2024-06-01,12,3,2,4,344.66,117.66,227.0
1507,2024-06-01,12,3,3,1,83.54,27.39,56.15
1508,2024-06-01,12,3,4,4,304.49,104.86,199.63
1509,2024-06-01,12,3,5,4,339.73,112.34,227.39
1510,2024-06-01,12,4,1,1,89.84,31.03,58.81
1511,2024-06-01,12,4,4,1,86.55,28.11,58.44
1512,2024-06-01,12,5,3,5,353.42,128.85,224.57
1513,2024-06-01,12,5,4,6,441.23,162.83,278.4
1514,2024-06-01,13,1,1,1,52.92,18.83,34.09
1515,2024-06-01,13,1,2,2,102.42,35.5,66.92
1516,2024-06-01,13,1,3,3,142.18,53.0,89.18
1517,2024-06-01,13,1,4,6,340.33,117.37,222.96
1518,2024-06-01,13,1,5,1,44.61,16.66,27.95
1519,2024-06-01,13,2,1,3,176.26,64.75,111.51
1520,2024-06-01,13,2,2,4,242.04,79.52,162.52
1521,2024-06-01,13,2,4,14,790.63,270.19,520.44
1522,2024-06-01,13,3,2,4,235.34,82.43,152.91
1523,2024-06-01,13,3,4,7,368.31,126.77,241.54
1524,2024-06-01,13,3,5,2,113.36,38.06,75.3
1525,2024-06-01,13,4,1,1,70.53,21.1,49.43
1526,2024-06-01,13,4,4,6,356.38,121.23,235.15
1527,2024-06-01,13,5,1,1,58.31,20.24,38.07
1528,2024-06-01,13,5,3,2,100.46,37.93,62.53
1529,2024-06-01,13,5,4,2,103.77,35.09,68.68
1530,2024-06-01,13,5,5,2,94.11,36.31,57.8
1531,2024-06-01,14,1,2,2,53.17,18.77,34.4
1532,2024-06-01,14,1,3,1,26.83,8.74,18.09
1533,2024-06-01,14,1,4,10,269.49,97.99,171.5
1534,2024-06-01,14,1,5,4,93.94,33.08,60.86
1535,2024-06-01,14,2,1,1,30.42,10.4,20.02
1536,2024-06-01,14,2,3,2,56.61,19.17,37.44
1537,2024-06-01,14,2,4,7,206.16,68.92,137.24
1538,2024-06-01,14,2,5,3,77.48,26.6,50.88
1539,2024-06-01,14,3,1,7,188.52,61.41,127.11
1540,2024-06-01,14,3,2,4,120.93,41.29,79.64
1541,2024-06-01,14,3,4,1,28.67,8.85,19.82
1542,2024-06-01,14,3,5,2,58.15,20.43,37.72
1543,2024-06-01,14,4,1,1,32.63,11.24,21.39
1544,2024-06-01,14,4,2,1,35.0,11.33,23.67
1545,2024-06-01,14,4,3,1,28.35,10.23,18.12
1546,2024-06-01,14,4,4,5,143.89,47.81,96.08
1547,2024-06-01,14,4,5,2,60.21,20.49,39.72
1548,2024-06-01,14,5,2,3,75.6,28.16,47.44
1549,2024-06-01,14,5,3,2,46.42,18.95,27.47
1550,2024-06-01,14,5,4,5,118.27,44.02,74.25
1551,2024-06-01,14,5,5,3,74.93,28.06,46.87
1552,2024-06-01,15,1,1,1,53.72,21.31,32.41
1553,2024-06-01,15,1,2,4,209.17,83.89,125.28
1554,2024-06-01,15,1,3,3,153.14,60.51,92.63
1555,2024-06-01,15,1,4,16,867.28,338.27,529.01
1556,2024-06-01,15,1,5,3,199.53,73.96,125.57
1557,2024-06-01,15,2,3,2,104.51,39.57,64.94
1558,2024-06-01,15,2,4,15,820.77,315.94,504.83
1559,2024-06-01,15,2,5,7,373.57,139.21,234.36
1560,2024-06-01,15,3,1,1,65.85,23.17,42.68
1561,2024-06-01,15,3,3,3,179.98,62.31,117.67
1562,2024-06-01,15,3,4,7,359.89,141.48,218.41
1563,2024-06-01,15,3,5,2,112.17,41.37,70.8
1564,2024-06-01,15,4,1,2,135.25,47.19,88.06
1565,2024-06-01,15,4,2,3,188.55,71.74,116.81
1566,2024-06-01,15,4,4,10,570.04,211.54,358.5
1567,2024-06-01,15,4,5,3,191.94,67.62,124.32
1568,2024-06-01,15,5,2,1,59.46,21.6,37.86
1569,2024-06-01,15,5,3,2,94.03,40.0,54.03
1570,2024-06-01,15,5,4,4,198.48,74.22,124.26
1571,2024-06-01,15,5,5,4,185.47,78.55,106.92
1572,2024-07-01,1,1,1,2,124.77,48.46,76.31
1573,2024-07-01,1,1,2,7,400.41,162.43,237.98
1574,2024-07-01,1,1,3,2,113.07,43.9,69.17
1575,2024-07-01,1,1,4,4,215.99,85.87,130.12
1576,2024-07-01,1,1,5,1,59.11,21.92,37.19
1577,2024-07-01,1,2,1,3,207.58,76.05,131.53
1578,2024-07-01,1,2,2,4,273.11,100.96,172.15
1579,2024-07-01,1,2,3,5,298.75,117.5,181.25
1580,2024-07-01,1,2,4,7,461.46,179.17,282.29
1581,2024-07-01,1,3,1,1,64.71,27.85,36.86
1582,2024-07-01,1,3,3,1,68.85,25.39,43.46
1583,2024-07-01,1,3,4,6,380.07,148.26,231.81
1584,2024-07-01,1,3,5,3,210.7,74.14,136.56
1585,2024-07-01,1,4,1,2,143.08,58.89,84.19
1586,2024-07-01,1,4,2,2,142.46,54.6,87.86
1587,2024-07-01,1,4,5,2,144.65,51.22,93.43
1588,2024-07-01,1,5,1,3,180.72,76.48,104.24
1589,2024-07-01,1,5,4,2,118.72,45.67,73.05
1590,2024-07-01,1,5,5,2,111.3,48.48,62.82
1591,2024-07-01,2,1,1,1,102.24,42.87,59.37
1592,2024-07-01,2,1,2,1,103.47,41.31,62.16
1593,2024-07-01,2,1,4,7,741.77,280.75,461.02
1594,2024-07-01,2,1,5,4,471.74,193.53,278.21
1595,2024-07-01,2,2,2,3,334.25,131.34,202.91
1596,2024-07-01,2,2,3,3,333.88,120.35,213.53
1597,2024-07-01,2,2,4,5,543.9,205.28,338.62
1598,2024-07-01,2,3,1,5,497.22,195.42,301.8
1599,2024-07-01,2,3,4,1,106.54,40.67,65.87
1600,2024-07-01,2,4,2,1,130.29,49.23,81.06
1601,2024-07-01,2,4,4,3,347.11,122.96,224.15
1602,2024-07-01,2,4,5,2,238.83,90.77,148.06
1603,2024-07-01,2,5,1,2,193.2,85.57,107.63
1604,2024-07-01,2,5,4,4,443.08,185.92,257.16
1605,2024-07-01,3,1,1,1,52.39,19.2,33.19
1606,2024-07-01,3,1,2,1,50.26,17.89,32.37
1607,2024-07-01,3,1,3,2,90.87,32.44,58.43
1608,2024-07-01,3,1,4,5,255.58,98.97,156.61
1609,2024-07-01,3,1,5,2,95.44,33.42,62.02
1610,2024-07-01,3,2,1,5,284.96,102.27,182.69
1611,2024-07-01,3,2,2,2,105.1,38.61,66.49
1612,2024-07-01,3,2,3,4,205.25,72.5,132.75
1613,2024-07-01,3,2,4,5,237.83,84.76,153.07
1614,2024-07-01,3,3,2,2,111.71,40.62,71.09
1615,2024-07-01,3,3,3,3,147.44,55.93,91.51
1616,2024-07-01,3,3,4,3,157.09,57.79,99.3
1617,2024-07-01,3,3,5,3,165.49,59.02,106.47
1618,2024-07-01,3,4,3,1,54.94,19.64,35.3
1619,2024-07-01,3,4,4,4,202.0,71.18,130.82
1620,2024-07-01,3,4,5,3,173.03,62.35,110.68
1621,2024-07-01,3,5,3,3,146.24,54.21,92.03
1622,2024-07-01,3,5,4,4,211.64,85.18,126.46
1623,2024-07-01,3,5,5,1,44.07,16.73,27.34
1624,2024-07-01,4,1,2,2,169.21,62.35,106.86
1625,2024-07-01,4,1,3,4,318.37,115.96,202.41
1626,2024-07-01,4,1,4,10,823.3,317.83,505.47
1627,2024-07-01,4,1,5,6,533.12,201.47,331.65
1628,2024-07-01,4,2,1,1,97.27,34.05,63.22
1629,2024-07-01,4,2,2,4,331.03,132.72,198.31
1630,2024-07-01,4,2,4,2,157.85,57.83,100.02
1631,2024-07-01,4,2,5,1,81.18,30.77,50.41
1632,2024-07-01,4,3,3,1,82.86,30.64,52.22
1633,2024-07-01,4,3,4,7,577.38,214.61,362.77
1634,2024-07-01,4,3,5,1,83.71,30.64,53.07
1635,2024-07-01,4,4,2,1,87.45,33.7,53.75
1636,2024-07-01,4,4,5,1,88.11,33.31,54.8
1637,2024-07-01,4,5,4,2,132.29,58.69,73.6
1638,2024-07-01,4,5,5,1,75.35,28.1,47.25
1639,2024-07-01,5,1,1,4,399.34,152.38,246.96
1640,2024-07-01,5,1,2,4,333.35,143.55,189.8
1641,2024-07-01,5,1,3,4,332.24,137.63,194.61
1642,2024-07-01,5,1,4,9,826.83,350.4,476.43
1643,2024-07-01,5,1,5,4,414.24,175.82,238.42
1644,2024-07-01,5,2,1,4,388.08,168.76,219.32
1645,2024-07-01,5,2,2,1,104.59,40.81,63.78
1646,2024-07-01,5,2,4,6,594.03,249.93,344.1
1647,2024-07-01,5,2,5,9,883.26,349.04,534.22
1648,2024-07-01,5,3,1,2,183.96,83.38,100.58
1649,2024-07-01,5,3,3,3,277.4,116.93,160.47
1650,2024-07-01,5,3,4,9,800.39,334.88,465.51
1651,2024-07-01,5,3,5,4,372.81,154.65,218.16
1652,2024-07-01,5,4,1,1,111.65,45.15,66.5
1653,2024-07-01,5,4,4,1,96.41,39.13,57.28
1654,2024-07-01,5,4,5,3,309.48,119.62,189.86
1655,2024-07-01,5,5,1,2,160.89,74.73,86.16
1656,2024-07-01,5,5,2,1,83.26,39.08,44.18
1657,2024-07-01,5,5,3,3,246.89,110.99,135.9
1658,2024-07-01,5,5,4,3,204.38,103.08,101.3
1659,2024-07-01,5,5,5,3,249.32,107.7,141.62
1660,2024-07-01,6,1,1,2,152.25,62.49,89.76
1661,2024-07-01,6,1,2,1,68.56,29.84,38.72
1662,2024-07-01,6,1,3,1,70.71,26.62,44.09
1663,2024-07-01,6,1,4,6,405.56,176.85,228.71
1664,2024-07-01,6,1,5,2,143.16,56.36,86.8
1665,2024-07-01,6,2,2,2,163.85,60.87,102.98
1666,2024-07-01,6,2,4,3,197.49,82.69,114.8
1667,2024-07-01,6,2,5,4,290.0,113.19,176.81
1668,2024-07-01,6,3,2,11,851.86,338.21,513.65
1669,2024-07-01,6,3,3,1,82.66,32.53,50.13
1670,2024-07-01,6,3,4,5,358.68,145.62,213.06
1671,2024-07-01,6,3,5,1,75.79,30.54,45.25
1672,2024-07-01,6,4,1,1,89.39,34.73,54.66
1673,2024-07-01,6,4,2,2,178.13,66.74,111.39
1674,2024-07-01,6,4,3,1,83.57,32.93,50.64
1675,2024-07-01,6,4,5,2,147.3,61.49,85.81
1676,2024-07-01,6,5,3,1,59.49,27.62,31.87
1677,2024-07-01,6,5,4,2,130.75,52.24,78.51
1678,2024-07-01,6,5,5,1,58.82,29.03,29.79
1679,2024-07-01,7,1,1,2,87.73,33.46,54.27
1680,2024-07-01,7,1,2,5,221.99,82.67,139.32
1681,2024-07-01,7,1,3,2,83.75,30.88,52.87
1682,2024-07-01,7,1,4,2,71.65,29.79,41.86
1683,2024-07-01,7,1,5,2,82.07,29.81,52.26
1684,2024-07-01,7,2,2,3,138.41,56.09,82.32
1685,2024-07-01,7,2,4,8,343.03,130.85,212.18
1686,2024-07-01,7,2,5,8,356.39,136.61,219.78
1687,2024-07-01,7,3,1,2,98.95,39.14,59.81
1688,2024-07-01,7,3,4,10,448.64,171.4,277.24
1689,2024-07-01,7,4,2,1,55.71,19.0,36.71
1690,2024-07-01,7,4,3,1,53.78,18.99,34.79
1691,2024-07-01,7,4,5,2,90.53,35.13,55.4
1692,2024-07-01,7,5,3,2,77.31,31.29,46.02
1693,2024-07-01,7,5,5,1,39.24,15.88,23.36
1694,2024-07-01,8,1,1,1,49.61,18.45,31.16
1695,2024-07-01,8,1,2,4,185.23,71.02,114.21
1696,2024-07-01,8,1,3,3,130.01,51.7,78.31
1697,2024-07-01,8,1,4,11,517.56,195.69,321.87
1698,2024-07-01,8,1,5,5,258.38,100.26,158.12
1699,2024-07-01,8,2,1,2,106.71,37.85,68.86
1700,2024-07-01,8,2,2,3,154.09,54.66,99.43
1701,2024-07-01,8,2,3,3,147.48,52.05,95.43
1702,2024-07-01,8,2,4,6,306.28,114.58,191.7
1703,2024-07-01,8,2,5,5,242.92,92.75,150.17
1704,2024-07-01,8,3,1,3,168.96,63.18,105.78
1705,2024-07-01,8,3,2,1,55.13,20.97,34.16
1706,2024-07-01,8,3,3,1,49.24,18.91,30.33
1707,2024-07-01,8,3,4,7,338.3,133.25,205.05
1708,2024-07-01,8,3,5,2,102.61,37.93,64.68
1709,2024-07-01,8,4,1,1,60.76,20.76,40.0
1710,2024-07-01,8,4,2,1,56.7,22.1,34.6
1711,2024-07-01,8,4,4,4,201.95,73.78,128.17
1712,2024-07-01,8,4,5,4,226.48,79.48,147.0
1713,2024-07-01,8,5,2,3,138.18,54.15,84.03
1714,2024-07-01,8,5,4,5,255.03,94.95,160.08
1715,2024-07-01,8,5,5,3,120.02,52.16,67.86
1716,2024-07-01,9,1,1,1,69.61,26.87,42.74
1717,2024-07-01,9,1,2,2,119.7,52.32,67.38
1718,2024-07-01,9,1,3,2,124.39,50.17,74.22
1719,2024-07-01,9,1,4,6,399.46,164.27,235.19
1720,2024-07-01,9,1,5,5,357.42,145.06,212.36
1721,2024-07-01,9,2,3,2,143.89,56.38,87.51
1722,2024-07-01,9,2,4,3,196.65,78.5,118.15
1723,2024-07-01,9,3,1,2,154.29,59.51,94.78
1724,2024-07-01,9,3,3,3,225.77,83.47,142.3
1725,2024-07-01,9,3,4,5,348.12,131.34,216.78
1726,2024-07-01,9,4,1,2,180.43,67.28,113.15
1727,2024-07-01,9,4,2,1,82.6,32.12,50.48
1728,2024-07-01,9,4,3,2,140.38,58.05,82.33
1729,2024-07-01,9,4,4,3,231.95,86.0,145.95
1730,2024-07-01,9,4,5,2,153.35,57.3,96.05
1731,2024-07-01,9,5,4,2,106.39,46.94,59.45
1732,2024-07-01,9,5,5,5,327.67,131.54,196.13
1733,2024-07-01,10,1,1,4,217.17,86.01,131.16
1734,2024-07-01,10,1,2,4,228.12,86.36,141.76
1735,2024-07-01,10,1,3,2,110.13,40.24,69.89
1736,2024-07-01,10,1,4,13,758.06,282.56,475.5
1737,2024-07-01,10,1,5,4,261.16,98.08,163.08
1738,2024-07-01,10,2,2,2,128.21,46.27,81.94
1739,2024-07-01,10,2,3,1,57.92,22.05,35.87
1740,2024-07-01,10,2,4,4,225.78,79.57,146.21
1741,2024-07-01,10,2,5,4,241.3,85.84,155.46
1742,2024-07-01,10,3,2,7,397.55,150.28,247.27
1743,2024-07-01,10,3,4,6,357.02,134.93,222.09
1744,2024-07-01,10,3,5,1,58.06,22.15,35.91
1745,2024-07-01,10,4,3,1,67.16,23.63,43.53
1746,2024-07-01,10,4,4,1,62.28,21.99,40.29
1747,2024-07-01,10,5,2,1,59.73,20.88,38.85
1748,2024-07-01,10,5,3,1,50.34,21.41,28.93
1749,2024-07-01,10,5,4,1,55.0,19.53,35.47
1750,2024-07-01,10,5,5,1,48.73,21.13,27.6
1751,2024-07-01,11,1,1,5,196.87,61.28,135.59
1752,2024-07-01,11,1,2,4,148.09,48.82,99.27
1753,2024-07-01,11,1,4,5,203.19,62.77,140.42
1754,2024-07-01,11,1,5,3,102.68,32.34,70.34
1755,2024-07-01,11,2,1,1,47.76,13.19,34.57
1756,2024-07-01,11,2,3,1,41.8,12.64,29.16
1757,2024-07-01,11,2,4,4,154.77,48.51,106.26
1758,2024-07-01,11,3,2,4,179.43,54.07,125.36
1759,2024-07-01,11,3,3,1,41.39,12.71,28.68
1760,2024-07-01,11,3,4,4,161.2,48.13,113.07
1761,2024-07-01,11,3,5,2,88.14,26.11,62.03
1762,2024-07-01,11,4,2,6,248.07,72.47,175.6
1763,2024-07-01,11,4,4,1,41.39,12.82,28.57
1764,2024-07-01,11,4,5,1,43.71,13.83,29.88
1765,2024-07-01,11,5,1,1,42.09,13.48,28.61
1766,2024-07-01,11,5,2,2,75.27,27.08,48.19
1767,2024-07-01,11,5,3,1,31.05,11.77,19.28
1768,2024-07-01,11,5,4,4,143.78,47.14,96.64
1769,2024-07-01,11,5,5,3,115.76,36.04,79.72
1770,2024-07-01,12,1,2,6,460.77,150.72,310.05
1771,2024-07-01,12,1,3,2,129.39,50.3,79.09
1772,2024-07-01,12,1,4,7,532.15,179.56,352.59
1773,2024-07-01,12,1,5,2,141.69,46.79,94.9
1774,2024-07-01,12,2,2,3,227.11,80.18,146.93
1775,2024-07-01,12,2,3,3,232.52,78.72,153.8
1776,2024-07-01,12,2,4,1,71.41,24.74,46.67
1777,2024-07-01,12,2,5,5,381.41,125.38,256.03
1778,2024-07-01,12,3,1,1,83.12,30.64,52.48
1779,2024-07-01,12,3,2,1,90.57,28.87,61.7
1780,2024-07-01,12,3,4,2,149.4,53.92,95.48
1781,2024-07-01,12,3,5,1,82.86,28.55,54.31
1782,2024-07-01,12,4,1,2,182.51,59.85,122.66
1783,2024-07-01,12,4,2,1,95.73,30.47,65.26
1784,2024-07-01,12,4,3,2,179.78,59.59,120.19
1785,2024-07-01,12,4,5,1,91.85,28.75,63.1
1786,2024-07-01,12,5,1,1,76.81,26.16,50.65
1787,2024-07-01,12,5,2,2,149.2,55.33,93.87
1788,2024-07-01,12,5,4,4,249.28,94.96,154.32
1789,2024-07-01,12,5,5,5,414.4,148.93,265.47
1790,2024-07-01,13,1,1,3,183.16,58.12,125.04
1791,2024-07-01,13,1,2,4,194.55,69.24,125.31
1792,2024-07-01,13,1,3,5,247.57,88.72,158.85
1793,2024-07-01,13,1,4,7,405.58,133.06,272.52
1794,2024-07-01,13,1,5,4,240.48,86.31,154.17
1795,2024-07-01,13,2,1,1,62.4,19.66,42.74
1796,2024-07-01,13,2,2,1,65.31,19.41,45.9
1797,2024-07-01,13,2,3,2,106.39,36.73,69.66
1798,2024-07-01,13,2,4,8,429.9,143.29,286.61
1799,2024-07-01,13,3,2,2,120.21,40.43,79.78
1800,2024-07-01,13,3,4,2,113.77,36.87,76.9
1801,2024-07-01,13,4,4,1,55.49,18.88,36.61
1802,2024-07-01,13,4,5,3,186.73,60.34,126.39
1803,2024-07-01,13,5,2,1,52.2,19.3,32.9
1804,2024-07-01,13,5,4,7,356.89,134.67,222.22
1805,2024-07-01,14,1,1,2,51.05,18.8,32.25
1806,2024-07-01,14,1,2,4,98.4,36.02,62.38
1807,2024-07-01,14,1,3,6,157.45,54.89,102.56
1808,2024-07-01,14,1,4,9,230.53,84.08,146.45
1809,2024-07-01,14,2,1,4,124.02,42.52,81.5
1810,2024-07-01,14,2,2,1,30.98,10.01,20.97
1811,2024-07-01,14,2,3,1,31.17,9.5,21.67
1812,2024-07-01,14,2,4,4,105.36,35.66,69.7
1813,2024-07-01,14,2,5,1,25.73,9.19,16.54
1814,2024-07-01,14,3,1,6,166.81,55.15,111.66
1815,2024-07-01,14,3,3,4,108.36,37.98,70.38
1816,2024-07-01,14,3,4,14,359.19,128.11,231.08
1817,2024-07-01,14,3,5,7,190.55,67.67,122.88
1818,2024-07-01,14,4,2,3,100.04,32.23,67.81
1819,2024-07-01,14,4,3,3,92.72,29.63,63.09
1820,2024-07-01,14,4,4,2,57.06,18.9,38.16
1821,2024-07-01,14,4,5,2,59.18,19.4,39.78
1822,2024-07-01,14,5,2,1,23.92,9.48,14.44
1823,2024-07-01,14,5,3,1,22.76,9.05,13.71
1824,2024-07-01,14,5,4,4,112.48,43.87,68.61
1825,2024-07-01,14,5,5,1,24.82,8.54,16.28
1826,2024-07-01,15,1,1,4,235.04,88.42,146.62
1827,2024-07-01,15,1,2,7,400.16,142.5,257.66
1828,2024-07-01,15,1,3,3,155.0,59.13,95.87
1829,2024-07-01,15,1,4,4,225.89,87.25,138.64
1830,2024-07-01,15,1,5,4,197.81,73.83,123.98
1831,2024-07-01,15,2,1,2,117.96,44.79,73.17
1832,2024-07-01,15,2,2,5,281.54,107.86,173.68
1833,2024-07-01,15,2,3,3,162.19,63.23,98.96
1834,2024-07-01,15,2,4,2,109.38,40.52,68.86
1835,2024-07-01,15,3,4,3,170.98,62.31,108.67
1836,2024-07-01,15,3,5,3,165.93,65.51,100.42
1837,2024-07-01,15,4,1,1,69.21,25.11,44.1
1838,2024-07-01,15,4,3,2,127.89,46.6,81.29
1839,2024-07-01,15,4,4,3,175.86,62.29,113.57
1840,2024-07-01,15,4,5,2,122.24,45.14,77.1
1841,2024-07-01,15,5,3,3,164.76,62.9,101.86
1842,2024-07-01,15,5,4,4,237.27,93.88,143.39
1843,2024-07-01,15,5,5,4,201.07,83.2,117.87
1844,2024-08-01,1,1,1,1,54.47,24.18,30.29
1845,2024-08-01,1,1,4,5,334.08,129.57,204.51
1846,2024-08-01,1,1,5,4,295.32,110.9,184.42
1847,2024-08-01,1,2,2,2,149.61,51.87,97.74
1848,2024-08-01,1,2,4,4,246.38,93.56,152.82
1849,2024-08-01,1,2,5,3,204.0,73.83,130.17
1850,2024-08-01,1,3,2,1,72.71,27.31,45.4
1851,2024-08-01,1,3,4,8,513.2,192.29,320.91
1852,2024-08-01,1,3,5,1,63.32,23.82,39.5
1853,2024-08-01,1,4,2,3,225.32,83.73,141.59
1854,2024-08-01,1,4,4,9,589.55,221.63,367.92
1855,2024-08-01,1,4,5,2,138.59,52.14,86.45
1856,2024-08-01,1,5,2,2,110.88,48.05,62.83
1857,2024-08-01,1,5,4,1,61.63,22.75,38.88
1858,2024-08-01,1,5,5,2,99.11,47.36,51.75
1859,2024-08-01,2,1,2,6,648.53,250.76,397.77
1860,2024-08-01,2,1,3,3,297.47,116.62,180.85
1861,2024-08-01,2,1,4,6,696.04,253.08,442.96
1862,2024-08-01,2,1,5,1,95.71,35.97,59.74
1863,2024-08-01,2,2,1,1,117.19,43.7,73.49
1864,2024-08-01,2,2,2,1,107.01,42.8,64.21
1865,2024-08-01,2,2,4,5,620.63,236.69,383.94
1866,2024-08-01,2,2,5,1,103.25,40.55,62.7
1867,2024-08-01,2,3,2,1,107.36,44.99,62.37
1868,2024-08-01,2,3,3,2,222.93,94.58,128.35
1869,2024-08-01,2,3,4,11,1243.45,462.22,781.23
1870,2024-08-01,2,4,2,1,117.81,46.19,71.62
1871,2024-08-01,2,4,3,6,766.37,273.31,493.06
1872,2024-08-01,2,4,4,1,121.26,43.76,77.5
1873,2024-08-01,2,4,5,7,792.26,297.48,494.78
1874,2024-08-01,2,5,2,3,317.36,125.24,192.12
1875,2024-08-01,2,5,4,6,627.72,261.62,366.1
1876,2024-08-01,2,5,5,2,163.78,79.72,84.06
1877,2024-08-01,3,1,1,6,323.6,113.37,210.23
1878,2024-08-01,3,1,2,1,51.45,18.63,32.82
1879,2024-08-01,3,1,3,3,133.63,51.17,82.46
1880,2024-08-01,3,1,4,3,166.8,62.98,103.82
1881,2024-08-01,3,1,5,1,40.53,17.03,23.5
1882,2024-08-01,3,2,1,1,52.13,19.75,32.38
1883,2024-08-01,3,2,2,1,52.19,20.29,31.9
1884,2024-08-01,3,2,4,11,546.39,207.78,338.61
1885,2024-08-01,3,2,5,4,197.96,74.0,123.96
1886,2024-08-01,3,3,1,6,293.41,103.47,189.94
1887,2024-08-01,3,3,2,2,112.21,43.56,68.65
1888,2024-08-01,3,3,4,5,256.3,93.97,162.33
1889,2024-08-01,3,3,5,2,95.52,37.73,57.79
1890,2024-08-01,3,4,1,1,60.91,21.33,39.58
1891,2024-08-01,3,4,2,3,181.97,66.38,115.59
1892,2024-08-01,3,4,3,1,56.14,19.44,36.7
1893,2024-08-01,3,4,4,2,99.38,38.32,61.06
1894,2024-08-01,3,4,5,5,293.88,102.86,191.02
1895,2024-08-01,3,5,1,1,50.02,19.54,30.48
1896,2024-08-01,3,5,2,5,239.27,96.39,142.88
1897,2024-08-01,3,5,3,5,215.73,88.62,127.11
1898,2024-08-01,3,5,4,2,79.59,35.16,44.43
1899,2024-08-01,3,5,5,2,94.16,35.65,58.51
1900,2024-08-01,4,1,1,1,85.14,31.94,53.2
1901,2024-08-01,4,1,2,4,334.64,119.06,215.58
1902,2024-08-01,4,1,3,1,81.16,29.75,51.41
1903,2024-08-01,4,1,4,10,836.93,321.76,515.17
1904,2024-08-01,4,1,5,1,71.23,28.6,42.63
1905,2024-08-01,4,2,1,1,97.37,32.78,64.59
1906,2024-08-01,4,2,2,1,94.03,32.39,61.64
1907,2024-08-01,4,2,4,1,72.57,29.67,42.9
1908,2024-08-01,4,2,5,4,363.07,124.44,238.63
1909,2024-08-01,4,3,2,3,286.1,100.76,185.34
1910,2024-08-01,4,3,3,2,167.9,61.3,106.6
1911,2024-08-01,4,3,4,3,249.67,97.36,152.31
1912,2024-08-01,4,3,5,3,272.63,100.01,172.62
1913,2024-08-01,4,4,1,1,96.1,34.94,61.16
1914,2024-08-01,4,4,2,3,306.48,105.93,200.55
1915,2024-08-01,4,4,4,2,164.32,63.62,100.7
1916,2024-08-01,4,5,2,1,70.13,32.07,38.06
1917,2024-08-01,4,5,4,2,146.01,54.02,91.99
1918,2024-08-01,5,1,1,1,82.92,36.63,46.29
1919,2024-08-01,5,1,2,4,358.41,144.74,213.67
1920,2024-08-01,5,1,4,4,405.7,163.74,241.96
1921,2024-08-01,5,2,2,2,211.72,79.18,132.54
1922,2024-08-01,5,2,3,2,198.03,76.04,121.99
1923,2024-08-01,5,2,4,3,253.8,109.99,143.81
1924,2024-08-01,5,2,5,4,361.51,151.26,210.25
1925,2024-08-01,5,3,2,2,193.76,84.41,109.35
1926,2024-08-01,5,3,3,4,408.39,164.58,243.81
1927,2024-08-01,5,3,4,10,911.46,376.27,535.19
1928,2024-08-01,5,3,5,5,488.53,194.1,294.43
1929,2024-08-01,5,4,2,2,237.29,88.8,148.49
1930,2024-08-01,5,4,4,6,595.74,237.75,357.99
1931,2024-08-01,5,4,5,2,210.16,81.28,128.88
1932,2024-08-01,5,5,2,2,164.2,77.69,86.51
1933,2024-08-01,5,5,4,5,457.19,204.18,253.01
1934,2024-08-01,6,1,2,5,334.07,140.56,193.51
1935,2024-08-01,6,1,3,4,249.67,108.0,141.67
1936,2024-08-01,6,1,4,4,322.23,137.66,184.57
1937,2024-08-01,6,1,5,2,138.07,55.15,82.92
1938,2024-08-01,6,2,1,1,80.51,32.28,48.23
1939,2024-08-01,6,2,2,1,86.99,32.29,54.7
1940,2024-08-01,6,2,4,3,221.59,84.42,137.17
1941,2024-08-01,6,2,5,4,302.83,124.53,178.3
1942,2024-08-01,6,3,1,2,181.4,65.79,115.61
1943,2024-08-01,6,3,2,2,164.06,66.25,97.81
1944,2024-08-01,6,3,3,2,160.54,65.14,95.4
1945,2024-08-01,6,3,4,5,361.85,143.2,218.65
1946,2024-08-01,6,4,3,1,76.82,31.06,45.76
1947,2024-08-01,6,4,4,4,315.59,127.95,187.64
1948,2024-08-01,6,4,5,2,152.54,60.57,91.97
1949,2024-08-01,6,5,2,2,153.77,63.53,90.24
1950,2024-08-01,6,5,3,1,67.0,28.45,38.55
1951,2024-08-01,6,5,4,3,204.4,79.11,125.29
1952,2024-08-01,7,1,1,4,193.81,72.22,121.59
1953,2024-08-01,7,1,2,4,166.94,64.94,102.0
1954,2024-08-01,7,1,4,6,249.62,100.41,149.21
1955,2024-08-01,7,1,5,7,330.16,119.27,210.89
1956,2024-08-01,7,2,1,2,102.35,35.06,67.29
1957,2024-08-01,7,2,2,2,86.44,35.44,51.0
1958,2024-08-01,7,2,3,4,190.23,72.03,118.2
1959,2024-08-01,7,2,4,5,249.22,91.29,157.93
1960,2024-08-01,7,2,5,1,46.31,16.54,29.77
1961,2024-08-01,7,3,1,1,53.74,19.11,34.63
1962,2024-08-01,7,3,3,1,47.27,18.32,28.95
1963,2024-08-01,7,3,4,6,273.41,102.17,171.24
1964,2024-08-01,7,3,5,6,289.05,105.24,183.81
1965,2024-08-01,7,4,1,2,106.62,40.95,65.67
1966,2024-08-01,7,4,2,1,58.29,20.1,38.19
1967,2024-08-01,7,4,4,3,139.25,51.52,87.73
1968,2024-08-01,7,4,5,1,48.45,17.25,31.2
1969,2024-08-01,7,5,2,2,92.52,34.23,58.29
1970,2024-08-01,7,5,4,3,113.96,47.91,66.05
1971,2024-08-01,8,1,1,1,42.33,18.87,23.46
1972,2024-08-01,8,1,2,3,139.9,51.73,88.17
1973,2024-08-01,8,1,3,1,40.83,16.52,24.31
1974,2024-08-01,8,1,4,5,253.28,96.75,156.53
1975,2024-08-01,8,1,5,4,170.09,68.01,102.08
1976,2024-08-01,8,2,1,2,107.37,40.85,66.52
1977,2024-08-01,8,2,3,1,47.39,17.96,29.43
1978,2024-08-01,8,2,4,1,46.88,16.3,30.58
1979,2024-08-01,8,2,5,1,44.2,18.27,25.93
1980,2024-08-01,8,3,1,1,56.8,21.48,35.32
1981,2024-08-01,8,3,2,1,47.39,20.0,27.39
1982,2024-08-01,8,3,3,1,54.17,19.04,35.13
1983,2024-08-01,8,3,4,5,231.79,86.85,144.94
1984,2024-08-01,8,3,5,1,54.33,18.97,35.36
1985,2024-08-01,8,4,2,2,118.69,42.37,76.32
1986,2024-08-01,8,4,3,1,54.53,19.27,35.26
1987,2024-08-01,8,4,4,6,299.73,114.67,185.06
1988,2024-08-01,8,4,5,3,151.13,58.03,93.1
1989,2024-08-01,8,5,3,1,41.85,16.84,25.01
1990,2024-08-01,8,5,4,7,328.09,138.52,189.57
1991,2024-08-01,8,5,5,3,128.6,55.16,73.44
1992,2024-08-01,9,1,2,2,142.87,52.33,90.54
1993,2024-08-01,9,1,3,2,120.26,49.17,71.09
1994,2024-08-01,9,1,4,11,752.95,293.38,459.57
1995,2024-08-01,9,1,5,3,170.07,71.16,98.91
1996,2024-08-01,9,2,4,3,187.84,73.15,114.69
1997,2024-08-01,9,2,5,1,66.04,27.04,39.0
1998,2024-08-01,9,3,2,1,69.29,30.15,39.14
1999,2024-08-01,9,3,3,4,280.21,107.63,172.58
2000,2024-08-01,9,3,4,8,554.29,216.85,337.44
2001,2024-08-01,9,4,1,1,83.85,31.48,52.37
2002,2024-08-01,9,4,2,1,79.77,30.71,49.06
2003,2024-08-01,9,4,4,1,67.93,27.34,40.59
2004,2024-08-01,9,5,3,1,59.08,25.21,33.87
2005,2024-08-01,9,5,4,1,67.28,25.72,41.56
2006,2024-08-01,9,5,5,3,184.78,75.87,108.91
2007,2024-08-01,10,1,2,3,173.33,62.93,110.4
2008,2024-08-01,10,1,3,1,55.02,21.44,33.58
2009,2024-08-01,10,1,4,4,203.43,79.1,124.33
2010,2024-08-01,10,1,5,4,211.98,78.95,133.03
2011,2024-08-01,10,2,1,1,70.93,24.69,46.24
2012,2024-08-01,10,2,2,2,134.21,48.37,85.84
2013,2024-08-01,10,2,3,1,60.06,23.41,36.65
2014,2024-08-01,10,2,4,6,340.37,124.79,215.58
2015,2024-08-01,10,2,5,3,163.85,65.9,97.95
2016,2024-08-01,10,3,4,3,165.7,66.94,98.76
2017,2024-08-01,10,3,5,1,59.64,22.39,37.25
2018,2024-08-01,10,4,2,2,141.28,51.93,89.35
2019,2024-08-01,10,5,3,2,92.76,41.77,50.99
2020,2024-08-01,10,5,4,3,169.72,61.51,108.21
2021,2024-08-01,10,5,5,3,157.11,62.1,95.01
2022,2024-08-01,11,1,1,1,44.83,12.58,32.25
2023,2024-08-01,11,1,2,2,77.33,25.55,51.78
2024,2024-08-01,11,1,4,5,211.47,65.37,146.1
2025,2024-08-01,11,1,5,4,144.83,45.64,99.19
2026,2024-08-01,11,2,1,2,89.49,27.19,62.3
2027,2024-08-01,11,2,2,1,38.01,12.7,25.31
2028,2024-08-01,11,2,3,1,37.4,12.91,24.49
2029,2024-08-01,11,2,4,11,466.32,141.45,324.87
2030,2024-08-01,11,2,5,3,123.8,36.93,86.87
2031,2024-08-01,11,3,2,1,47.82,14.09,33.73
2032,2024-08-01,11,3,3,1,44.15,13.23,30.92
2033,2024-08-01,11,3,4,7,288.27,87.14,201.13
2034,2024-08-01,11,3,5,1,43.51,12.64,30.87
2035,2024-08-01,11,4,1,4,152.34,46.7,105.64
2036,2024-08-01,11,4,2,5,231.81,71.27,160.54
2037,2024-08-01,11,4,3,1,44.93,12.95,31.98
2038,2024-08-01,11,4,4,4,186.92,52.85,134.07
2039,2024-08-01,11,4,5,2,85.02,26.42,58.6
2040,2024-08-01,11,5,4,4,166.55,56.36,110.19
2041,2024-08-01,11,5,5,1,36.3,11.96,24.34
2042,2024-08-01,12,1,2,5,331.87,125.71,206.16
2043,2024-08-01,12,1,4,8,643.8,228.08,415.72
2044,2024-08-01,12,1,5,3,183.93,68.66,115.27
2045,2024-08-01,12,2,2,3,245.17,80.18,164.99
2046,2024-08-01,12,2,4,9,682.61,234.74,447.87
2047,2024-08-01,12,2,5,4,294.72,103.07,191.65
2048,2024-08-01,12,3,1,1,96.91,30.56,66.35
2049,2024-08-01,12,3,2,1,88.36,29.67,58.69
2050,2024-08-01,12,3,3,1,83.12,27.94,55.18
2051,2024-08-01,12,3,4,3,224.8,74.3,150.5
2052,2024-08-01,12,3,5,2,162.24,55.99,106.25
2053,2024-08-01,12,4,1,2,183.91,64.19,119.72
2054,2024-08-01,12,4,2,3,265.27,87.65,177.62
2055,2024-08-01,12,4,4,1,84.41,28.19,56.22
2056,2024-08-01,12,4,5,1,79.12,27.59,51.53
2057,2024-08-01,12,5,2,4,314.08,103.12,210.96
2058,2024-08-01,12,5,4,7,502.86,197.35,305.51
2059,2024-08-01,13,1,1,1,53.77,19.72,34.05
2060,2024-08-01,13,1,2,9,521.98,167.18,354.8
2061,2024-08-01,13,1,4,8,460.02,161.83,298.19
2062,2024-08-01,13,1,5,1,45.79,18.0,27.79
2063,2024-08-01,13,2,2,1,60.5,19.31,41.19
2064,2024-08-01,13,2,4,2,108.35,36.84,71.51
2065,2024-08-01,13,2,5,4,209.59,73.82,135.77
2066,2024-08-01,13,3,3,2,120.47,39.15,81.32
2067,2024-08-01,13,3,4,3,161.44,56.17,105.27
2068,2024-08-01,13,3,5,2,108.73,37.64,71.09
2069,2024-08-01,13,4,1,1,73.32,23.04,50.28
2070,2024-08-01,13,4,2,2,122.87,42.49,80.38
2071,2024-08-01,13,4,3,1,58.67,19.29,39.38
2072,2024-08-01,13,4,5,2,115.77,41.62,74.15
2073,2024-08-01,13,5,2,2,107.81,39.53,68.28
2074,2024-08-01,13,5,4,1,42.08,16.69,25.39
2075,2024-08-01,13,5,5,6,286.61,108.14,178.47
2076,2024-08-01,14,1,1,1,27.88,9.43,18.45
2077,2024-08-01,14,1,2,4,104.7,34.94,69.76
2078,2024-08-01,14,1,3,1,23.49,9.13,14.36
2079,2024-08-01,14,1,4,6,152.88,57.84,95.04
2080,2024-08-01,14,1,5,4,98.9,35.35,63.55
2081,2024-08-01,14,2,1,1,29.0,10.22,18.78
2082,2024-08-01,14,2,2,1,29.4,10.01,19.39
2083,2024-08-01,14,2,4,8,225.21,80.65,144.56
2084,2024-08-01,14,2,5,2,55.41,19.02,36.39
2085,2024-08-01,14,3,2,2,65.27,21.03,44.24
2086,2024-08-01,14,3,4,7,196.54,66.85,129.69
2087,2024-08-01,14,3,5,3,85.87,30.41,55.46
2088,2024-08-01,14,4,4,6,173.24,59.31,113.93
2089,2024-08-01,14,4,5,2,58.63,19.25,39.38
2090,2024-08-01,14,5,1,3,77.36,30.14,47.22
2091,2024-08-01,14,5,2,1,23.66,9.73,13.93
2092,2024-08-01,14,5,4,3,89.13,34.78,54.35
2093,2024-08-01,14,5,5,1,25.66,8.86,16.8
2094,2024-08-01,15,1,1,1,51.31,21.05,30.26
2095,2024-08-01,15,1,2,7,424.42,157.45,266.97
2096,2024-08-01,15,1,3,3,147.0,58.6,88.4
2097,2024-08-01,15,1,4,5,276.1,115.17,160.93
2098,2024-08-01,15,2,2,2,109.57,45.43,64.14
2099,2024-08-01,15,2,3,2,114.24,41.22,73.02
2100,2024-08-01,15,2,4,7,375.26,141.14,234.12
2101,2024-08-01,15,2,5,4,221.75,78.67,143.08
2102,2024-08-01,15,3,1,6,303.55,122.2,181.35
2103,2024-08-01,15,3,2,6,352.4,133.01,219.39
2104,2024-08-01,15,3,4,8,435.45,157.22,278.23
2105,2024-08-01,15,3,5,2,109.63,43.95,65.68
2106,2024-08-01,15,4,1,7,381.47,145.84,235.63
2107,2024-08-01,15,4,4,7,395.86,150.61,245.25
2108,2024-08-01,15,4,5,1,59.58,21.69,37.89
2109,2024-08-01,15,5,2,1,50.48,21.52,28.96
2110,2024-08-01,15,5,4,7,374.41,160.4,214.01
2111,2024-08-01,15,5,5,3,137.62,58.81,78.81
2112,2024-09-01,1,1,2,3,184.96,71.37,113.59
2113,2024-09-01,1,1,3,2,121.19,47.87,73.32
2114,2024-09-01,1,1,4,8,499.04,194.34,304.7
2115,2024-09-01,1,1,5,2,123.04,45.98,77.06
2116,2024-09-01,1,2,3,3,168.8,70.1,98.7
2117,2024-09-01,1,2,4,8,566.9,210.41,356.49
2118,2024-09-01,1,2,5,4,270.43,96.95,173.48
2119,2024-09-01,1,3,1,1,70.16,29.38,40.78
2120,2024-09-01,1,3,2,1,69.86,28.66,41.2
2121,2024-09-01,1,3,3,1,67.49,26.62,40.87
2122,2024-09-01,1,3,4,8,522.25,202.64,319.61
2123,2024-09-01,1,3,5,3,208.01,76.77,131.24
2124,2024-09-01,1,4,1,6,398.36,146.47,251.89
2125,2024-09-01,1,4,3,4,296.47,105.69,190.78
2126,2024-09-01,1,4,4,2,141.65,49.39,92.26
2127,2024-09-01,1,4,5,1,74.4,26.26,48.14
2128,2024-09-01,1,5,3,1,57.69,25.24,32.45
2129,2024-09-01,1,5,4,7,414.25,158.35,255.9
2130,2024-09-01,1,5,5,3,169.95,71.67,98.28
2131,2024-09-01,2,1,1,3,317.01,132.21,184.8
2132,2024-09-01,2,1,2,5,569.67,196.66,373.01
2133,2024-09-01,2,1,3,2,182.33,74.94,107.39
2134,2024-09-01,2,1,4,5,499.49,214.64,284.85
2135,2024-09-01,2,1,5,4,391.29,151.64,239.65
2136,2024-09-01,2,2,1,2,231.13,92.85,138.28
2137,2024-09-01,2,2,3,5,542.37,211.97,330.4
2138,2024-09-01,2,2,4,8,917.44,355.23,562.21
2139,2024-09-01,2,2,5,2,201.38,78.87,122.51
2140,2024-09-01,2,3,4,5,534.51,205.96,328.55
2141,2024-09-01,2,3,5,1,107.62,41.48,66.14
2142,2024-09-01,2,4,2,5,504.44,194.56,309.88
2143,2024-09-01,2,4,3,3,365.75,135.11,230.64
2144,2024-09-01,2,4,4,2,243.59,84.06,159.53
2145,2024-09-01,2,4,5,1,118.43,45.13,73.3
2146,2024-09-01,2,5,2,4,428.72,170.5,258.22
2147,2024-09-01,2,5,4,6,560.16,239.72,320.44
2148,2024-09-01,2,5,5,4,353.4,152.9,200.5
2149,2024-09-01,3,1,1,4,198.29,75.99,122.3
2150,2024-09-01,3,1,2,3,142.36,54.06,88.3
2151,2024-09-01,3,1,3,3,126.36,50.7,75.66
2152,2024-09-01,3,1,4,4,187.51,66.61,120.9
2153,2024-09-01,3,1,5,3,133.01,48.68,84.33
2154,2024-09-01,3,2,4,2,92.31,35.05,57.26
2155,2024-09-01,3,2,5,1,52.68,18.58,34.1
2156,2024-09-01,3,3,2,1,51.92,20.47,31.45
2157,2024-09-01,3,3,4,11,584.42,209.93,374.49
2158,2024-09-01,3,4,2,3,187.86,63.41,124.45
2159,2024-09-01,3,4,3,6,329.72,123.58,206.14
2160,2024-09-01,3,4,4,8,442.65,157.68,284.97
2161,2024-09-01,3,4,5,4,213.36,78.23,135.13
2162,2024-09-01,3,5,2,1,52.99,19.48,33.51
2163,2024-09-01,3,5,4,4,186.02,69.08,116.94
2164,2024-09-01,3,5,5,1,44.0,17.74,26.26
2165,2024-09-01,4,1,1,3,236.74,88.56,148.18
2166,2024-09-01,4,1,2,8,627.25,247.07,380.18
2167,2024-09-01,4,1,3,1,79.54,28.04,51.5
2168,2024-09-01,4,1,4,9,792.33,297.83,494.5
2169,2024-09-01,4,1,5,2,140.36,56.6,83.76
2170,2024-09-01,4,2,1,1,84.52,34.74,49.78
2171,2024-09-01,4,2,2,2,166.69,64.45,102.24
2172,2024-09-01,4,2,3,1,88.6,32.56,56.04
2173,2024-09-01,4,2,4,3,241.61,85.85,155.76
2174,2024-09-01,4,2,5,5,400.03,158.17,241.86
2175,2024-09-01,4,3,1,3,257.34,107.79,149.55
2176,2024-09-01,4,3,2,1,95.35,34.18,61.17
2177,2024-09-01,4,3,3,2,185.8,66.44,119.36
2178,2024-09-01,4,3,4,1,79.05,30.07,48.98
2179,2024-09-01,4,4,2,1,97.26,35.6,61.66
2180,2024-09-01,4,4,3,1,89.83,32.99,56.84
2181,2024-09-01,4,4,4,2,171.2,61.9,109.3
2182,2024-09-01,4,4,5,1,91.41,31.42,59.99
2183,2024-09-01,4,5,4,1,62.51,27.95,34.56
2184,2024-09-01,4,5,5,3,250.57,90.68,159.89
2185,2024-09-01,5,1,2,7,588.5,261.58,326.92
2186,2024-09-01,5,1,3,1,90.83,36.05,54.78
2187,2024-09-01,5,1,4,2,154.66,63.86,90.8
2188,2024-09-01,5,1,5,1,70.45,33.51,36.94
2189,2024-09-01,5,2,1,2,214.14,84.51,129.63
2190,2024-09-01,5,2,2,1,85.28,40.18,45.1
2191,2024-09-01,5,2,3,3,268.14,114.85,153.29
2192,2024-09-01,5,2,4,4,336.91,141.2,195.71
2193,2024-09-01,5,2,5,6,544.56,219.07,325.49
2194,2024-09-01,5,3,1,2,207.67,90.47,117.2
2195,2024-09-01,5,3,3,1,92.7,38.58,54.12
2196,2024-09-01,5,3,4,4,343.89,145.21,198.68
2197,2024-09-01,5,3,5,4,370.45,165.07,205.38
2198,2024-09-01,5,4,2,3,331.02,133.23,197.79
2199,2024-09-01,5,4,3,4,411.39,166.4,244.99
2200,2024-09-01,5,4,5,2,206.05,77.9,128.15
2201,2024-09-01,5,5,3,1,80.1,39.53,40.57
2202,2024-09-01,5,5,4,2,137.97,65.62,72.35
2203,2024-09-01,5,5,5,1,88.12,36.0,52.12
2204,2024-09-01,6,1,2,6,436.46,183.28,253.18
2205,2024-09-01,6,1,3,1,58.8,28.72,30.08
2206,2024-09-01,6,1,4,3,248.5,104.73,143.77
2207,2024-09-01,6,1,5,4,256.15,103.74,152.41
2208,2024-09-01,6,2,1,5,383.35,166.2,217.15
2209,2024-09-01,6,2,3,1,71.82,29.92,41.9
2210,2024-09-01,6,2,4,4,277.57,120.99,156.58
2211,2024-09-01,6,3,3,3,226.39,92.18,134.21
2212,2024-09-01,6,3,4,5,390.19,150.38,239.81
2213,2024-09-01,6,3,5,3,226.66,92.67,133.99
2214,2024-09-01,6,4,2,3,245.1,104.23,140.87
2215,2024-09-01,6,4,3,4,313.83,127.84,185.99
2216,2024-09-01,6,4,4,2,159.31,65.37,93.94
2217,2024-09-01,6,4,5,2,167.86,63.89,103.97
2218,2024-09-01,6,5,3,1,70.05,27.2,42.85
2219,2024-09-01,6,5,5,4,254.62,109.84,144.78
2220,2024-09-01,7,1,2,3,138.44,50.49,87.95
2221,2024-09-01,7,1,3,5,202.81,81.96,120.85
2222,2024-09-01,7,1,4,5,228.36,88.94,139.42
2223,2024-09-01,7,1,5,4,169.79,62.52,107.27
2224,2024-09-01,7,2,1,2,101.45,38.26,63.19
2225,2024-09-01,7,2,2,1,45.44,17.23,28.21
2226,2024-09-01,7,2,3,5,221.63,88.62,133.01
2227,2024-09-01,7,2,4,9,435.7,153.92,281.78
2228,2024-09-01,7,2,5,4,180.75,68.07,112.68
2229,2024-09-01,7,3,1,1,50.61,20.34,30.27
2230,2024-09-01,7,3,2,3,153.4,56.48,96.92
2231,2024-09-01,7,3,4,5,224.82,85.1,139.72
2232,2024-09-01,7,3,5,6,275.5,101.7,173.8
2233,2024-09-01,7,4,1,4,168.16,60.74,107.42
2234,2024-09-01,7,4,2,1,53.97,18.99,34.98
2235,2024-09-01,7,4,3,1,48.43,18.38,30.05
2236,2024-09-01,7,4,4,3,131.62,48.84,82.78
2237,2024-09-01,7,4,5,5,263.33,94.72,168.61
2238,2024-09-01,7,5,2,1,44.99,17.82,27.17
2239,2024-09-01,7,5,3,1,41.15,16.69,24.46
2240,2024-09-01,7,5,4,1,38.34,15.54,22.8
2241,2024-09-01,7,5,5,4,164.09,65.83,98.26
2242,2024-09-01,8,1,1,2,99.28,39.89,59.39
2243,2024-09-01,8,1,2,3,130.3,56.47,73.83
2244,2024-09-01,8,1,4,1,41.77,16.37,25.4
2245,2024-09-01,8,1,5,4,223.19,84.85,138.34
2246,2024-09-01,8,2,3,2,91.8,37.69,54.11
2247,2024-09-01,8,2,4,7,328.02,125.76,202.26
2248,2024-09-01,8,2,5,4,197.78,70.8,126.98
2249,2024-09-01,8,3,1,1,58.99,21.86,37.13
2250,2024-09-01,8,3,3,4,206.53,80.18,126.35
2251,2024-09-01,8,3,4,7,325.18,131.33,193.85
2252,2024-09-01,8,3,5,2,98.17,37.08,61.09
2253,2024-09-01,8,4,2,3,174.65,64.37,110.28
2254,2024-09-01,8,4,3,2,110.67,38.84,71.83
2255,2024-09-01,8,4,4,6,308.23,111.02,197.21
2256,2024-09-01,8,4,5,2,108.01,40.71,67.3
2257,2024-09-01,8,5,2,3,126.19,55.81,70.38
2258,2024-09-01,8,5,4,3,129.21,49.28,79.93
2259,2024-09-01,8,5,5,2,89.74,36.19,53.55
2260,2024-09-01,9,1,2,3,198.09,79.53,118.56
2261,2024-09-01,9,1,3,1,62.2,24.94,37.26
2262,2024-09-01,9,1,4,2,119.78,45.33,74.45
2263,2024-09-01,9,1,5,2,128.75,48.47,80.28
2264,2024-09-01,9,2,2,2,150.5,56.94,93.56
2265,2024-09-01,9,2,3,1,61.46,26.51,34.95
2266,2024-09-01,9,2,4,3,203.43,78.1,125.33
2267,2024-09-01,9,2,5,3,185.47,78.09,107.38
2268,2024-09-01,9,3,2,5,368.38,150.93,217.45
2269,2024-09-01,9,3,4,2,125.27,53.18,72.09
2270,2024-09-01,9,3,5,1,69.51,27.45,42.06
2271,2024-09-01,9,4,2,2,153.7,60.55,93.15
2272,2024-09-01,9,4,4,4,299.43,110.87,188.56
2273,2024-09-01,9,5,2,5,330.17,135.11,195.06
2274,2024-09-01,9,5,3,1,58.7,25.8,32.9
2275,2024-09-01,9,5,4,3,182.57,73.93,108.64
2276,2024-09-01,9,5,5,2,116.69,53.89,62.8
2277,2024-09-01,10,1,2,1,58.22,21.79,36.43
2278,2024-09-01,10,1,4,2,110.25,39.45,70.8
2279,2024-09-01,10,1,5,4,272.89,97.37,175.52
2280,2024-09-01,10,2,2,3,188.84,71.49,117.35
2281,2024-09-01,10,2,3,3,171.89,65.51,106.38
2282,2024-09-01,10,2,4,5,279.95,107.32,172.63
2283,2024-09-01,10,2,5,1,60.8,22.35,38.45
2284,2024-09-01,10,3,4,3,175.11,65.29,109.82
2285,2024-09-01,10,4,1,1,74.02,26.65,47.37
2286,2024-09-01,10,4,2,1,73.45,25.62,47.83
2287,2024-09-01,10,4,3,2,130.75,46.39,84.36
2288,2024-09-01,11,1,2,1,42.89,12.46,30.43
2289,2024-09-01,11,1,3,1,40.38,11.88,28.5
2290,2024-09-01,11,1,4,9,355.95,109.96,245.99
2291,2024-09-01,11,1,5,5,210.41,65.4,145.01
2292,2024-09-01,11,2,1,1,45.58,13.54,32.04
2293,2024-09-01,11,2,2,1,42.96,12.83,30.13
2294,2024-09-01,11,2,4,2,77.48,23.46,54.02
2295,2024-09-01,11,2,5,9,359.05,112.81,246.24
2296,2024-09-01,11,3,2,1,48.79,14.84,33.95
2297,2024-09-01,11,3,3,1,41.7,12.71,28.99
2298,2024-09-01,11,3,4,2,82.53,25.88,56.65
2299,2024-09-01,11,3,5,3,125.6,39.76,85.84
2300,2024-09-01,11,4,2,1,48.68,14.22,34.46
2301,2024-09-01,11,4,4,6,247.7,75.85,171.85
2302,2024-09-01,11,5,2,3,115.92,37.12,78.8
2303,2024-09-01,11,5,4,1,34.62,11.63,22.99
2304,2024-09-01,11,5,5,2,63.98,23.39,40.59
2305,2024-09-01,12,1,2,4,295.0,103.85,191.15
2306,2024-09-01,12,1,3,1,73.57,23.96,49.61
2307,2024-09-01,12,1,4,7,537.45,188.01,349.44
2308,2024-09-01,12,1,5,4,275.58,97.05,178.53
2309,2024-09-01,12,2,2,2,168.89,54.91,113.98
2310,2024-09-01,12,2,3,1,77.5,24.97,52.53
2311,2024-09-01,12,2,4,2,156.79,47.62,109.17
2312,2024-09-01,12,2,5,2,142.83,52.0,90.83
2313,2024-09-01,12,3,2,1,88.08,29.07,59.01
2314,2024-09-01,12,3,4,6,471.64,159.26,312.38
2315,2024-09-01,12,4,4,2,172.37,54.02,118.35
2316,2024-09-01,12,5,4,9,681.22,251.81,429.41
2317,2024-09-01,12,5,5,5,354.58,129.1,225.48
2318,2024-09-01,13,1,1,2,107.72,37.47,70.25
2319,2024-09-01,13,1,4,2,99.14,33.46,65.68
2320,2024-09-01,13,1,5,5,260.29,104.08,156.21
2321,2024-09-01,13,2,1,1,68.18,21.77,46.41
2322,2024-09-01,13,2,2,1,57.3,20.41,36.89
2323,2024-09-01,13,2,3,1,59.22,19.39,39.83
2324,2024-09-01,13,2,4,9,505.29,171.32,333.97
2325,2024-09-01,13,2,5,3,156.37,56.55,99.82
2326,2024-09-01,13,3,1,5,283.95,108.2,175.75
2327,2024-09-01,13,3,2,2,125.33,43.92,81.41
2328,2024-09-01,13,3,3,1,56.24,20.59,35.65
2329,2024-09-01,13,3,4,7,376.99,133.56,243.43
2330,2024-09-01,13,3,5,7,403.43,136.65,266.78
2331,2024-09-01,13,4,1,1,67.32,22.2,45.12
2332,2024-09-01,13,4,3,3,186.31,65.48,120.83
2333,2024-09-01,13,4,4,2,108.28,37.57,70.71
2334,2024-09-01,13,5,4,8,443.63,160.31,283.32
2335,2024-09-01,14,1,1,1,24.67,9.94,14.73
2336,2024-09-01,14,1,2,3,87.26,26.91,60.35
2337,2024-09-01,14,1,4,2,72.48,24.34,48.14
2338,2024-09-01,14,1,5,3,74.53,26.6,47.93
2339,2024-09-01,14,2,1,1,30.01,10.23,19.78
2340,2024-09-01,14,2,3,4,108.11,39.39,68.72
2341,2024-09-01,14,2,4,8,205.62,73.19,132.43
2342,2024-09-01,14,2,5,4,109.44,38.98,70.46
2343,2024-09-01,14,3,1,3,88.95,33.39,55.56
2344,2024-09-01,14,3,2,1,27.81,10.47,17.34
2345,2024-09-01,14,3,5,1,26.58,9.51,17.07
2346,2024-09-01,14,4,2,1,33.08,11.15,21.93
2347,2024-09-01,14,4,3,1,29.39,9.82,19.57
2348,2024-09-01,14,4,4,5,138.54,47.67,90.87
2349,2024-09-01,14,4,5,8,223.79,73.93,149.86
2350,2024-09-01,14,5,3,2,54.22,19.55,34.67
2351,2024-09-01,14,5,4,7,192.13,73.68,118.45
2352,2024-09-01,14,5,5,4,100.13,35.28,64.85
2353,2024-09-01,15,1,2,4,221.7,81.08,140.62
2354,2024-09-01,15,1,4,5,307.3,111.31,195.99
2355,2024-09-01,15,1,5,2,98.73,36.84,61.89
2356,2024-09-01,15,2,2,1,54.6,22.06,32.54
2357,2024-09-01,15,2,3,3,148.24,62.09,86.15
2358,2024-09-01,15,2,4,14,790.01,302.4,487.61
2359,2024-09-01,15,2,5,4,202.65,78.58,124.07
2360,2024-09-01,15,3,2,2,131.62,47.31,84.31
2361,2024-09-01,15,3,3,1,54.07,22.3,31.77
2362,2024-09-01,15,3,4,6,327.93,129.99,197.94
2363,2024-09-01,15,3,5,1,56.29,22.29,34.0
2364,2024-09-01,15,4,1,1,66.9,24.37,42.53
2365,2024-09-01,15,4,4,4,232.03,85.31,146.72
2366,2024-09-01,15,4,5,2,126.49,42.86,83.63
2367,2024-09-01,15,5,4,3,127.44,59.74,67.7
2368,2024-09-01,15,5,5,1,50.49,20.14,30.35
2369,2024-10-01,1,1,1,4,254.71,102.51,152.2
2370,2024-10-01,1,1,2,4,235.11,96.71,138.4
2371,2024-10-01,1,1,4,3,221.93,87.32,134.61
2372,2024-10-01,1,1,5,2,119.71,45.2,74.51
2373,2024-10-01,1,2,1,2,155.14,53.52,101.62
2374,2024-10-01,1,2,2,1,69.53,27.13,42.4
2375,2024-10-01,1,2,3,4,257.71,101.6,156.11
2376,2024-10-01,1,2,4,12,799.51,311.35,488.16
2377,2024-10-01,1,2,5,5,309.47,116.14,193.33
2378,2024-10-01,1,3,1,3,206.4,82.58,123.82
2379,2024-10-01,1,3,2,1,75.54,27.59,47.95
2380,2024-10-01,1,3,3,4,260.87,100.92,159.95
2381,2024-10-01,1,3,4,5,304.2,120.41,183.79
2382,2024-10-01,1,3,5,3,197.17,78.04,119.13
2383,2024-10-01,1,4,3,2,151.01,55.56,95.45
2384,2024-10-01,1,4,4,2,132.06,53.8,78.26
2385,2024-10-01,1,5,3,1,59.42,24.94,34.48
2386,2024-10-01,1,5,4,6,398.52,154.71,243.81
2387,2024-10-01,1,5,5,2,109.87,45.01,64.86
2388,2024-10-01,2,1,1,2,211.29,85.32,125.97
2389,2024-10-01,2,1,2,2,190.86,79.82,111.04
2390,2024-10-01,2,1,4,7,773.0,306.85,466.15
2391,2024-10-01,2,1,5,4,394.54,148.17,246.37
2392,2024-10-01,2,2,2,5,546.46,216.37,330.09
2393,2024-10-01,2,2,3,3,326.29,125.5,200.79
2394,2024-10-01,2,2,4,7,760.26,285.24,475.02
2395,2024-10-01,2,2,5,4,417.33,167.51,249.82
2396,2024-10-01,2,3,1,1,127.06,46.83,80.23
2397,2024-10-01,2,3,2,2,261.04,94.08,166.96
2398,2024-10-01,2,3,4,3,346.84,128.84,218.0
2399,2024-10-01,2,3,5,3,355.47,137.08,218.39
2400,2024-10-01,2,4,4,3,339.72,126.0,213.72
2401,2024-10-01,2,5,1,1,101.21,44.37,56.84
2402,2024-10-01,2,5,3,1,87.46,40.55,46.91
2403,2024-10-01,2,5,4,2,185.53,77.35,108.18
2404,2024-10-01,2,5,5,1,99.85,38.42,61.43
2405,2024-10-01,3,1,1,1,51.31,18.25,33.06
2406,2024-10-01,3,1,2,3,154.54,56.52,98.02
2407,2024-10-01,3,1,3,4,204.97,66.0,138.97
2408,2024-10-01,3,1,5,3,142.6,51.35,91.25
2409,2024-10-01,3,2,1,2,121.19,40.58,80.61
2410,2024-10-01,3,2,2,2,103.03,38.67,64.36
2411,2024-10-01,3,2,3,7,341.8,127.86,213.94
2412,2024-10-01,3,2,4,3,137.31,51.44,85.87
2413,2024-10-01,3,3,1,1,55.99,20.95,35.04
2414,2024-10-01,3,3,2,1,56.76,20.69,36.07
2415,2024-10-01,3,3,3,1,51.94,19.91,32.03
2416,2024-10-01,3,3,4,4,215.89,76.98,138.91
2417,2024-10-01,3,3,5,1,47.95,19.47,28.48
2418,2024-10-01,3,4,2,2,109.24,43.65,65.59
2419,2024-10-01,3,4,4,2,108.2,38.7,69.5
2420,2024-10-01,3,4,5,2,102.46,37.96,64.5
2421,2024-10-01,3,5,1,1,47.23,20.06,27.17
2422,2024-10-01,3,5,2,1,55.48,18.91,36.57
2423,2024-10-01,3,5,5,3,131.5,51.04,80.46
2424,2024-10-01,4,1,1,2,153.71,64.31,89.4
2425,2024-10-01,4,1,2,4,336.52,116.02,220.5
2426,2024-10-01,4,1,3,3,211.96,86.32,125.64
2427,2024-10-01,4,1,4,4,300.3,112.09,188.21
2428,2024-10-01,4,1,5,2,150.9,56.02,94.88
2429,2024-10-01,4,2,1,1,87.22,34.47,52.75
2430,2024-10-01,4,2,3,3,234.03,92.34,141.69
2431,2024-10-01,4,2,4,9,761.78,292.96,468.82
2432,2024-10-01,4,2,5,2,164.29,60.05,104.24
2433,2024-10-01,4,3,3,1,79.13,32.86,46.27
2434,2024-10-01,4,3,4,11,887.6,343.88,543.72
2435,2024-10-01,4,4,2,1,91.17,36.07,55.1
2436,2024-10-01,4,4,4,2,167.54,61.66,105.88
2437,2024-10-01,4,4,5,2,171.11,67.03,104.08
2438,2024-10-01,4,5,2,3,246.8,93.43,153.37
2439,2024-10-01,4,5,3,2,147.0,60.6,86.4
2440,2024-10-01,4,5,4,2,130.62,56.09,74.53
2441,2024-10-01,4,5,5,1,77.58,27.92,49.66
2442,2024-10-01,5,1,2,3,266.61,115.94,150.67
2443,2024-10-01,5,1,4,12,1148.68,481.73,666.95
2444,2024-10-01,5,1,5,1,92.0,35.06,56.94
2445,2024-10-01,5,2,2,2,201.54,79.06,122.48
2446,2024-10-01,5,2,4,7,688.61,285.26,403.35
2447,2024-10-01,5,2,5,7,649.43,274.11,375.32
2448,2024-10-01,5,3,1,1,114.27,44.4,69.87
2449,2024-10-01,5,3,3,1,101.93,40.3,61.63
2450,2024-10-01,5,3,4,5,436.16,186.8,249.36
2451,2024-10-01,5,3,5,1,89.02,38.09,50.93
2452,2024-10-01,5,4,3,1,103.92,41.24,62.68
2453,2024-10-01,5,4,4,7,668.38,278.8,389.58
2454,2024-10-01,5,4,5,1,96.86,38.94,57.92
2455,2024-10-01,5,5,2,2,179.63,79.17,100.46
2456,2024-10-01,5,5,3,4,321.69,147.64,174.05
2457,2024-10-01,5,5,4,7,614.46,270.64,343.82
2458,2024-10-01,5,5,5,6,501.07,230.18,270.89
2459,2024-10-01,6,1,1,2,154.89,60.39,94.5
2460,2024-10-01,6,1,2,1,69.35,29.75,39.6
2461,2024-10-01,6,1,4,3,255.85,101.45,154.4
2462,2024-10-01,6,1,5,3,178.45,85.08,93.37
2463,2024-10-01,6,2,1,1,84.97,34.94,50.03
2464,2024-10-01,6,2,2,1,77.4,32.81,44.59
2465,2024-10-01,6,2,3,1,67.36,31.29,36.07
2466,2024-10-01,6,2,4,4,273.96,113.57,160.39
2467,2024-10-01,6,2,5,2,144.0,57.33,86.67
2468,2024-10-01,6,3,1,1,79.0,34.09,44.91
2469,2024-10-01,6,3,3,6,480.36,187.24,293.12
2470,2024-10-01,6,3,4,5,385.97,151.27,234.7
2471,2024-10-01,6,3,5,2,149.34,64.45,84.89
2472,2024-10-01,6,4,2,4,344.07,131.57,212.5
2473,2024-10-01,6,4,3,2,157.67,64.2,93.47
2474,2024-10-01,6,4,4,2,154.72,61.35,93.37
2475,2024-10-01,6,4,5,5,419.76,160.82,258.94
2476,2024-10-01,6,5,4,3,181.57,84.11,97.46
2477,2024-10-01,6,5,5,7,454.77,208.0,246.77
2478,2024-10-01,7,1,2,1,48.33,17.15,31.18
2479,2024-10-01,7,1,3,1,38.79,15.37,23.42
2480,2024-10-01,7,1,4,10,454.28,170.1,284.18
2481,2024-10-01,7,1,5,2,86.53,30.89,55.64
2482,2024-10-01,7,2,3,3,149.39,51.88,97.51
2483,2024-10-01,7,2,4,6,269.59,98.7,170.89
2484,2024-10-01,7,2,5,5,223.12,84.04,139.08
2485,2024-10-01,7,3,2,1,49.32,18.74,30.58
2486,2024-10-01,7,3,3,2,101.42,37.92,63.5
2487,2024-10-01,7,3,4,9,399.72,148.33,251.39
2488,2024-10-01,7,3,5,1,47.52,16.75,30.77
2489,2024-10-01,7,4,1,2,112.09,41.04,71.05
2490,2024-10-01,7,4,2,1,54.58,19.8,34.78
2491,2024-10-01,7,4,4,4,186.86,66.61,120.25
2492,2024-10-01,7,4,5,2,102.84,37.93,64.91
2493,2024-10-01,7,5,2,2,95.95,37.3,58.65
2494,2024-10-01,7,5,4,5,222.53,90.59,131.94
2495,2024-10-01,7,5,5,3,126.18,46.7,79.48
2496,2024-10-01,8,1,2,2,94.71,37.34,57.37
2497,2024-10-01,8,1,3,1,41.75,17.05,24.7
2498,2024-10-01,8,1,4,3,130.06,50.41,79.65
2499,2024-10-01,8,1,5,7,333.83,128.84,204.99
2500,2024-10-01,8,2,2,7,352.83,137.63,215.2
2501,2024-10-01,8,2,3,1,50.04,19.06,30.98
2502,2024-10-01,8,2,4,12,598.44,229.15,369.29
2503,2024-10-01,8,2,5,7,355.8,140.9,214.9
2504,2024-10-01,8,3,1,2,106.67,41.76,64.91
2505,2024-10-01,8,3,2,2,103.85,42.68,61.17
2506,2024-10-01,8,3,4,5,248.69,95.08,153.61
2507,2024-10-01,8,4,3,2,101.51,38.65,62.86
2508,2024-10-01,8,4,4,1,52.94,18.96,33.98
2509,2024-10-01,8,4,5,1,54.33,19.65,34.68
2510,2024-10-01,8,5,2,1,45.91,18.06,27.85
2511,2024-10-01,8,5,3,4,169.21,71.96,97.25
2512,2024-10-01,8,5,4,5,202.88,87.04,115.84
2513,2024-10-01,8,5,5,1,39.5,17.66,21.84
2514,2024-10-01,9,1,2,3,207.61,82.15,125.46
2515,2024-10-01,9,1,3,5,336.37,131.24,205.13
2516,2024-10-01,9,1,4,5,360.51,136.3,224.21
2517,2024-10-01,9,1,5,4,235.65,100.52,135.13
2518,2024-10-01,9,2,1,3,234.87,88.59,146.28
2519,2024-10-01,9,2,2,4,289.71,113.18,176.53
2520,2024-10-01,9,2,4,8,556.04,208.09,347.95
2521,2024-10-01,9,2,5,6,410.05,166.48,243.57
2522,2024-10-01,9,3,1,4,297.69,122.52,175.17
2523,2024-10-01,9,3,2,4,321.43,121.16,200.27
2524,2024-10-01,9,3,3,1,69.86,27.81,42.05
2525,2024-10-01,9,3,4,4,259.23,103.48,155.75
2526,2024-10-01,9,3,5,2,149.48,55.32,94.16
2527,2024-10-01,9,4,3,2,152.26,56.42,95.84
2528,2024-10-01,9,4,4,4,286.93,105.81,181.12
2529,2024-10-01,9,4,5,1,72.37,28.74,43.63
2530,2024-10-01,9,5,4,3,166.9,72.49,94.41
2531,2024-10-01,9,5,5,5,282.37,129.18,153.19
2532,2024-10-01,10,1,2,4,241.2,83.52,157.68
2533,2024-10-01,10,1,4,3,206.51,74.4,132.11
2534,2024-10-01,10,1,5,3,170.44,62.88,107.56
2535,2024-10-01,10,2,2,2,124.8,44.88,79.92
2536,2024-10-01,10,2,3,2,118.58,44.52,74.06
2537,2024-10-01,10,2,4,2,113.11,40.7,72.41
2538,2024-10-01,10,3,4,4,242.02,86.11,155.91
2539,2024-10-01,10,3,5,2,135.36,47.43,87.93
2540,2024-10-01,10,4,5,1,59.86,23.76,36.1
2541,2024-10-01,10,5,3,1,49.72,21.84,27.88
2542,2024-10-01,10,5,4,5,322.66,119.52,203.14
2543,2024-10-01,10,5,5,1,47.49,20.54,26.95
2544,2024-10-01,11,1,1,3,118.9,38.47,80.43
2545,2024-10-01,11,1,2,5,204.55,63.69,140.86
2546,2024-10-01,11,1,3,4,144.3,45.65,98.65
2547,2024-10-01,11,1,4,4,168.46,52.83,115.63
2548,2024-10-01,11,1,5,6,280.27,81.68,198.59
2549,2024-10-01,11,2,1,3,132.57,40.41,92.16
2550,2024-10-01,11,2,3,1,40.1,12.85,27.25
2551,2024-10-01,11,2,4,8,344.34,104.93,239.41
2552,2024-10-01,11,2,5,4,167.39,48.96,118.43
2553,2024-10-01,11,3,2,1,45.94,13.61,32.33
2554,2024-10-01,11,3,3,4,184.33,49.81,134.52
2555,2024-10-01,11,3,4,1,38.4,12.58,25.82
2556,2024-10-01,11,3,5,1,38.75,13.16,25.59
2557,2024-10-01,11,4,3,1,50.71,14.44,36.27
2558,2024-10-01,11,4,4,5,216.68,65.18,151.5
2559,2024-10-01,11,5,2,1,40.68,12.75,27.93
2560,2024-10-01,11,5,4,1,36.89,11.87,25.02
2561,2024-10-01,11,5,5,4,158.39,47.37,111.02
2562,2024-10-01,12,1,1,1,81.32,26.26,55.06
2563,2024-10-01,12,1,2,4,305.85,104.94,200.91
2564,2024-10-01,12,1,3,2,147.47,49.46,98.01
2565,2024-10-01,12,1,4,9,717.67,250.62,467.05
2566,2024-10-01,12,2,1,2,171.03,57.72,113.31
2567,2024-10-01,12,2,2,4,358.65,115.72,242.93
2568,2024-10-01,12,2,4,10,745.73,257.91,487.82
2569,2024-10-01,12,2,5,2,137.89,52.63,85.26
2570,2024-10-01,12,3,2,3,257.88,83.9,173.98
2571,2024-10-01,12,3,3,1,88.75,29.74,59.01
2572,2024-10-01,12,3,4,7,546.42,183.78,362.64
2573,2024-10-01,12,3,5,8,624.61,217.54,407.07
2574,2024-10-01,12,4,4,1,77.76,26.97,50.79
2575,2024-10-01,12,5,2,1,75.32,27.19,48.13
2576,2024-10-01,12,5,3,1,71.64,24.94,46.7
2577,2024-10-01,12,5,4,1,67.18,23.79,43.39
2578,2024-10-01,13,1,2,2,100.85,36.09,64.76
2579,2024-10-01,13,1,3,1,46.1,17.73,28.37
2580,2024-10-01,13,1,4,3,185.51,66.88,118.63
2581,2024-10-01,13,2,3,1,55.66,19.44,36.22
2582,2024-10-01,13,2,4,4,205.74,69.67,136.07
2583,2024-10-01,13,2,5,3,178.19,58.68,119.51
2584,2024-10-01,13,3,1,2,127.17,43.66,83.51
2585,2024-10-01,13,3,2,5,254.3,88.7,165.6
2586,2024-10-01,13,3,3,1,58.46,19.92,38.54
2587,2024-10-01,13,3,4,1,60.72,19.36,41.36
2588,2024-10-01,13,4,3,1,62.22,21.0,41.22
2589,2024-10-01,13,4,4,4,222.72,79.37,143.35
2590,2024-10-01,13,4,5,3,186.32,61.67,124.65
2591,2024-10-01,13,5,1,1,48.71,19.54,29.17
2592,2024-10-01,13,5,3,3,147.69,51.98,95.71
2593,2024-10-01,13,5,4,4,167.09,67.94,99.15
2594,2024-10-01,14,1,2,5,137.43,47.33,90.1
2595,2024-10-01,14,1,3,3,76.09,27.46,48.63
2596,2024-10-01,14,1,4,6,157.2,56.75,100.45
2597,2024-10-01,14,1,5,3,69.8,27.06,42.74
2598,2024-10-01,14,2,1,2,55.25,20.55,34.7
2599,2024-10-01,14,2,2,2,56.41,19.17,37.24
2600,2024-10-01,14,2,3,3,80.49,27.08,53.41
2601,2024-10-01,14,2,4,8,239.85,83.22,156.63
2602,2024-10-01,14,2,5,1,24.39,8.98,15.41
2603,2024-10-01,14,3,1,3,91.28,32.21,59.07
2604,2024-10-01,14,3,2,1,29.6,10.41,19.19
2605,2024-10-01,14,3,4,5,138.92,49.28,89.64
2606,2024-10-01,14,3,5,3,89.43,29.88,59.55
2607,2024-10-01,14,4,2,2,63.67,20.95,42.72
2608,2024-10-01,14,4,3,1,32.01,10.44,21.57
2609,2024-10-01,14,4,4,3,85.57,28.7,56.87
2610,2024-10-01,14,4,5,2,61.02,20.81,40.21
2611,2024-10-01,14,5,2,1,25.1,9.59,15.51
2612,2024-10-01,14,5,3,1,21.37,8.98,12.39
2613,2024-10-01,14,5,4,4,88.19,34.98,53.21
2614,2024-10-01,14,5,5,1,22.94,8.74,14.2
2615,2024-10-01,15,1,2,4,221.82,86.0,135.82
2616,2024-10-01,15,1,3,1,44.21,20.35,23.86
2617,2024-10-01,15,1,4,9,504.76,187.17,317.59
2618,2024-10-01,15,1,5,3,140.78,56.36,84.42
2619,2024-10-01,15,2,2,4,226.26,88.44,137.82
2620,2024-10-01,15,3,1,1,59.96,22.92,37.04
2621,2024-10-01,15,3,2,5,312.79,110.2,202.59
2622,2024-10-01,15,3,3,4,225.05,86.85,138.2
2623,2024-10-01,15,3,4,6,343.54,128.27,215.27
2624,2024-10-01,15,3,5,8,432.57,172.32,260.25
2625,2024-10-01,15,4,2,1,62.79,24.83,37.96
2626,2024-10-01,15,4,5,3,174.19,69.29,104.9
2627,2024-10-01,15,5,2,1,54.31,21.8,32.51
2628,2024-10-01,15,5,3,3,138.74,62.25,76.49
2629,2024-10-01,15,5,4,4,173.3,78.5,94.8
2630,2024-10-01,15,5,5,2,100.74,42.1,58.64
2631,2024-11-01,1,1,1,1,64.5,26.44,38.06
2632,2024-11-01,1,1,2,7,448.76,171.23,277.53
2633,2024-11-01,1,1,4,2,154.89,63.83,91.06
2634,2024-11-01,1,1,5,4,296.81,110.53,186.28
2635,2024-11-01,1,2,1,1,74.27,26.6,47.67
2636,2024-11-01,1,2,2,10,651.66,266.76,384.9
2637,2024-11-01,1,2,3,5,322.01,122.41,199.6
2638,2024-11-01,1,2,4,15,995.62,376.9,618.72
2639,2024-11-01,1,2,5,7,495.21,189.43,305.78
2640,2024-11-01,1,3,1,3,238.61,88.43,150.18
2641,2024-11-01,1,3,2,2,144.59,53.41,91.18
2642,2024-11-01,1,3,4,10,685.08,263.84,421.24
2643,2024-11-01,1,3,5,3,191.31,76.44,114.87
2644,2024-11-01,1,4,1,1,80.03,28.67,51.36
2645,2024-11-01,1,4,3,1,77.43,26.92,50.51
2646,2024-11-01,1,4,4,6,403.79,146.59,257.2
2647,2024-11-01,1,4,5,1,66.83,25.7,41.13
2648,2024-11-01,1,5,2,2,112.44,48.03,64.41
2649,2024-11-01,1,5,3,3,182.08,68.96,113.12
2650,2024-11-01,1,5,4,3,216.03,89.65,126.38
2651,2024-11-01,1,5,5,2,111.6,45.18,66.42
2652,2024-11-01,2,1,2,4,425.37,169.14,256.23
2653,2024-11-01,2,1,4,6,610.48,248.55,361.93
2654,2024-11-01,2,1,5,6,661.84,263.82,398.02
2655,2024-11-01,2,2,1,2,256.94,94.75,162.19
2656,2024-11-01,2,2,2,8,875.88,338.98,536.9
2657,2024-11-01,2,2,4,1,103.86,40.53,63.33
2658,2024-11-01,2,2,5,3,330.99,126.13,204.86
2659,2024-11-01,2,3,1,3,402.65,151.32,251.33
2660,2024-11-01,2,3,4,9,1060.78,397.09,663.69
2661,2024-11-01,2,3,5,4,446.7,169.16,277.54
2662,2024-11-01,2,4,1,3,418.9,153.7,265.2
2663,2024-11-01,2,4,2,2,256.63,95.26,161.37
2664,2024-11-01,2,4,3,1,127.13,46.25,80.88
2665,2024-11-01,2,4,4,10,1186.5,432.14,754.36
2666,2024-11-01,2,4,5,5,607.92,219.26,388.66
2667,2024-11-01,2,5,2,2,214.18,81.91,132.27
2668,2024-11-01,2,5,3,2,194.85,85.81,109.04
2669,2024-11-01,2,5,5,5,493.59,202.38,291.21
2670,2024-11-01,3,1,1,2,111.42,36.33,75.09
2671,2024-11-01,3,1,2,9,447.05,180.41,266.64
2672,2024-11-01,3,1,3,3,130.4,53.03,77.37
2673,2024-11-01,3,1,4,1,41.27,16.41,24.86
2674,2024-11-01,3,1,5,5,260.17,101.66,158.51
2675,2024-11-01,3,2,1,1,52.31,20.13,32.18
2676,2024-11-01,3,2,2,8,401.13,155.18,245.95
2677,2024-11-01,3,2,4,17,854.4,318.5,535.9
2678,2024-11-01,3,2,5,2,96.82,36.6,60.22
2679,2024-11-01,3,3,1,4,218.51,82.87,135.64
2680,2024-11-01,3,3,2,3,167.1,62.71,104.39
2681,2024-11-01,3,3,4,9,444.34,158.12,286.22
2682,2024-11-01,3,3,5,3,156.4,54.02,102.38
2683,2024-11-01,3,4,2,3,188.44,65.48,122.96
2684,2024-11-01,3,4,3,1,55.62,20.26,35.36
2685,2024-11-01,3,4,4,4,205.93,77.59,128.34
2686,2024-11-01,3,4,5,2,106.79,40.08,66.71
2687,2024-11-01,3,5,2,1,45.25,19.84,25.41
2688,2024-11-01,3,5,4,4,209.04,82.49,126.55
2689,2024-11-01,3,5,5,1,41.0,18.4,22.6
2690,2024-11-01,4,1,1,1,72.37,31.56,40.81
2691,2024-11-01,4,1,2,8,710.14,268.68,441.46
2692,2024-11-01,4,1,4,10,776.91,298.14,478.77
2693,2024-11-01,4,1,5,7,566.19,221.62,344.57
2694,2024-11-01,4,2,1,3,267.34,99.79,167.55
2695,2024-11-01,4,2,2,6,514.8,190.36,324.44
2696,2024-11-01,4,2,4,10,883.0,337.57,545.43
2697,2024-11-01,4,2,5,3,222.35,90.04,132.31
2698,2024-11-01,4,3,2,2,182.24,71.93,110.31
2699,2024-11-01,4,3,4,9,715.68,276.14,439.54
2700,2024-11-01,4,4,2,7,553.97,206.82,347.15
2701,2024-11-01,4,4,3,3,277.48,98.78,178.7
2702,2024-11-01,4,4,4,10,866.29,323.86,542.43
2703,2024-11-01,4,5,2,2,140.95,63.73,77.22
2704,2024-11-01,4,5,3,3,210.29,86.1,124.19
2705,2024-11-01,4,5,4,3,192.74,85.47,107.27
2706,2024-11-01,4,5,5,1,68.05,30.17,37.88
2707,2024-11-01,5,1,1,1,93.45,37.21,56.24
2708,2024-11-01,5,1,2,4,396.35,155.44,240.91
2709,2024-11-01,5,1,3,1,78.86,35.9,42.96
2710,2024-11-01,5,1,4,15,1328.23,587.35,740.88
2711,2024-11-01,5,1,5,9,798.09,336.87,461.22
2712,2024-11-01,5,2,1,1,105.96,42.48,63.48
2713,2024-11-01,5,2,2,9,858.82,365.66,493.16
2714,2024-11-01,5,2,3,4,366.88,154.91,211.97
2715,2024-11-01,5,2,4,10,933.02,382.35,550.67
2716,2024-11-01,5,2,5,5,463.56,191.12,272.44
2717,2024-11-01,5,3,1,1,114.0,42.36,71.64
2718,2024-11-01,5,3,2,5,456.7,200.06,256.64
2719,2024-11-01,5,3,3,1,106.94,42.04,64.9
2720,2024-11-01,5,3,4,13,1167.24,495.91,671.33
2721,2024-11-01,5,4,1,1,113.24,45.54,67.7
2722,2024-11-01,5,4,2,1,104.7,42.15,62.55
2723,2024-11-01,5,4,3,2,207.04,83.04,124.0
2724,2024-11-01,5,4,4,17,1624.42,688.74,935.68
2725,2024-11-01,5,4,5,3,301.51,126.34,175.17
2726,2024-11-01,5,5,2,6,506.46,234.73,271.73
2727,2024-11-01,5,5,4,5,461.42,204.74,256.68
2728,2024-11-01,5,5,5,2,172.96,78.14,94.82
2729,2024-11-01,6,1,2,2,136.87,58.85,78.02
2730,2024-11-01,6,1,3,1,63.84,26.87,36.97
2731,2024-11-01,6,1,4,7,514.91,215.8,299.11
2732,2024-11-01,6,1,5,5,401.48,164.53,236.95
2733,2024-11-01,6,2,2,6,467.95,191.66,276.29
2734,2024-11-01,6,2,4,10,752.27,318.22,434.05
2735,2024-11-01,6,3,1,1,88.77,36.52,52.25
2736,2024-11-01,6,3,2,4,315.08,132.85,182.23
2737,2024-11-01,6,3,4,8,599.41,245.23,354.18
2738,2024-11-01,6,4,3,1,84.95,31.85,53.1
2739,2024-11-01,6,4,4,3,228.86,89.45,139.41
2740,2024-11-01,6,4,5,2,160.25,63.98,96.27
2741,2024-11-01,6,5,1,3,241.83,97.63,144.2
2742,2024-11-01,6,5,2,3,204.47,91.27,113.2
2743,2024-11-01,6,5,4,2,123.66,57.94,65.72
2744,2024-11-01,7,1,1,2,85.71,34.52,51.19
2745,2024-11-01,7,1,2,1,44.43,16.99,27.44
2746,2024-11-01,7,1,4,5,240.28,86.99,153.29
2747,2024-11-01,7,1,5,5,200.4,80.5,119.9
2748,2024-11-01,7,2,2,7,336.71,130.12,206.59
2749,2024-11-01,7,2,3,7,312.01,120.39,191.62
2750,2024-11-01,7,2,4,10,439.56,165.34,274.22
2751,2024-11-01,7,2,5,3,143.15,52.54,90.61
2752,2024-11-01,7,3,1,2,108.77,37.98,70.79
2753,2024-11-01,7,3,2,3,150.54,54.03,96.51
2754,2024-11-01,7,3,4,8,386.14,140.54,245.6
2755,2024-11-01,7,3,5,3,137.07,51.4,85.67
2756,2024-11-01,7,4,2,5,251.25,94.73,156.52
2757,2024-11-01,7,4,3,4,210.33,70.46,139.87
2758,2024-11-01,7,4,4,3,147.57,53.19,94.38
2759,2024-11-01,7,4,5,2,95.96,36.11,59.85
2760,2024-11-01,7,5,1,2,86.84,36.07,50.77
2761,2024-11-01,7,5,2,1,45.85,17.18,28.67
2762,2024-11-01,7,5,4,7,302.27,123.3,178.97
2763,2024-11-01,7,5,5,2,87.47,34.62,52.85
2764,2024-11-01,8,1,1,1,43.86,19.57,24.29
2765,2024-11-01,8,1,2,3,149.17,57.25,91.92
2766,2024-11-01,8,1,3,1,46.65,16.66,29.99
2767,2024-11-01,8,1,4,9,452.04,182.08,269.96
2768,2024-11-01,8,1,5,7,324.81,136.47,188.34
2769,2024-11-01,8,2,1,1,52.0,19.74,32.26
2770,2024-11-01,8,2,2,9,441.14,169.18,271.96
2771,2024-11-01,8,2,4,14,705.47,268.81,436.66
2772,2024-11-01,8,2,5,2,91.77,34.98,56.79
2773,2024-11-01,8,3,2,4,216.49,79.49,137.0
2774,2024-11-01,8,3,3,3,166.68,61.36,105.32
2775,2024-11-01,8,3,4,7,322.93,128.49,194.44
2776,2024-11-01,8,3,5,2,108.43,38.3,70.13
2777,2024-11-01,8,4,1,1,54.82,22.44,32.38
2778,2024-11-01,8,4,2,2,112.94,41.74,71.2
2779,2024-11-01,8,4,4,5,255.01,101.04,153.97
2780,2024-11-01,8,5,2,1,44.87,20.24,24.63
2781,2024-11-01,8,5,3,2,85.49,36.46,49.03
2782,2024-11-01,8,5,4,2,86.27,35.36,50.91
2783,2024-11-01,8,5,5,2,83.46,35.56,47.9
2784,2024-11-01,9,1,2,7,481.13,186.78,294.35
2785,2024-11-01,9,1,3,3,176.71,76.01,100.7
2786,2024-11-01,9,1,4,3,234.5,91.92,142.58
2787,2024-11-01,9,1,5,6,391.48,173.57,217.91
2788,2024-11-01,9,2,1,1,70.29,29.12,41.17
2789,2024-11-01,9,2,2,1,72.6,28.13,44.47
2790,2024-11-01,9,2,3,7,500.42,190.34,310.08
2791,2024-11-01,9,2,4,7,492.07,202.86,289.21
2792,2024-11-01,9,2,5,1,71.32,27.39,43.93
2793,2024-11-01,9,3,1,1,83.53,31.73,51.8
2794,2024-11-01,9,3,2,1,76.07,28.83,47.24
2795,2024-11-01,9,3,4,18,1263.09,495.6,767.49
2796,2024-11-01,9,3,5,7,486.07,195.7,290.37
2797,2024-11-01,9,4,2,3,252.66,95.66,157.0
2798,2024-11-01,9,4,3,1,78.37,30.02,48.35
2799,2024-11-01,9,4,4,8,585.29,218.54,366.75
2800,2024-11-01,9,4,5,5,362.89,142.4,220.49
2801,2024-11-01,9,5,2,2,129.49,52.23,77.26
2802,2024-11-01,9,5,3,1,60.5,26.11,34.39
2803,2024-11-01,9,5,4,3,190.89,77.81,113.08
2804,2024-11-01,9,5,5,1,57.63,25.32,32.31
2805,2024-11-01,10,1,1,3,178.6,69.28,109.32
2806,2024-11-01,10,1,2,3,176.84,66.8,110.04
2807,2024-11-01,10,1,4,6,351.55,139.27,212.28
2808,2024-11-01,10,1,5,3,160.26,59.58,100.68
2809,2024-11-01,10,2,1,1,67.59,24.53,43.06
2810,2024-11-01,10,2,2,2,129.14,49.24,79.9
2811,2024-11-01,10,2,4,2,110.86,43.96,66.9
2812,2024-11-01,10,2,5,3,185.95,63.5,122.45
2813,2024-11-01,10,3,1,2,132.18,50.68,81.5
2814,2024-11-01,10,3,2,1,69.66,26.2,43.46
2815,2024-11-01,10,3,3,2,125.46,50.29,75.17
2816,2024-11-01,10,3,4,4,237.74,90.03,147.71
2817,2024-11-01,10,3,5,2,124.45,45.6,78.85
2818,2024-11-01,10,4,1,1,69.27,25.53,43.74
2819,2024-11-01,10,4,2,2,142.17,50.59,91.58
2820,2024-11-01,10,4,3,1,62.81,22.5,40.31
2821,2024-11-01,10,4,4,5,319.77,114.24,205.53
2822,2024-11-01,10,4,5,4,252.24,90.41,161.83
2823,2024-11-01,10,5,1,1,60.05,24.17,35.88
2824,2024-11-01,10,5,2,1,58.86,21.14,37.72
2825,2024-11-01,10,5,4,4,246.84,97.39,149.45
2826,2024-11-01,10,5,5,1,51.13,21.57,29.56
2827,2024-11-01,11,1,1,5,203.58,63.98,139.6
2828,2024-11-01,11,1,2,4,155.29,50.78,104.51
2829,2024-11-01,11,1,3,4,191.13,57.17,133.96
2830,2024-11-01,11,1,4,2,71.65,21.68,49.97
2831,2024-11-01,11,1,5,8,332.87,105.36,227.51
2832,2024-11-01,11,2,1,1,45.96,13.88,32.08
2833,2024-11-01,11,2,2,3,124.53,40.33,84.2
2834,2024-11-01,11,2,4,13,531.24,160.09,371.15
2835,2024-11-01,11,2,5,1,42.97,12.35,30.62
2836,2024-11-01,11,3,1,2,97.17,27.72,69.45
2837,2024-11-01,11,3,2,2,87.03,27.48,59.55
2838,2024-11-01,11,3,3,3,131.22,39.53,91.69
2839,2024-11-01,11,3,4,11,464.1,136.22,327.88
2840,2024-11-01,11,4,2,1,46.62,15.54,31.08
2841,2024-11-01,11,4,4,3,134.09,37.92,96.17
2842,2024-11-01,11,5,1,2,79.41,26.34,53.07
2843,2024-11-01,11,5,2,1,40.73,13.08,27.65
2844,2024-11-01,11,5,3,1,40.3,12.79,27.51
2845,2024-11-01,11,5,4,5,179.6,60.29,119.31
2846,2024-11-01,12,1,1,1,74.58,26.51,48.07
2847,2024-11-01,12,1,2,7,513.09,182.41,330.68
2848,2024-11-01,12,1,3,2,144.28,51.01,93.27
2849,2024-11-01,12,1,4,5,397.38,137.64,259.74
2850,2024-11-01,12,1,5,11,825.04,286.27,538.77
2851,2024-11-01,12,2,2,6,507.45,171.99,335.46
2852,2024-11-01,12,2,4,9,714.09,251.62,462.47
2853,2024-11-01,12,2,5,2,148.22,51.91,96.31
2854,2024-11-01,12,3,4,9,696.48,246.12,450.36
2855,2024-11-01,12,3,5,2,154.04,53.09,100.95
2856,2024-11-01,12,4,4,4,320.14,106.15,213.99
2857,2024-11-01,12,4,5,1,82.68,27.8,54.88
2858,2024-11-01,12,5,2,4,317.62,112.84,204.78
2859,2024-11-01,12,5,3,1,68.01,25.03,42.98
2860,2024-11-01,12,5,4,5,393.54,143.91,249.63
2861,2024-11-01,12,5,5,1,76.76,25.94,50.82
2862,2024-11-01,13,1,2,2,96.49,37.89,58.6
2863,2024-11-01,13,1,4,6,326.98,116.63,210.35
2864,2024-11-01,13,1,5,4,192.43,70.89,121.54
2865,2024-11-01,13,2,1,1,60.46,20.79,39.67
2866,2024-11-01,13,2,2,10,552.66,184.36,368.3
2867,2024-11-01,13,2,3,1,61.05,19.25,41.8
2868,2024-11-01,13,2,4,5,254.98,90.69,164.29
2869,2024-11-01,13,3,1,1,56.66,21.63,35.03
2870,2024-11-01,13,3,2,3,197.63,64.21,133.42
2871,2024-11-01,13,3,3,1,60.15,19.71,40.44
2872,2024-11-01,13,3,4,10,560.88,192.49,368.39
2873,2024-11-01,13,4,1,1,64.07,23.89,40.18
2874,2024-11-01,13,4,3,3,182.54,62.72,119.82
2875,2024-11-01,13,4,4,2,117.85,40.21,77.64
2876,2024-11-01,13,4,5,4,250.35,82.68,167.67
2877,2024-11-01,13,5,2,2,105.41,39.87,65.54
2878,2024-11-01,13,5,3,3,138.67,56.13,82.54
2879,2024-11-01,13,5,4,1,49.4,17.76,31.64
2880,2024-11-01,13,5,5,1,47.48,18.8,28.68
2881,2024-11-01,14,1,1,3,81.03,29.83,51.2
2882,2024-11-01,14,1,2,2,49.16,18.94,30.22
2883,2024-11-01,14,1,3,2,47.96,17.99,29.97
2884,2024-11-01,14,1,4,10,258.19,93.33,164.86
2885,2024-11-01,14,1,5,8,205.7,77.35,128.35
2886,2024-11-01,14,2,1,2,59.05,21.3,37.75
2887,2024-11-01,14,2,2,1,27.08,10.77,16.31
2888,2024-11-01,14,2,3,2,53.77,18.59,35.18
2889,2024-11-01,14,2,4,12,344.35,124.75,219.6
2890,2024-11-01,14,2,5,5,144.0,48.79,95.21
2891,2024-11-01,14,3,1,2,67.35,22.87,44.48
2892,2024-11-01,14,3,2,1,27.65,10.14,17.51
2893,2024-11-01,14,3,4,6,160.47,56.19,104.28
2894,2024-11-01,14,3,5,2,53.15,19.21,33.94
2895,2024-11-01,14,4,2,5,146.57,52.49,94.08
2896,2024-11-01,14,4,3,3,93.53,32.55,60.98
2897,2024-11-01,14,4,4,7,196.33,65.87,130.46
2898,2024-11-01,14,4,5,6,180.31,62.6,117.71
2899,2024-11-01,14,5,1,2,49.15,20.76,28.39
2900,2024-11-01,14,5,2,3,73.86,29.89,43.97
2901,2024-11-01,14,5,3,4,104.32,37.78,66.54
2902,2024-11-01,14,5,4,7,178.77,70.11,108.66
2903,2024-11-01,15,1,1,2,112.92,45.2,67.72
2904,2024-11-01,15,1,2,5,245.88,99.31,146.57
2905,2024-11-01,15,1,3,1,56.32,19.19,37.13
2906,2024-11-01,15,1,4,14,790.99,307.02,483.97
2907,2024-11-01,15,1,5,6,331.81,132.17,199.64
2908,2024-11-01,15,2,1,1,68.75,23.61,45.14
2909,2024-11-01,15,2,2,5,287.63,105.27,182.36
2910,2024-11-01,15,2,3,1,53.4,21.52,31.88
2911,2024-11-01,15,2,4,10,557.67,215.7,341.97
2912,2024-11-01,15,2,5,3,169.68,64.66,105.02
2913,2024-11-01,15,3,1,2,120.12,48.21,71.91
2914,2024-11-01,15,3,2,5,304.93,119.18,185.75
2915,2024-11-01,15,3,3,1,61.33,22.69,38.64
2916,2024-11-01,15,3,4,10,568.34,213.09,355.25
2917,2024-11-01,15,3,5,4,239.47,87.39,152.08
2918,2024-11-01,15,4,4,2,113.81,42.28,71.53
2919,2024-11-01,15,4,5,5,317.96,116.95,201.01
2920,2024-11-01,15,5,1,2,101.85,44.04,57.81
2921,2024-11-01,15,5,2,3,143.61,64.18,79.43
2922,2024-11-01,15,5,4,5,236.45,102.16,134.29
2923,2024-12-01,1,1,1,4,239.96,101.94,138.02
2924,2024-12-01,1,1,2,12,754.0,309.63,444.37
2925,2024-12-01,1,1,3,6,346.87,140.94,205.93
2926,2024-12-01,1,1,4,16,1038.85,412.12,626.73
2927,2024-12-01,1,1,5,11,746.34,291.98,454.36
2928,2024-12-01,1,2,2,8,521.96,203.39,318.57
2929,2024-12-01,1,2,4,9,591.54,236.75,354.79
2930,2024-12-01,1,2,5,6,371.3,141.47,229.83
2931,2024-12-01,1,3,1,3,222.15,82.39,139.76
2932,2024-12-01,1,3,2,3,222.98,86.46,136.52
2933,2024-12-01,1,3,4,9,552.46,217.5,334.96
2934,2024-12-01,1,3,5,2,123.05,48.75,74.3
2935,2024-12-01,1,4,2,11,738.74,277.43,461.31
2936,2024-12-01,1,4,3,2,133.33,55.29,78.04
2937,2024-12-01,1,4,4,4,281.06,99.8,181.26
2938,2024-12-01,1,4,5,6,434.24,160.72,273.52
2939,2024-12-01,1,5,2,1,67.49,25.78,41.71
2940,2024-12-01,1,5,3,1,54.98,25.14,29.84
2941,2024-12-01,1,5,4,4,280.6,106.84,173.76
2942,2024-12-01,1,5,5,1,58.66,24.7,33.96
2943,2024-12-01,2,1,1,1,118.28,41.29,76.99
2944,2024-12-01,2,1,2,3,296.43,126.96,169.47
2945,2024-12-01,2,1,3,1,104.32,39.73,64.59
2946,2024-12-01,2,1,4,6,689.33,255.9,433.43
2947,2024-12-01,2,1,5,8,874.6,351.35,523.25
2948,2024-12-01,2,2,2,9,984.27,385.91,598.36
2949,2024-12-01,2,2,3,4,416.65,167.21,249.44
2950,2024-12-01,2,2,4,13,1427.48,541.67,885.81
2951,2024-12-01,2,2,5,4,436.96,170.71,266.25
2952,2024-12-01,2,3,1,1,122.27,47.01,75.26
2953,2024-12-01,2,3,2,2,261.68,97.02,164.66
2954,2024-12-01,2,3,3,2,217.48,88.18,129.3
2955,2024-12-01,2,3,4,12,1292.8,501.61,791.19
2956,2024-12-01,2,4,2,1,127.42,51.22,76.2
2957,2024-12-01,2,4,4,4,467.59,178.49,289.1
2958,2024-12-01,2,4,5,2,259.97,94.37,165.6
2959,2024-12-01,2,5,2,3,292.28,132.52,159.76
2960,2024-12-01,2,5,3,6,631.57,239.1,392.47
2961,2024-12-01,2,5,4,7,730.17,299.79,430.38
2962,2024-12-01,2,5,5,5,579.16,226.05,353.11
2963,2024-12-01,3,1,2,1,46.68,19.32,27.36
2964,2024-12-01,3,1,3,4,177.51,69.4,108.11
2965,2024-12-01,3,1,4,12,611.09,236.71,374.38
2966,2024-12-01,3,1,5,4,214.87,86.45,128.42
2967,2024-12-01,3,2,1,2,104.54,41.71,62.83
2968,2024-12-01,3,2,2,1,50.89,20.01,30.88
2969,2024-12-01,3,2,3,1,53.87,18.27,35.6
2970,2024-12-01,3,2,4,9,438.51,162.94,275.57
2971,2024-12-01,3,2,5,4,193.11,74.27,118.84
2972,2024-12-01,3,3,1,1,54.14,21.2,32.94
2973,2024-12-01,3,3,2,8,411.78,147.59,264.19
2974,2024-12-01,3,3,3,3,162.43,56.72,105.71
2975,2024-12-01,3,3,4,8,409.34,149.28,260.06
2976,2024-12-01,3,3,5,3,145.12,56.08,89.04
2977,2024-12-01,3,4,1,1,59.78,21.95,37.83
2978,2024-12-01,3,4,2,4,222.2,85.51,136.69
2979,2024-12-01,3,4,3,3,163.27,60.58,102.69
2980,2024-12-01,3,4,4,6,312.4,110.4,202.0
2981,2024-12-01,3,4,5,1,56.08,20.34,35.74
2982,2024-12-01,3,5,1,1,53.35,20.72,32.63
2983,2024-12-01,3,5,2,2,103.4,38.49,64.91
2984,2024-12-01,3,5,4,4,168.5,67.76,100.74
2985,2024-12-01,3,5,5,4,172.8,73.65,99.15
2986,2024-12-01,4,1,1,1,80.73,32.08,48.65
2987,2024-12-01,4,1,2,2,158.08,62.94,95.14
2988,2024-12-01,4,1,3,3,213.08,86.94,126.14
2989,2024-12-01,4,1,4,11,962.09,367.56,594.53
2990,2024-12-01,4,1,5,7,604.09,223.61,380.48
2991,2024-12-01,4,2,1,1,89.67,32.29,57.38
2992,2024-12-01,4,2,2,10,855.4,316.74,538.66
2993,2024-12-01,4,2,3,2,167.49,63.7,103.79
2994,2024-12-01,4,2,4,7,626.41,239.87,386.54
2995,2024-12-01,4,2,5,6,503.08,180.96,322.12
2996,2024-12-01,4,3,1,6,436.46,182.15,254.31
2997,2024-12-01,4,3,2,3,255.93,103.18,152.75
2998,2024-12-01,4,3,3,2,177.36,68.4,108.96
2999,2024-12-01,4,3,4,15,1254.88,476.25,778.63
3000,2024-12-01,4,3,5,5,409.13,168.29,240.84
3001,2024-12-01,4,4,2,2,195.65,68.39,127.26
3002,2024-12-01,4,4,3,3,267.6,103.44,164.16
3003,2024-12-01,4,4,4,6,519.02,193.54,325.48
3004,2024-12-01,4,4,5,6,535.06,193.64,341.42
3005,2024-12-01,4,5,1,1,72.41,33.18,39.23
3006,2024-12-01,4,5,2,1,70.3,31.63,38.67
3007,2024-12-01,4,5,3,5,384.14,150.25,233.89
3008,2024-12-01,4,5,4,4,270.48,116.38,154.1
3009,2024-12-01,4,5,5,1,79.21,30.64,48.57
3010,2024-12-01,5,1,2,2,165.91,72.57,93.34
3011,2024-12-01,5,1,3,4,312.84,145.76,167.08
3012,2024-12-01,5,1,4,11,977.61,431.47,546.14
3013,2024-12-01,5,1,5,10,878.29,380.84,497.45
3014,2024-12-01,5,2,1,1,103.56,41.05,62.51
3015,2024-12-01,5,2,2,7,675.31,288.71,386.6
3016,2024-12-01,5,2,3,4,363.69,150.69,213.0
3017,2024-12-01,5,2,4,11,1033.17,423.91,609.26
3018,2024-12-01,5,2,5,5,479.85,196.95,282.9
3019,2024-12-01,5,3,2,3,296.87,129.78,167.09
3020,2024-12-01,5,3,3,2,216.28,83.05,133.23
3021,2024-12-01,5,3,4,4,365.45,153.58,211.87
3022,2024-12-01,5,3,5,4,370.05,152.42,217.63
3023,2024-12-01,5,4,3,1,97.91,42.72,55.19
3024,2024-12-01,5,4,4,6,578.17,237.05,341.12
3025,2024-12-01,5,4,5,1,93.6,42.85,50.75
3026,2024-12-01,5,5,3,1,93.95,38.67,55.28
3027,2024-12-01,5,5,4,6,567.64,253.04,314.6
3028,2024-12-01,5,5,5,5,368.21,179.14,189.07
3029,2024-12-01,6,1,3,1,73.06,27.98,45.08
3030,2024-12-01,6,1,4,14,977.86,433.83,544.03
3031,2024-12-01,6,1,5,6,460.35,186.73,273.62
3032,2024-12-01,6,2,2,1,80.35,34.08,46.27
3033,2024-12-01,6,2,3,1,74.14,31.19,42.95
3034,2024-12-01,6,2,4,7,507.77,204.12,303.65
3035,2024-12-01,6,2,5,1,68.96,28.07,40.89
3036,2024-12-01,6,3,2,1,81.35,32.15,49.2
3037,2024-12-01,6,3,3,2,150.89,62.9,87.99
3038,2024-12-01,6,3,4,4,295.96,127.94,168.02
3039,2024-12-01,6,3,5,4,312.11,127.94,184.17
3040,2024-12-01,6,4,2,6,434.49,169.83,264.66
3041,2024-12-01,6,4,4,2,161.74,61.09,100.65
3042,2024-12-01,6,4,5,2,151.95,62.25,89.7
3043,2024-12-01,6,5,2,2,131.59,62.25,69.34
3044,2024-12-01,6,5,3,2,133.79,61.29,72.5
3045,2024-12-01,6,5,5,2,129.53,56.28,73.25
3046,2024-12-01,7,1,1,2,90.61,33.8,56.81
3047,2024-12-01,7,1,2,7,287.69,119.23,168.46
3048,2024-12-01,7,1,4,14,662.33,257.84,404.49
3049,2024-12-01,7,1,5,3,118.28,44.54,73.74
3050,2024-12-01,7,2,1,1,52.66,18.73,33.93
3051,2024-12-01,7,2,2,4,183.83,69.8,114.03
3052,2024-12-01,7,2,4,7,323.55,115.37,208.18
3053,2024-12-01,7,2,5,8,370.17,130.38,239.79
3054,2024-12-01,7,3,2,4,193.72,73.1,120.62
3055,2024-12-01,7,3,3,6,294.0,107.19,186.81
3056,2024-12-01,7,3,4,9,405.53,154.49,251.04
3057,2024-12-01,7,3,5,5,247.97,89.43,158.54
3058,2024-12-01,7,4,1,4,167.87,60.4,107.47
3059,2024-12-01,7,4,2,5,216.37,80.47,135.9
3060,2024-12-01,7,4,3,4,208.07,75.29,132.78
3061,2024-12-01,7,4,4,4,191.96,70.62,121.34
3062,2024-12-01,7,4,5,6,290.12,110.51,179.61
3063,2024-12-01,7,5,1,2,95.72,37.86,57.86
3064,2024-12-01,7,5,2,2,79.67,34.08,45.59
3065,2024-12-01,7,5,3,2,88.25,34.66,53.59
3066,2024-12-01,7,5,4,14,572.56,238.62,333.94
3067,2024-12-01,7,5,5,4,176.07,65.61,110.46
3068,2024-12-01,8,1,1,3,149.39,58.61,90.78
3069,2024-12-01,8,1,2,2,89.44,35.25,54.19
3070,2024-12-01,8,1,3,3,139.58,52.86,86.72
3071,2024-12-01,8,1,4,29,1376.51,556.16,820.35
3072,2024-12-01,8,1,5,7,321.95,129.86,192.09
3073,2024-12-01,8,2,2,11,552.89,208.72,344.17
3074,2024-12-01,8,2,3,1,47.62,18.82,28.8
3075,2024-12-01,8,2,4,13,640.29,252.88,387.41
3076,2024-12-01,8,2,5,8,421.13,158.95,262.18
3077,2024-12-01,8,3,2,1,53.91,21.37,32.54
3078,2024-12-01,8,3,3,3,151.31,59.74,91.57
3079,2024-12-01,8,3,4,15,774.59,302.59,472.0
3080,2024-12-01,8,3,5,1,56.33,19.73,36.6
3081,2024-12-01,8,4,2,11,585.78,219.76,366.02
3082,2024-12-01,8,4,3,2,120.75,41.5,79.25
3083,2024-12-01,8,4,4,7,359.85,132.45,227.4
3084,2024-12-01,8,4,5,1,55.31,19.42,35.89
3085,2024-12-01,8,5,1,2,81.87,38.53,43.34
3086,2024-12-01,8,5,2,2,94.91,38.39,56.52
3087,2024-12-01,8,5,3,3,121.26,55.24,66.02
3088,2024-12-01,8,5,4,2,83.63,34.2,49.43
3089,2024-12-01,8,5,5,5,223.83,89.78,134.05
3090,2024-12-01,9,1,1,2,129.53,52.58,76.95
3091,2024-12-01,9,1,4,5,352.53,136.3,216.23
3092,2024-12-01,9,1,5,4,283.7,120.64,163.06
3093,2024-12-01,9,2,1,1,72.15,29.17,42.98
3094,2024-12-01,9,2,2,6,421.36,161.95,259.41
3095,2024-12-01,9,2,3,1,68.2,27.64,40.56
3096,2024-12-01,9,2,4,7,464.84,189.82,275.02
3097,2024-12-01,9,2,5,6,404.72,163.26,241.46
3098,2024-12-01,9,3,2,3,231.47,91.96,139.51
3099,2024-12-01,9,3,4,12,856.5,326.62,529.88
3100,2024-12-01,9,3,5,1,77.82,29.81,48.01
3101,2024-12-01,9,4,1,4,346.5,124.69,221.81
3102,2024-12-01,9,4,2,3,257.01,98.23,158.78
3103,2024-12-01,9,4,3,2,142.01,56.6,85.41
3104,2024-12-01,9,4,4,7,516.16,189.53,326.63
3105,2024-12-01,9,4,5,2,145.84,56.94,88.9
3106,2024-12-01,9,5,3,1,63.28,26.59,36.69
3107,2024-12-01,9,5,4,3,176.53,77.7,98.83
3108,2024-12-01,9,5,5,1,61.46,26.85,34.61
3109,2024-12-01,10,1,1,1,61.38,22.23,39.15
3110,2024-12-01,10,1,2,4,221.9,84.48,137.42
3111,2024-12-01,10,1,4,9,522.03,198.33,323.7
3112,2024-12-01,10,1,5,7,409.33,166.77,242.56
3113,2024-12-01,10,2,1,2,121.88,48.16,73.72
3114,2024-12-01,10,2,2,2,135.63,44.81,90.82
3115,2024-12-01,10,2,3,2,122.34,45.24,77.1
3116,2024-12-01,10,2,4,10,604.51,229.03,375.48
3117,2024-12-01,10,2,5,4,218.05,92.45,125.6
3118,2024-12-01,10,3,3,2,125.93,45.39,80.54
3119,2024-12-01,10,3,4,4,252.4,89.38,163.02
3120,2024-12-01,10,3,5,3,200.96,71.42,129.54
3121,2024-12-01,10,4,1,1,78.32,27.7,50.62
3122,2024-12-01,10,4,2,2,141.04,49.57,91.47
3123,2024-12-01,10,4,3,1,66.81,24.24,42.57
3124,2024-12-01,10,4,4,4,259.24,92.68,166.56
3125,2024-12-01,10,5,1,1,61.45,24.71,36.74
3126,2024-12-01,10,5,2,2,119.2,46.06,73.14
3127,2024-12-01,10,5,3,1,52.89,21.14,31.75
3128,2024-12-01,10,5,4,6,297.82,125.32,172.5
3129,2024-12-01,10,5,5,1,47.82,20.62,27.2
3130,2024-12-01,11,1,2,12,510.33,154.74,355.59
3131,2024-12-01,11,1,3,5,197.0,60.08,136.92
3132,2024-12-01,11,1,4,16,643.84,206.69,437.15
3133,2024-12-01,11,1,5,8,333.22,108.46,224.76
3134,2024-12-01,11,2,1,4,184.59,58.21,126.38
3135,2024-12-01,11,2,2,11,456.09,144.18,311.91
3136,2024-12-01,11,2,3,2,79.95,24.45,55.5
3137,2024-12-01,11,2,4,14,565.01,171.55,393.46
3138,2024-12-01,11,2,5,9,371.93,118.94,252.99
3139,2024-12-01,11,3,2,3,129.67,41.36,88.31
3140,2024-12-01,11,3,4,4,166.89,51.24,115.65
3141,2024-12-01,11,3,5,4,177.15,53.51,123.64
3142,2024-12-01,11,4,2,7,295.85,91.49,204.36
3143,2024-12-01,11,4,4,6,245.13,74.85,170.28
3144,2024-12-01,11,4,5,6,268.3,84.89,183.41
3145,2024-12-01,11,5,4,8,286.72,102.45,184.27
3146,2024-12-01,11,5,5,2,70.86,23.73,47.13
3147,2024-12-01,12,1,1,4,306.04,104.89,201.15
3148,2024-12-01,12,1,2,4,279.39,102.47,176.92
3149,2024-12-01,12,1,4,17,1289.4,460.72,828.68
3150,2024-12-01,12,1,5,6,511.48,174.23,337.25
3151,2024-12-01,12,2,1,2,172.0,62.2,109.8
3152,2024-12-01,12,2,2,1,73.87,28.05,45.82
3153,2024-12-01,12,2,3,7,535.87,194.71,341.16
3154,2024-12-01,12,2,4,7,538.29,179.48,358.81
3155,2024-12-01,12,2,5,3,229.81,80.32,149.49
3156,2024-12-01,12,3,2,4,370.42,120.03,250.39
3157,2024-12-01,12,3,3,2,165.18,56.3,108.88
3158,2024-12-01,12,3,4,8,633.7,216.57,417.13
3159,2024-12-01,12,4,2,1,93.72,28.73,64.99
3160,2024-12-01,12,4,3,1,86.83,29.35,57.48
3161,2024-12-01,12,4,4,2,155.46,53.34,102.12
3162,2024-12-01,12,4,5,2,171.83,56.54,115.29
3163,2024-12-01,12,5,2,2,162.07,57.04,105.03
3164,2024-12-01,12,5,3,1,77.6,25.62,51.98
3165,2024-12-01,12,5,4,3,191.74,74.28,117.46
3166,2024-12-01,12,5,5,1,73.16,26.21,46.95
3167,2024-12-01,13,1,2,2,98.95,38.7,60.25
3168,2024-12-01,13,1,4,11,635.63,220.22,415.41
3169,2024-12-01,13,1,5,10,573.63,202.65,370.98
3170,2024-12-01,13,2,1,1,61.61,21.28,40.33
3171,2024-12-01,13,2,2,6,345.58,116.11,229.47
3172,2024-12-01,13,2,3,2,109.49,38.04,71.45
3173,2024-12-01,13,2,4,12,666.69,230.14,436.55
3174,2024-12-01,13,2,5,3,161.08,53.41,107.67
3175,2024-12-01,13,3,1,1,65.69,22.02,43.67
3176,2024-12-01,13,3,3,2,114.58,43.07,71.51
3177,2024-12-01,13,3,4,8,419.39,145.85,273.54
3178,2024-12-01,13,3,5,6,345.22,118.73,226.49
3179,2024-12-01,13,4,2,2,143.98,45.66,98.32
3180,2024-12-01,13,4,4,3,164.38,58.06,106.32
3181,2024-12-01,13,4,5,1,56.92,19.8,37.12
3182,2024-12-01,13,5,1,1,51.76,21.13,30.63
3183,2024-12-01,13,5,3,1,42.98,17.98,25.0
3184,2024-12-01,13,5,4,6,314.79,125.85,188.94
3185,2024-12-01,13,5,5,9,454.03,171.54,282.49
3186,2024-12-01,14,1,2,2,53.69,19.88,33.81
3187,2024-12-01,14,1,3,2,49.82,17.96,31.86
3188,2024-12-01,14,1,4,7,173.18,66.24,106.94
3189,2024-12-01,14,1,5,7,204.73,72.97,131.76
3190,2024-12-01,14,2,1,1,30.41,10.69,19.72
3191,2024-12-01,14,2,2,4,118.93,42.79,76.14
3192,2024-12-01,14,2,4,17,484.97,171.91,313.06
3193,2024-12-01,14,2,5,5,131.26,46.67,84.59
3194,2024-12-01,14,3,2,2,58.85,21.04,37.81
3195,2024-12-01,14,3,3,1,28.19,10.04,18.15
3196,2024-12-01,14,3,4,15,406.24,146.91,259.33
3197,2024-12-01,14,3,5,3,85.2,29.07,56.13
3198,2024-12-01,14,4,2,6,158.76,56.9,101.86
3199,2024-12-01,14,4,3,4,123.35,41.68,81.67
3200,2024-12-01,14,4,4,9,248.61,85.37,163.24
3201,2024-12-01,14,4,5,2,59.74,20.22,39.52
3202,2024-12-01,14,5,3,3,69.9,26.56,43.34
3203,2024-12-01,14,5,4,5,124.15,51.56,72.59
3204,2024-12-01,14,5,5,5,113.43,45.33,68.1
3205,2024-12-01,15,1,2,7,431.77,163.49,268.28
3206,2024-12-01,15,1,4,18,1019.65,388.54,631.11
3207,2024-12-01,15,1,5,2,91.4,38.82,52.58
3208,2024-12-01,15,2,1,1,60.06,23.68,36.38
3209,2024-12-01,15,2,2,11,581.53,232.95,348.58
3210,2024-12-01,15,2,3,2,105.57,43.32,62.25
3211,2024-12-01,15,2,4,22,1239.95,466.82,773.13
3212,2024-12-01,15,2,5,10,585.06,227.49,357.57
3213,2024-12-01,15,3,2,1,62.14,23.52,38.62
3214,2024-12-01,15,3,3,6,336.16,131.07,205.09
3215,2024-12-01,15,3,4,11,640.53,241.11,399.42
3216,2024-12-01,15,3,5,7,387.35,147.44,239.91
3217,2024-12-01,15,4,1,2,124.95,51.57,73.38
3218,2024-12-01,15,4,2,3,193.74,73.81,119.93
3219,2024-12-01,15,4,4,5,305.53,111.04,194.49
3220,2024-12-01,15,4,5,1,62.51,22.21,40.3
3221,2024-12-01,15,5,1,2,100.39,45.92,54.47
3222,2024-12-01,15,5,2,3,150.12,64.59,85.53
3223,2024-12-01,15,5,3,6,276.79,116.78,160.01
3224,2024-12-01,15,5,4,6,339.12,133.29,205.83
3225,2024-12-01,15,5,5,4,200.03,82.44,117.59
3226,2025-01-01,1,1,1,3,165.7,72.3,93.4
3227,2025-01-01,1,1,2,10,638.68,260.85,377.83
3228,2025-01-01,1,1,3,1,66.81,23.82,42.99
3229,2025-01-01,1,1,4,7,412.68,169.07,243.61
3230,2025-01-01,1,1,5,4,304.85,113.52,191.33
3231,2025-01-01,1,2,1,2,141.77,54.88,86.89
3232,2025-01-01,1,2,2,3,201.15,80.03,121.12
3233,2025-01-01,1,2,4,6,439.36,161.54,277.82
3234,2025-01-01,1,2,5,5,332.65,126.57,206.08
3235,2025-01-01,1,3,2,2,152.25,56.77,95.48
3236,2025-01-01,1,3,4,3,200.98,77.57,123.41
3237,2025-01-01,1,3,5,1,69.42,24.06,45.36
3238,2025-01-01,1,4,4,1,66.46,25.73,40.73
3239,2025-01-01,1,5,2,2,107.38,51.62,55.76
3240,2025-01-01,1,5,3,2,124.74,50.64,74.1
3241,2025-01-01,1,5,4,2,103.23,45.19,58.04
3242,2025-01-01,1,5,5,3,163.37,69.27,94.1
3243,2025-01-01,2,1,1,3,329.64,127.35,202.29
3244,2025-01-01,2,1,2,2,222.6,85.79,136.81
3245,2025-01-01,2,1,4,4,364.03,156.79,207.24
3246,2025-01-01,2,1,5,1,104.9,38.91,65.99
3247,2025-01-01,2,2,2,6,670.2,280.94,389.26
3248,2025-01-01,2,2,3,1,109.29,42.25,67.04
3249,2025-01-01,2,2,4,3,298.29,117.53,180.76
3250,2025-01-01,2,2,5,2,214.1,86.61,127.49
3251,2025-01-01,2,3,1,1,118.78,46.53,72.25
3252,2025-01-01,2,3,2,1,121.08,46.81,74.27
3253,2025-01-01,2,3,4,4,458.2,168.81,289.39
3254,2025-01-01,2,3,5,1,116.71,44.2,72.51
3255,2025-01-01,2,4,2,1,138.08,51.23,86.85
3256,2025-01-01,2,4,4,3,341.49,129.0,212.49
3257,2025-01-01,2,4,5,1,131.95,46.82,85.13
3258,2025-01-01,2,5,1,2,210.28,91.15,119.13
3259,2025-01-01,2,5,2,1,110.98,44.12,66.86
3260,2025-01-01,2,5,4,7,655.34,286.75,368.59
3261,2025-01-01,2,5,5,5,490.54,209.87,280.67
3262,2025-01-01,3,1,2,2,97.8,36.91,60.89
3263,2025-01-01,3,1,3,1,48.29,18.48,29.81
3264,2025-01-01,3,1,4,3,169.69,67.11,102.58
3265,2025-01-01,3,1,5,1,45.25,17.34,27.91
3266,2025-01-01,3,2,1,2,111.19,43.55,67.64
3267,2025-01-01,3,2,2,4,226.32,79.11,147.21
3268,2025-01-01,3,2,3,3,140.33,57.18,83.15
3269,2025-01-01,3,2,4,6,322.21,121.07,201.14
3270,2025-01-01,3,2,5,2,105.24,38.91,66.33
3271,2025-01-01,3,3,2,3,160.41,60.41,100.0
3272,2025-01-01,3,3,3,3,149.89,58.71,91.18
3273,2025-01-01,3,3,4,2,97.37,36.24,61.13
3274,2025-01-01,3,4,1,1,61.3,22.36,38.94
3275,2025-01-01,3,4,2,1,59.97,21.4,38.57
3276,2025-01-01,3,4,4,4,201.52,75.84,125.68
3277,2025-01-01,3,4,5,1,51.03,19.51,31.52
3278,2025-01-01,3,5,4,2,86.49,34.3,52.19
3279,2025-01-01,3,5,5,1,49.25,17.97,31.28
3280,2025-01-01,4,1,1,2,165.43,65.68,99.75
3281,2025-01-01,4,1,2,3,237.25,89.82,147.43
3282,2025-01-01,4,1,3,2,151.55,61.43,90.12
3283,2025-01-01,4,1,4,5,430.65,168.83,261.82
3284,2025-01-01,4,1,5,3,213.61,91.55,122.06
3285,2025-01-01,4,2,2,3,275.9,103.82,172.08
3286,2025-01-01,4,2,3,4,324.71,123.38,201.33
3287,2025-01-01,4,2,4,2,159.91,58.72,101.19
3288,2025-01-01,4,2,5,3,254.32,90.72,163.6
3289,2025-01-01,4,3,1,5,378.13,149.48,228.65
3290,2025-01-01,4,3,3,2,175.52,64.28,111.24
3291,2025-01-01,4,3,4,1,89.64,31.32,58.32
3292,2025-01-01,4,3,5,1,84.08,31.32,52.76
3293,2025-01-01,4,4,1,1,94.83,37.07,57.76
3294,2025-01-01,4,4,2,1,96.47,36.19,60.28
3295,2025-01-01,4,4,4,2,181.82,65.2,116.62
3296,2025-01-01,4,4,5,2,172.72,64.84,107.88
3297,2025-01-01,4,5,4,5,382.18,169.44,212.74
3298,2025-01-01,4,5,5,4,313.45,117.61,195.84
3299,2025-01-01,5,1,2,1,90.26,38.48,51.78
3300,2025-01-01,5,1,3,9,764.95,332.87,432.08
3301,2025-01-01,5,1,4,11,973.78,435.22,538.56
3302,2025-01-01,5,1,5,2,154.07,71.99,82.08
3303,2025-01-01,5,2,1,1,111.52,42.59,68.93
3304,2025-01-01,5,2,2,2,181.19,78.91,102.28
3305,2025-01-01,5,2,3,2,190.3,75.85,114.45
3306,2025-01-01,5,2,4,3,268.0,113.87,154.13
3307,2025-01-01,5,2,5,3,260.75,116.39,144.36
3308,2025-01-01,5,3,1,2,223.37,91.25,132.12
3309,2025-01-01,5,3,4,7,640.7,270.61,370.09
3310,2025-01-01,5,3,5,6,606.22,242.85,363.37
3311,2025-01-01,5,4,5,2,191.73,79.52,112.21
3312,2025-01-01,5,5,4,3,287.71,137.56,150.15
3313,2025-01-01,5,5,5,5,377.62,182.11,195.51
3314,2025-01-01,6,1,2,2,134.04,58.42,75.62
3315,2025-01-01,6,1,3,3,203.89,85.0,118.89
3316,2025-01-01,6,1,5,2,131.15,56.38,74.77
3317,2025-01-01,6,2,3,1,70.56,31.31,39.25
3318,2025-01-01,6,2,4,6,433.81,177.16,256.65
3319,2025-01-01,6,2,5,6,460.52,188.0,272.52
3320,2025-01-01,6,3,2,1,85.55,33.33,52.22
3321,2025-01-01,6,3,3,2,160.09,66.84,93.25
3322,2025-01-01,6,3,4,2,148.19,61.18,87.01
3323,2025-01-01,6,3,5,6,451.33,182.97,268.36
3324,2025-01-01,6,4,2,1,83.17,35.37,47.8
3325,2025-01-01,6,4,3,2,164.67,63.48,101.19
3326,2025-01-01,6,4,5,1,75.21,31.33,43.88
3327,2025-01-01,6,5,4,4,255.53,113.97,141.56
3328,2025-01-01,6,5,5,2,132.08,55.38,76.7
3329,2025-01-01,7,1,1,1,49.33,17.29,32.04
3330,2025-01-01,7,1,2,3,132.99,51.19,81.8
3331,2025-01-01,7,1,3,5,257.65,90.98,166.67
3332,2025-01-01,7,1,4,6,291.49,108.16,183.33
3333,2025-01-01,7,1,5,4,175.67,64.22,111.45
3334,2025-01-01,7,2,2,1,50.52,18.83,31.69
3335,2025-01-01,7,2,4,8,387.13,149.56,237.57
3336,2025-01-01,7,2,5,7,302.57,123.17,179.4
3337,2025-01-01,7,3,1,1,50.2,19.84,30.36
3338,2025-01-01,7,3,2,2,99.07,36.97,62.1
3339,2025-01-01,7,3,3,1,46.01,18.99,27.02
3340,2025-01-01,7,3,4,6,276.56,100.49,176.07
3341,2025-01-01,7,3,5,8,372.14,148.01,224.13
3342,2025-01-01,7,4,4,2,91.73,33.77,57.96
3343,2025-01-01,7,4,5,1,50.61,18.43,32.18
3344,2025-01-01,7,5,3,3,136.05,51.72,84.33
3345,2025-01-01,7,5,4,3,118.47,49.02,69.45
3346,2025-01-01,7,5,5,2,77.44,32.06,45.38
3347,2025-01-01,8,1,1,5,243.75,92.97,150.78
3348,2025-01-01,8,1,2,6,280.04,107.04,173.0
3349,2025-01-01,8,1,3,5,267.57,102.11,165.46
3350,2025-01-01,8,1,4,5,248.24,98.11,150.13
3351,2025-01-01,8,1,5,2,85.38,35.38,50.0
3352,2025-01-01,8,2,1,2,110.91,41.8,69.11
3353,2025-01-01,8,2,2,5,258.78,103.67,155.11
3354,2025-01-01,8,2,3,1,45.77,18.89,26.88
3355,2025-01-01,8,2,4,2,90.64,36.62,54.02
3356,2025-01-01,8,2,5,10,510.74,183.83,326.91
3357,2025-01-01,8,3,1,1,54.41,21.19,33.22
3358,2025-01-01,8,3,2,5,266.83,103.04,163.79
3359,2025-01-01,8,3,3,2,103.02,38.33,64.69
3360,2025-01-01,8,3,4,11,507.86,201.07,306.79
3361,2025-01-01,8,3,5,1,47.75,20.01,27.74
3362,2025-01-01,8,4,2,2,114.24,42.59,71.65
3363,2025-01-01,8,4,3,5,261.54,99.77,161.77
3364,2025-01-01,8,4,4,3,150.37,58.39,91.98
3365,2025-01-01,8,5,4,3,124.57,52.03,72.54
3366,2025-01-01,8,5,5,2,85.38,36.9,48.48
3367,2025-01-01,9,1,2,1,60.37,26.59,33.78
3368,2025-01-01,9,1,3,2,117.94,48.99,68.95
3369,2025-01-01,9,1,4,5,339.06,148.42,190.64
3370,2025-01-01,9,1,5,1,56.04,25.26,30.78
3371,2025-01-01,9,2,2,3,207.03,85.32,121.71
3372,2025-01-01,9,2,4,4,264.78,105.84,158.94
3373,2025-01-01,9,2,5,4,265.51,103.0,162.51
3374,2025-01-01,9,3,2,3,239.19,95.18,144.01
3375,2025-01-01,9,3,3,5,351.57,143.4,208.17
3376,2025-01-01,9,3,4,3,208.87,81.31,127.56
3377,2025-01-01,9,3,5,3,236.32,87.83,148.49
3378,2025-01-01,9,4,4,1,73.44,27.37,46.07
3379,2025-01-01,9,5,4,3,171.87,75.68,96.19
3380,2025-01-01,9,5,5,2,110.73,50.96,59.77
3381,2025-01-01,10,1,2,4,258.62,88.25,170.37
3382,2025-01-01,10,1,3,1,48.66,20.67,27.99
3383,2025-01-01,10,1,4,2,100.58,38.67,61.91
3384,2025-01-01,10,1,5,2,109.97,40.42,69.55
3385,2025-01-01,10,2,1,1,67.69,25.14,42.55
3386,2025-01-01,10,2,2,2,114.23,47.58,66.65
3387,2025-01-01,10,2,4,5,278.06,105.57,172.49
3388,2025-01-01,10,2,5,3,167.09,63.05,104.04
3389,2025-01-01,10,3,2,1,66.0,24.16,41.84
3390,2025-01-01,10,3,3,4,268.54,98.92,169.62
3391,2025-01-01,10,3,4,4,246.29,91.29,155.0
3392,2025-01-01,10,4,1,1,72.09,26.54,45.55
3393,2025-01-01,10,4,4,4,239.98,86.22,153.76
3394,2025-01-01,10,5,3,3,167.73,67.08,100.65
3395,2025-01-01,10,5,4,8,434.6,178.64,255.96
3396,2025-01-01,10,5,5,2,96.88,41.53,55.35
3397,2025-01-01,11,1,2,3,121.92,38.66,83.26
3398,2025-01-01,11,1,3,3,106.3,36.4,69.9
3399,2025-01-01,11,1,4,9,376.2,119.86,256.34
3400,2025-01-01,11,1,5,1,34.46,11.33,23.13
3401,2025-01-01,11,2,1,2,89.15,28.95,60.2
3402,2025-01-01,11,2,4,7,305.61,90.67,214.94
3403,2025-01-01,11,2,5,2,80.4,25.06,55.34
3404,2025-01-01,11,3,2,5,230.96,69.44,161.52
3405,2025-01-01,11,3,4,3,111.92,36.17,75.75
3406,2025-01-01,11,4,1,1,51.54,14.84,36.7
3407,2025-01-01,11,4,4,6,256.56,77.12,179.44
3408,2025-01-01,11,4,5,1,47.48,13.81,33.67
3409,2025-01-01,11,5,2,1,41.7,13.08,28.62
3410,2025-01-01,11,5,3,1,39.39,13.29,26.1
3411,2025-01-01,11,5,5,1,32.28,11.93,20.35
3412,2025-01-01,12,1,1,1,75.01,28.1,46.91
3413,2025-01-01,12,1,3,5,353.25,127.07,226.18
3414,2025-01-01,12,1,4,8,612.39,223.7,388.69
3415,2025-01-01,12,1,5,5,352.94,122.96,229.98
3416,2025-01-01,12,2,1,3,256.61,90.25,166.36
3417,2025-01-01,12,2,2,3,230.57,82.83,147.74
3418,2025-01-01,12,2,3,1,70.85,26.63,44.22
3419,2025-01-01,12,2,4,9,689.97,237.53,452.44
3420,2025-01-01,12,2,5,1,81.98,25.91,56.07
3421,2025-01-01,12,3,4,8,599.92,208.71,391.21
3422,2025-01-01,12,3,5,3,242.04,84.13,157.91
3423,2025-01-01,12,4,4,2,157.93,54.55,103.38
3424,2025-01-01,12,4,5,2,170.22,56.46,113.76
3425,2025-01-01,12,5,2,2,138.42,55.19,83.23
3426,2025-01-01,12,5,3,1,69.34,25.68,43.66
3427,2025-01-01,12,5,4,2,136.01,52.93,83.08
3428,2025-01-01,12,5,5,1,67.94,24.45,43.49
3429,2025-01-01,13,1,2,4,193.82,70.58,123.24
3430,2025-01-01,13,1,3,1,51.7,17.15,34.55
3431,2025-01-01,13,1,4,3,138.67,48.97,89.7
3432,2025-01-01,13,1,5,2,96.15,34.98,61.17
3433,2025-01-01,13,2,1,1,57.06,19.84,37.22
3434,2025-01-01,13,2,2,2,115.56,40.66,74.9
3435,2025-01-01,13,2,3,1,57.67,20.22,37.45
3436,2025-01-01,13,2,4,9,508.76,180.37,328.39
3437,2025-01-01,13,2,5,5,291.72,94.35,197.37
3438,2025-01-01,13,3,3,2,120.96,40.61,80.35
3439,2025-01-01,13,3,4,5,287.93,99.05,188.88
3440,2025-01-01,13,3,5,1,56.66,19.31,37.35
3441,2025-01-01,13,4,2,3,197.72,69.42,128.3
3442,2025-01-01,13,4,5,4,242.75,85.4,157.35
3443,2025-01-01,13,5,2,3,170.22,62.65,107.57
3444,2025-01-01,13,5,4,7,368.13,141.89,226.24
3445,2025-01-01,14,1,1,4,102.34,37.42,64.92
3446,2025-01-01,14,1,2,3,82.84,28.66,54.18
3447,2025-01-01,14,1,3,4,115.7,43.62,72.08
3448,2025-01-01,14,1,4,9,247.85,91.19,156.66
3449,2025-01-01,14,2,1,1,28.73,10.59,18.14
3450,2025-01-01,14,2,2,6,170.9,58.93,111.97
3451,2025-01-01,14,2,3,1,29.62,9.19,20.43
3452,2025-01-01,14,2,4,3,75.91,28.15,47.76
3453,2025-01-01,14,2,5,5,145.73,50.73,95.0
3454,2025-01-01,14,3,3,2,58.7,21.79,36.91
3455,2025-01-01,14,3,4,4,108.82,37.11,71.71
3456,2025-01-01,14,3,5,2,57.34,19.76,37.58
3457,2025-01-01,14,4,1,1,32.91,10.6,22.31
3458,2025-01-01,14,4,2,2,63.64,21.71,41.93
3459,2025-01-01,14,4,4,2,59.03,20.62,38.41
3460,2025-01-01,14,4,5,2,60.74,20.39,40.35
3461,2025-01-01,14,5,4,3,64.92,26.77,38.15
3462,2025-01-01,14,5,5,1,23.0,8.95,14.05
3463,2025-01-01,15,1,2,4,216.66,89.05,127.61
3464,2025-01-01,15,1,3,1,49.38,20.75,28.63
3465,2025-01-01,15,1,4,8,454.24,183.91,270.33
3466,2025-01-01,15,1,5,1,52.7,19.55,33.15
3467,2025-01-01,15,2,1,1,56.38,23.01,33.37
3468,2025-01-01,15,2,2,4,225.47,91.7,133.77
3469,2025-01-01,15,2,4,8,464.34,185.03,279.31
3470,2025-01-01,15,2,5,2,105.23,40.03,65.2
3471,2025-01-01,15,3,1,5,252.99,99.61,153.38
3472,2025-01-01,15,3,2,1,62.78,23.96,38.82
3473,2025-01-01,15,3,3,2,110.89,43.97,66.92
3474,2025-01-01,15,3,4,7,380.96,147.45,233.51
3475,2025-01-01,15,3,5,4,216.41,88.85,127.56
3476,2025-01-01,15,4,1,1,66.35,25.05,41.3
3477,2025-01-01,15,4,4,5,276.01,105.53,170.48
3478,2025-01-01,15,5,1,1,47.56,22.32,25.24
3479,2025-01-01,15,5,2,3,140.19,61.76,78.43
3480,2025-01-01,15,5,3,1,45.56,21.35,24.21
3481,2025-01-01,15,5,4,9,451.06,200.95,250.11
3482,2025-01-01,15,5,5,5,226.82,100.08,126.74
3483,2025-02-01,1,1,1,1,56.06,24.5,31.56
3484,2025-02-01,1,1,3,4,203.38,92.28,111.1
3485,2025-02-01,1,1,4,8,488.14,194.74,293.4
3486,2025-02-01,1,2,2,3,191.29,78.49,112.8
3487,2025-02-01,1,2,3,1,56.75,24.79,31.96
3488,2025-02-01,1,2,4,7,473.81,188.47,285.34
3489,2025-02-01,1,2,5,2,120.14,49.03,71.11
3490,2025-02-01,1,3,2,1,65.8,27.78,38.02
3491,2025-02-01,1,3,3,3,210.71,76.18,134.53
3492,2025-02-01,1,3,4,6,380.76,158.0,222.76
3493,2025-02-01,1,3,5,3,191.13,74.91,116.22
3494,2025-02-01,1,4,2,7,464.17,169.26,294.91
3495,2025-02-01,1,4,4,12,857.94,321.84,536.1
3496,2025-02-01,1,4,5,3,206.78,80.07,126.71
3497,2025-02-01,1,5,2,2,123.74,49.41,74.33
3498,2025-02-01,1,5,4,2,106.28,44.96,61.32
3499,2025-02-01,1,5,5,3,184.42,72.67,111.75
3500,2025-02-01,2,1,1,4,402.06,170.44,231.62
3501,2025-02-01,2,1,2,1,95.2,42.03,53.17
3502,2025-02-01,2,1,3,2,193.09,79.91,113.18
3503,2025-02-01,2,1,4,4,495.14,196.51,298.63
3504,2025-02-01,2,1,5,3,314.54,114.77,199.77
3505,2025-02-01,2,2,2,6,687.61,265.35,422.26
3506,2025-02-01,2,2,4,4,400.99,163.57,237.42
3507,2025-02-01,2,2,5,9,933.84,384.29,549.55
3508,2025-02-01,2,3,2,2,239.42,91.87,147.55
3509,2025-02-01,2,3,3,3,334.81,131.68,203.13
3510,2025-02-01,2,3,4,6,675.42,265.9,409.52
3511,2025-02-01,2,3,5,2,203.98,86.25,117.73
3512,2025-02-01,2,4,4,5,564.41,218.44,345.97
3513,2025-02-01,2,4,5,4,462.04,178.15,283.89
3514,2025-02-01,2,5,2,1,92.72,42.66,50.06
3515,2025-02-01,2,5,4,4,430.1,185.33,244.77
3516,2025-02-01,2,5,5,1,98.08,40.66,57.42
3517,2025-02-01,3,1,1,1,55.49,18.45,37.04
3518,2025-02-01,3,1,2,6,293.46,110.63,182.83
3519,2025-02-01,3,1,3,3,134.89,51.52,83.37
3520,2025-02-01,3,1,4,10,498.96,193.26,305.7
3521,2025-02-01,3,2,2,2,110.19,38.4,71.79
3522,2025-02-01,3,2,3,1,49.15,18.29,30.86
3523,2025-02-01,3,2,4,7,344.7,126.58,218.12
3524,2025-02-01,3,2,5,1,52.37,18.2,34.17
3525,2025-02-01,3,3,2,1,52.61,20.89,31.72
3526,2025-02-01,3,3,3,3,156.59,59.32,97.27
3527,2025-02-01,3,3,4,3,152.85,59.35,93.5
3528,2025-02-01,3,3,5,3,146.35,60.47,85.88
3529,2025-02-01,3,4,1,1,55.96,22.28,33.68
3530,2025-02-01,3,4,2,3,165.34,64.22,101.12
3531,2025-02-01,3,4,3,1,54.23,20.9,33.33
3532,2025-02-01,3,4,4,1,59.54,19.93,39.61
3533,2025-02-01,3,4,5,4,222.64,80.0,142.64
3534,2025-02-01,3,5,1,1,47.43,20.09,27.34
3535,2025-02-01,3,5,2,1,45.39,18.47,26.92
3536,2025-02-01,3,5,4,4,172.88,67.67,105.21
3537,2025-02-01,3,5,5,2,94.4,36.58,57.82
3538,2025-02-01,4,1,2,1,87.56,29.88,57.68
3539,2025-02-01,4,1,3,2,139.25,60.4,78.85
3540,2025-02-01,4,1,4,8,638.94,251.41,387.53
3541,2025-02-01,4,2,2,2,163.11,66.7,96.41
3542,2025-02-01,4,2,3,5,392.35,162.44,229.91
3543,2025-02-01,4,2,4,5,466.54,171.83,294.71
3544,2025-02-01,4,2,5,7,591.74,222.92,368.82
3545,2025-02-01,4,3,1,3,284.96,108.09,176.87
3546,2025-02-01,4,3,2,1,92.1,34.69,57.41
3547,2025-02-01,4,3,4,2,165.29,64.65,100.64
3548,2025-02-01,4,3,5,1,76.7,30.71,45.99
3549,2025-02-01,4,4,1,1,99.47,38.61,60.86
3550,2025-02-01,4,4,3,1,86.86,32.98,53.88
3551,2025-02-01,4,4,4,5,414.24,161.04,253.2
3552,2025-02-01,4,4,5,3,261.85,101.79,160.06
3553,2025-02-01,4,5,4,3,206.66,85.31,121.35
3554,2025-02-01,4,5,5,4,276.34,118.4,157.94
3555,2025-02-01,5,1,1,3,281.65,118.33,163.32
3556,2025-02-01,5,1,2,1,83.45,37.56,45.89
3557,2025-02-01,5,1,3,3,249.34,112.02,137.32
3558,2025-02-01,5,1,4,10,919.88,398.95,520.93
3559,2025-02-01,5,2,2,4,395.37,162.38,232.99
3560,2025-02-01,5,2,4,2,167.58,75.57,92.01
3561,2025-02-01,5,2,5,4,365.05,148.12,216.93
3562,2025-02-01,5,3,1,3,341.81,130.98,210.83
3563,2025-02-01,5,3,4,8,792.22,341.17,451.05
3564,2025-02-01,5,3,5,5,510.85,207.25,303.6
3565,2025-02-01,5,4,2,2,213.94,88.31,125.63
3566,2025-02-01,5,4,4,3,272.52,114.62,157.9
3567,2025-02-01,5,4,5,1,95.66,41.04,54.62
3568,2025-02-01,5,5,3,1,74.48,37.74,36.74
3569,2025-02-01,5,5,4,5,426.31,210.6,215.71
3570,2025-02-01,6,1,1,1,74.68,31.71,42.97
3571,2025-02-01,6,1,2,2,125.56,58.43,67.13
3572,2025-02-01,6,1,4,4,303.12,137.56,165.56
3573,2025-02-01,6,1,5,2,137.86,57.36,80.5
3574,2025-02-01,6,2,2,3,233.89,97.81,136.08
3575,2025-02-01,6,2,3,2,152.6,61.69,90.91
3576,2025-02-01,6,2,4,2,138.38,58.67,79.71
3577,2025-02-01,6,2,5,1,74.48,29.69,44.79
3578,2025-02-01,6,3,2,2,169.22,69.47,99.75
3579,2025-02-01,6,3,4,3,217.78,90.2,127.58
3580,2025-02-01,6,4,2,2,182.51,73.0,109.51
3581,2025-02-01,6,4,3,3,230.84,98.4,132.44
3582,2025-02-01,6,4,4,5,376.92,148.66,228.26
3583,2025-02-01,6,4,5,1,78.83,31.32,47.51
3584,2025-02-01,6,5,2,5,298.44,152.67,145.77
3585,2025-02-01,6,5,3,1,64.38,28.61,35.77
3586,2025-02-01,6,5,4,2,125.0,52.32,72.68
3587,2025-02-01,6,5,5,1,61.27,28.67,32.6
3588,2025-02-01,7,1,2,2,86.44,34.44,52.0
3589,2025-02-01,7,1,4,8,346.49,133.64,212.85
3590,2025-02-01,7,1,5,4,164.32,65.17,99.15
3591,2025-02-01,7,2,3,1,43.04,17.41,25.63
3592,2025-02-01,7,2,4,8,343.54,131.15,212.39
3593,2025-02-01,7,2,5,3,129.77,49.85,79.92
3594,2025-02-01,7,3,1,2,101.48,41.16,60.32
3595,2025-02-01,7,3,2,5,213.93,79.9,134.03
3596,2025-02-01,7,3,3,2,85.07,33.95,51.12
3597,2025-02-01,7,3,4,2,94.12,33.03,61.09
3598,2025-02-01,7,4,1,2,112.62,39.96,72.66
3599,2025-02-01,7,4,3,1,51.5,18.46,33.04
3600,2025-02-01,7,4,4,8,382.27,139.46,242.81
3601,2025-02-01,7,4,5,3,151.02,57.28,93.74
3602,2025-02-01,7,5,3,2,91.26,34.08,57.18
3603,2025-02-01,7,5,4,3,120.92,48.38,72.54
3604,2025-02-01,7,5,5,4,169.25,66.12,103.13
3605,2025-02-01,8,1,2,5,235.25,90.19,145.06
3606,2025-02-01,8,1,3,3,139.51,55.27,84.24
3607,2025-02-01,8,1,4,3,120.34,51.4,68.94
3608,2025-02-01,8,1,5,1,38.89,17.5,21.39
3609,2025-02-01,8,2,2,3,157.13,59.54,97.59
3610,2025-02-01,8,2,3,1,47.7,19.88,27.82
3611,2025-02-01,8,2,4,2,83.93,36.24,47.69
3612,2025-02-01,8,2,5,3,141.54,55.75,85.79
3613,2025-02-01,8,3,3,4,191.49,79.17,112.32
3614,2025-02-01,8,3,4,6,289.24,107.6,181.64
3615,2025-02-01,8,3,5,2,96.42,39.05,57.37
3616,2025-02-01,8,4,1,3,172.18,64.89,107.29
3617,2025-02-01,8,4,2,5,228.66,87.64,141.02
3618,2025-02-01,8,4,3,1,54.03,20.33,33.7
3619,2025-02-01,8,4,4,12,611.59,239.08,372.51
3620,2025-02-01,8,5,1,1,51.85,18.85,33.0
3621,2025-02-01,8,5,2,1,40.17,18.86,21.31
3622,2025-02-01,8,5,3,1,47.04,18.54,28.5
3623,2025-02-01,8,5,4,3,123.12,52.44,70.68
3624,2025-02-01,8,5,5,2,85.17,35.18,49.99
3625,2025-02-01,9,1,1,3,201.11,83.35,117.76
3626,2025-02-01,9,1,2,1,67.32,26.94,40.38
3627,2025-02-01,9,1,4,3,216.88,92.43,124.45
3628,2025-02-01,9,1,5,2,121.95,48.11,73.84
3629,2025-02-01,9,2,1,1,66.88,29.7,37.18
3630,2025-02-01,9,2,2,2,143.52,59.25,84.27
3631,2025-02-01,9,2,3,3,218.15,88.29,129.86
3632,2025-02-01,9,2,4,4,304.14,125.04,179.1
3633,2025-02-01,9,3,1,1,79.11,31.02,48.09
3634,2025-02-01,9,3,2,2,150.41,60.75,89.66
3635,2025-02-01,9,3,4,6,428.17,162.08,266.09
3636,2025-02-01,9,4,2,2,165.26,65.23,100.03
3637,2025-02-01,9,4,3,1,77.61,28.94,48.67
3638,2025-02-01,9,4,4,3,232.5,85.97,146.53
3639,2025-02-01,9,4,5,1,68.09,28.83,39.26
3640,2025-02-01,9,5,2,3,210.85,83.49,127.36
3641,2025-02-01,9,5,3,1,67.39,27.33,40.06
3642,2025-02-01,10,1,1,1,59.47,23.1,36.37
3643,2025-02-01,10,1,2,5,279.52,109.12,170.4
3644,2025-02-01,10,1,4,4,221.9,80.07,141.83
3645,2025-02-01,10,1,5,1,51.71,21.58,30.13
3646,2025-02-01,10,2,1,1,61.99,24.03,37.96
3647,2025-02-01,10,2,4,7,405.52,149.89,255.63
3648,2025-02-01,10,2,5,4,234.29,90.02,144.27
3649,2025-02-01,10,3,1,1,72.82,25.44,47.38
3650,2025-02-01,10,3,2,1,63.37,24.35,39.02
3651,2025-02-01,10,3,3,1,62.39,23.12,39.27
3652,2025-02-01,10,3,4,5,295.74,113.92,181.82
3653,2025-02-01,10,4,4,1,63.86,23.36,40.5
3654,2025-02-01,10,4,5,4,278.67,97.21,181.46
3655,2025-02-01,10,5,2,1,49.9,23.42,26.48
3656,2025-02-01,10,5,4,4,216.01,82.58,133.43
3657,2025-02-01,10,5,5,1,53.44,22.22,31.22
3658,2025-02-01,11,1,1,3,136.07,38.45,97.62
3659,2025-02-01,11,1,2,4,155.38,48.18,107.2
3660,2025-02-01,11,1,4,7,294.02,92.02,202.0
3661,2025-02-01,11,1,5,2,77.04,23.42,53.62
3662,2025-02-01,11,2,2,2,86.08,26.26,59.82
3663,2025-02-01,11,2,3,1,42.38,12.41,29.97
3664,2025-02-01,11,2,4,3,112.13,35.94,76.19
3665,2025-02-01,11,2,5,4,167.5,50.79,116.71
3666,2025-02-01,11,3,1,1,46.26,15.05,31.21
3667,2025-02-01,11,3,2,1,48.79,14.67,34.12
3668,2025-02-01,11,4,1,2,104.04,31.51,72.53
3669,2025-02-01,11,4,2,1,47.62,14.35,33.27
3670,2025-02-01,11,4,5,5,225.66,69.42,156.24
3671,2025-02-01,11,5,2,1,39.02,13.07,25.95
3672,2025-02-01,11,5,4,1,34.19,11.8,22.39
3673,2025-02-01,12,1,1,2,142.38,55.68,86.7
3674,2025-02-01,12,1,2,10,764.46,268.85,495.61
3675,2025-02-01,12,1,4,5,385.73,135.96,249.77
3676,2025-02-01,12,1,5,2,125.3,46.89,78.41
3677,2025-02-01,12,2,1,3,262.2,89.44,172.76
3678,2025-02-01,12,2,2,1,81.78,27.53,54.25
3679,2025-02-01,12,2,3,1,80.13,28.79,51.34
3680,2025-02-01,12,2,4,6,449.5,161.88,287.62
3681,2025-02-01,12,2,5,6,452.69,156.3,296.39
3682,2025-02-01,12,3,4,4,316.4,111.15,205.25
3683,2025-02-01,12,3,5,6,476.33,163.79,312.54
3684,2025-02-01,12,4,2,1,94.61,31.76,62.85
3685,2025-02-01,12,4,4,3,249.42,85.98,163.44
3686,2025-02-01,12,4,5,1,82.05,29.91,52.14
3687,2025-02-01,12,5,3,1,68.37,26.31,42.06
3688,2025-02-01,13,1,4,7,364.66,134.87,229.79
3689,2025-02-01,13,1,5,1,52.46,17.47,34.99
3690,2025-02-01,13,2,2,1,55.27,21.0,34.27
3691,2025-02-01,13,2,3,3,161.88,60.17,101.71
3692,2025-02-01,13,2,4,6,298.81,110.09,188.72
3693,2025-02-01,13,2,5,5,263.64,98.36,165.28
3694,2025-02-01,13,3,4,5,263.98,96.98,167.0
3695,2025-02-01,13,3,5,1,57.23,20.35,36.88
3696,2025-02-01,13,4,2,1,64.32,21.95,42.37
3697,2025-02-01,13,4,3,1,63.57,21.94,41.63
3698,2025-02-01,13,4,4,1,58.16,20.51,37.65
3699,2025-02-01,13,4,5,2,124.73,43.61,81.12
3700,2025-02-01,13,5,1,1,52.59,19.88,32.71
3701,2025-02-01,13,5,2,4,196.99,75.63,121.36
3702,2025-02-01,13,5,4,2,96.35,35.95,60.4
3703,2025-02-01,13,5,5,2,98.43,36.2,62.23
3704,2025-02-01,14,1,2,8,200.26,73.7,126.56
3705,2025-02-01,14,1,4,4,101.27,34.5,66.77
3706,2025-02-01,14,2,1,1,32.24,11.0,21.24
3707,2025-02-01,14,2,2,4,117.31,41.27,76.04
3708,2025-02-01,14,2,4,7,208.13,71.28,136.85
3709,2025-02-01,14,2,5,7,187.66,67.73,119.93
3710,2025-02-01,14,3,1,1,33.46,10.64,22.82
3711,2025-02-01,14,3,2,2,61.25,21.11,40.14
3712,2025-02-01,14,3,3,3,88.84,29.46,59.38
3713,2025-02-01,14,3,4,2,49.75,19.06,30.69
3714,2025-02-01,14,3,5,2,54.41,19.44,34.97
3715,2025-02-01,14,4,2,8,215.3,75.21,140.09
3716,2025-02-01,14,4,3,3,92.74,31.5,61.24
3717,2025-02-01,14,4,4,6,172.69,59.08,113.61
3718,2025-02-01,14,4,5,4,116.15,40.86,75.29
3719,2025-02-01,14,5,2,5,129.34,47.02,82.32
3720,2025-02-01,14,5,4,4,89.42,36.2,53.22
3721,2025-02-01,14,5,5,1,22.2,9.18,13.02
3722,2025-02-01,15,1,1,1,53.81,21.47,32.34
3723,2025-02-01,15,1,2,5,235.28,100.47,134.81
3724,2025-02-01,15,1,3,1,50.68,19.53,31.15
3725,2025-02-01,15,1,4,10,557.63,216.72,340.91
3726,2025-02-01,15,1,5,8,408.27,169.53,238.74
3727,2025-02-01,15,2,2,1,55.54,21.56,33.98
3728,2025-02-01,15,2,4,7,375.29,143.42,231.87
3729,2025-02-01,15,2,5,5,267.81,102.85,164.96
3730,2025-02-01,15,3,1,4,239.66,97.36,142.3
3731,2025-02-01,15,3,2,2,114.89,46.33,68.56
3732,2025-02-01,15,3,3,4,223.39,84.49,138.9
3733,2025-02-01,15,3,4,3,170.82,63.82,107.0
3734,2025-02-01,15,3,5,1,53.38,22.65,30.73
3735,2025-02-01,15,4,3,1,62.56,24.13,38.43
3736,2025-02-01,15,4,4,2,108.63,41.22,67.41
3737,2025-02-01,15,4,5,3,186.32,69.87,116.45
3738,2025-02-01,15,5,1,1,54.63,22.12,32.51
3739,2025-02-01,15,5,2,3,166.09,64.76,101.33
3740,2025-02-01,15,5,3,1,48.94,20.71,28.23
3741,2025-02-01,15,5,4,4,179.55,82.72,96.83
3742,2025-02-01,15,5,5,1,46.17,20.69,25.48
3743,2025-03-01,1,1,2,3,171.04,71.53,99.51
3744,2025-03-01,1,1,3,4,236.92,96.79,140.13
3745,2025-03-01,1,1,4,9,555.16,231.82,323.34
3746,2025-03-01,1,1,5,1,60.78,22.16,38.62
3747,2025-03-01,1,2,1,1,77.98,28.82,49.16
3748,2025-03-01,1,2,2,2,131.48,49.29,82.19
3749,2025-03-01,1,2,4,8,495.76,191.26,304.5
3750,2025-03-01,1,2,5,2,137.79,50.27,87.52
3751,2025-03-01,1,3,2,1,73.69,27.97,45.72
3752,2025-03-01,1,3,3,3,197.21,78.25,118.96
3753,2025-03-01,1,3,4,6,403.37,149.47,253.9
3754,2025-03-01,1,4,1,2,153.91,56.83,97.08
3755,2025-03-01,1,4,2,1,78.18,28.86,49.32
3756,2025-03-01,1,4,3,3,215.87,82.08,133.79
3757,2025-03-01,1,4,4,9,614.74,240.15,374.59
3758,2025-03-01,1,4,5,4,297.39,108.29,189.1
3759,2025-03-01,1,5,1,3,188.54,76.47,112.07
3760,2025-03-01,1,5,2,2,126.79,53.21,73.58
3761,2025-03-01,1,5,4,5,300.76,130.72,170.04
3762,2025-03-01,1,5,5,1,53.45,24.95,28.5
3763,2025-03-01,2,1,2,2,223.69,86.33,137.36
3764,2025-03-01,2,1,3,1,103.02,41.81,61.21
3765,2025-03-01,2,1,4,6,681.16,271.58,409.58
3766,2025-03-01,2,1,5,3,283.99,111.46,172.53
3767,2025-03-01,2,2,1,1,124.89,45.96,78.93
3768,2025-03-01,2,2,2,5,579.96,227.59,352.37
3769,2025-03-01,2,2,4,6,686.34,279.86,406.48
3770,2025-03-01,2,2,5,3,306.33,128.62,177.71
3771,2025-03-01,2,3,2,4,459.86,185.2,274.66
3772,2025-03-01,2,3,3,2,237.99,85.18,152.81
3773,2025-03-01,2,3,4,5,525.15,212.21,312.94
3774,2025-03-01,2,3,5,1,107.42,43.72,63.7
3775,2025-03-01,2,4,1,1,127.37,50.27,77.1
3776,2025-03-01,2,4,2,1,138.44,49.97,88.47
3777,2025-03-01,2,4,3,2,237.96,93.38,144.58
3778,2025-03-01,2,4,4,3,353.44,138.77,214.67
3779,2025-03-01,2,4,5,4,456.44,181.23,275.21
3780,2025-03-01,2,5,1,1,112.17,44.52,67.65
3781,2025-03-01,2,5,2,3,324.78,139.13,185.65
3782,2025-03-01,2,5,4,3,276.75,114.74,162.01
3783,2025-03-01,3,1,3,3,141.99,52.23,89.76
3784,2025-03-01,3,1,4,11,570.98,226.38,344.6
3785,2025-03-01,3,1,5,6,304.34,119.1,185.24
3786,2025-03-01,3,2,1,1,52.28,19.5,32.78
3787,2025-03-01,3,2,2,1,52.96,18.97,33.99
3788,2025-03-01,3,2,4,5,240.98,90.26,150.72
3789,2025-03-01,3,2,5,1,54.62,19.03,35.59
3790,2025-03-01,3,3,1,2,113.7,43.29,70.41
3791,2025-03-01,3,3,2,2,112.29,41.55,70.74
3792,2025-03-01,3,3,3,1,55.57,20.08,35.49
3793,2025-03-01,3,3,5,4,211.51,81.34,130.17
3794,2025-03-01,3,4,1,2,132.21,45.96,86.25
3795,2025-03-01,3,4,2,4,246.35,85.13,161.22
3796,2025-03-01,3,4,4,6,317.83,112.32,205.51
3797,2025-03-01,3,5,2,1,46.39,18.77,27.62
3798,2025-03-01,3,5,3,1,49.68,17.99,31.69
3799,2025-03-01,3,5,4,1,44.81,17.2,27.61
3800,2025-03-01,3,5,5,2,86.96,36.3,50.66
3801,2025-03-01,4,1,1,2,175.03,66.38,108.65
3802,2025-03-01,4,1,2,1,81.3,30.93,50.37
3803,2025-03-01,4,1,3,1,81.82,29.97,51.85
3804,2025-03-01,4,1,4,2,148.76,56.35,92.41
3805,2025-03-01,4,1,5,3,216.84,91.0,125.84
3806,2025-03-01,4,2,1,1,84.16,35.61,48.55
3807,2025-03-01,4,2,2,3,253.45,99.36,154.09
3808,2025-03-01,4,2,4,6,546.82,208.21,338.61
3809,2025-03-01,4,2,5,5,375.62,151.31,224.31
3810,2025-03-01,4,3,1,2,166.0,71.46,94.54
3811,2025-03-01,4,3,2,1,90.94,34.21,56.73
3812,2025-03-01,4,3,3,1,88.8,35.68,53.12
3813,2025-03-01,4,3,4,2,157.86,64.11,93.75
3814,2025-03-01,4,3,5,2,190.49,67.34,123.15
3815,2025-03-01,4,4,2,6,465.43,179.32,286.11
3816,2025-03-01,4,4,3,3,279.06,104.48,174.58
3817,2025-03-01,4,4,4,3,262.57,100.19,162.38
3818,2025-03-01,4,4,5,3,278.41,101.96,176.45
3819,2025-03-01,4,5,1,1,74.07,32.39,41.68
3820,2025-03-01,4,5,2,2,133.44,64.36,69.08
3821,2025-03-01,4,5,4,4,330.03,141.88,188.15
3822,2025-03-01,4,5,5,1,67.35,30.29,37.06
3823,2025-03-01,5,1,1,1,81.91,40.21,41.7
3824,2025-03-01,5,1,2,2,173.37,81.42,91.95
3825,2025-03-01,5,1,3,2,150.84,72.82,78.02
3826,2025-03-01,5,1,4,5,449.69,203.5,246.19
3827,2025-03-01,5,1,5,5,507.81,214.98,292.83
3828,2025-03-01,5,2,1,3,330.26,126.0,204.26
3829,2025-03-01,5,2,2,6,556.6,241.22,315.38
3830,2025-03-01,5,2,4,5,455.49,181.98,273.51
3831,2025-03-01,5,2,5,5,448.1,189.52,258.58
3832,2025-03-01,5,3,2,1,103.37,43.65,59.72
3833,2025-03-01,5,3,3,2,186.02,83.57,102.45
3834,2025-03-01,5,3,4,8,732.92,307.87,425.05
3835,2025-03-01,5,3,5,5,492.52,206.58,285.94
3836,2025-03-01,5,4,4,7,689.3,278.15,411.15
3837,2025-03-01,5,4,5,1,92.86,40.64,52.22
3838,2025-03-01,5,5,2,2,186.77,83.43,103.34
3839,2025-03-01,5,5,3,3,246.56,110.21,136.35
3840,2025-03-01,5,5,4,5,391.88,180.88,211.0
3841,2025-03-01,5,5,5,2,170.32,70.64,99.68
3842,2025-03-01,6,1,4,3,234.73,107.02,127.71
3843,2025-03-01,6,1,5,3,192.49,81.49,111.0
3844,2025-03-01,6,2,1,1,86.49,34.04,52.45
3845,2025-03-01,6,2,2,1,77.99,31.24,46.75
3846,2025-03-01,6,2,4,3,201.74,85.45,116.29
3847,2025-03-01,6,2,5,3,217.17,86.81,130.36
3848,2025-03-01,6,3,4,4,273.94,118.47,155.47
3849,2025-03-01,6,3,5,1,76.87,32.56,44.31
3850,2025-03-01,6,4,2,5,367.63,139.06,228.57
3851,2025-03-01,6,4,3,1,78.2,33.35,44.85
3852,2025-03-01,6,4,4,5,397.74,161.39,236.35
3853,2025-03-01,6,4,5,3,244.06,101.21,142.85
3854,2025-03-01,6,5,4,4,246.03,112.96,133.07
3855,2025-03-01,6,5,5,3,216.04,86.27,129.77
3856,2025-03-01,7,1,1,2,97.58,35.63,61.95
3857,2025-03-01,7,1,2,3,125.29,50.72,74.57
3858,2025-03-01,7,1,3,2,90.43,32.56,57.87
3859,2025-03-01,7,1,4,5,219.46,89.7,129.76
3860,2025-03-01,7,1,5,6,260.42,99.06,161.36
3861,2025-03-01,7,2,2,1,51.02,18.47,32.55
3862,2025-03-01,7,2,3,1,48.37,18.47,29.9
3863,2025-03-01,7,2,4,6,288.41,111.73,176.68
3864,2025-03-01,7,2,5,4,177.19,69.5,107.69
3865,2025-03-01,7,3,1,1,50.19,19.49,30.7
3866,2025-03-01,7,3,4,5,218.28,87.85,130.43
3867,2025-03-01,7,3,5,1,45.2,18.37,26.83
3868,2025-03-01,7,4,1,1,58.1,21.59,36.51
3869,2025-03-01,7,4,2,1,52.44,20.06,32.38
3870,2025-03-01,7,4,4,3,135.87,54.12,81.75
3871,2025-03-01,7,5,2,1,45.81,17.94,27.87
3872,2025-03-01,7,5,3,1,40.26,17.19,23.07
3873,2025-03-01,7,5,4,6,223.51,97.78,125.73
3874,2025-03-01,7,5,5,3,121.33,51.49,69.84
3875,2025-03-01,8,1,2,4,181.1,72.26,108.84
3876,2025-03-01,8,1,3,4,187.71,69.48,118.23
3877,2025-03-01,8,1,4,11,525.89,203.34,322.55
3878,2025-03-01,8,1,5,3,158.68,66.3,92.38
3879,2025-03-01,8,2,1,1,55.61,21.15,34.46
3880,2025-03-01,8,2,2,2,109.23,40.82,68.41
3881,2025-03-01,8,2,3,2,95.98,37.19,58.79
3882,2025-03-01,8,2,4,9,446.77,171.98,274.79
3883,2025-03-01,8,2,5,2,90.79,37.36,53.43
3884,2025-03-01,8,3,2,1,54.07,20.56,33.51
3885,2025-03-01,8,3,3,2,94.56,37.51,57.05
3886,2025-03-01,8,3,4,5,260.21,95.92,164.29
3887,2025-03-01,8,3,5,3,138.69,56.99,81.7
3888,2025-03-01,8,4,3,2,110.98,39.42,71.56
3889,2025-03-01,8,4,4,9,443.98,169.17,274.81
3890,2025-03-01,8,4,5,3,158.26,61.79,96.47
3891,2025-03-01,8,5,2,1,44.11,20.33,23.78
3892,2025-03-01,8,5,3,3,121.63,53.87,67.76
3893,2025-03-01,8,5,4,1,41.9,17.03,24.87
3894,2025-03-01,9,1,1,1,60.68,27.17,33.51
3895,2025-03-01,9,1,2,1,58.37,25.44,32.93
3896,2025-03-01,9,1,3,2,113.2,50.88,62.32
3897,2025-03-01,9,1,4,3,209.4,101.43,107.97
3898,2025-03-01,9,1,5,1,61.64,25.78,35.86
3899,2025-03-01,9,2,2,4,314.35,119.98,194.37
3900,2025-03-01,9,2,4,1,66.13,27.46,38.67
3901,2025-03-01,9,2,5,5,341.63,141.73,199.9
3902,2025-03-01,9,3,2,4,288.85,119.49,169.36
3903,2025-03-01,9,3,4,13,923.04,379.78,543.26
3904,2025-03-01,9,3,5,5,365.32,141.4,223.92
3905,2025-03-01,9,4,4,3,233.42,87.74,145.68
3906,2025-03-01,9,4,5,3,223.14,88.67,134.47
3907,2025-03-01,9,5,5,1,56.72,24.76,31.96
3908,2025-03-01,10,1,2,2,112.32,42.94,69.38
3909,2025-03-01,10,1,3,4,224.4,83.41,140.99
3910,2025-03-01,10,1,4,5,278.81,115.64,163.17
3911,2025-03-01,10,2,1,1,64.31,24.56,39.75
3912,2025-03-01,10,2,4,6,345.05,128.22,216.83
3913,2025-03-01,10,2,5,3,164.39,65.15,99.24
3914,2025-03-01,10,3,2,4,265.71,99.37,166.34
3915,2025-03-01,10,3,3,1,66.74,23.05,43.69
3916,2025-03-01,10,3,4,4,246.75,91.57,155.18
3917,2025-03-01,10,3,5,1,58.99,23.83,35.16
3918,2025-03-01,10,4,2,6,341.73,131.05,210.68
3919,2025-03-01,10,4,5,1,65.57,23.92,41.65
3920,2025-03-01,11,1,2,1,41.55,12.86,28.69
3921,2025-03-01,11,1,4,10,386.02,127.85,258.17
3922,2025-03-01,11,1,5,1,39.43,11.06,28.37
3923,2025-03-01,11,2,1,3,131.69,43.06,88.63
3924,2025-03-01,11,2,2,1,45.64,13.05,32.59
3925,2025-03-01,11,2,3,1,46.52,13.27,33.25
3926,2025-03-01,11,2,4,2,80.91,23.65,57.26
3927,2025-03-01,11,2,5,2,83.47,25.17,58.3
3928,2025-03-01,11,3,4,6,235.47,74.4,161.07
3929,2025-03-01,11,3,5,2,89.18,27.86,61.32
3930,2025-03-01,11,4,2,2,95.26,28.66,66.6
3931,2025-03-01,11,4,3,2,85.38,27.97,57.41
3932,2025-03-01,11,4,4,7,299.42,90.56,208.86
3933,2025-03-01,11,5,1,2,87.83,27.24,60.59
3934,2025-03-01,11,5,2,14,522.81,178.13,344.68
3935,2025-03-01,11,5,4,2,76.11,23.66,52.45
3936,2025-03-01,11,5,5,1,34.31,12.3,22.01
3937,2025-03-01,12,1,2,5,373.3,132.18,241.12
3938,2025-03-01,12,1,3,4,278.21,103.18,175.03
3939,2025-03-01,12,1,4,4,345.77,121.12,224.65
3940,2025-03-01,12,1,5,3,224.27,74.39,149.88
3941,2025-03-01,12,2,1,4,353.72,122.03,231.69
3942,2025-03-01,12,2,2,1,84.05,30.22,53.83
3943,2025-03-01,12,2,4,10,828.37,285.21,543.16
3944,2025-03-01,12,2,5,2,147.14,54.45,92.69
3945,2025-03-01,12,3,2,6,434.69,152.22,282.47
3946,2025-03-01,12,3,4,4,297.35,105.54,191.81
3947,2025-03-01,12,3,5,3,253.25,84.11,169.14
3948,2025-03-01,12,4,1,1,90.29,32.98,57.31
3949,2025-03-01,12,4,2,1,87.15,30.21,56.94
3950,2025-03-01,12,4,3,2,172.07,61.39,110.68
3951,2025-03-01,12,4,4,8,674.9,225.58,449.32
3952,2025-03-01,12,4,5,3,254.91,85.83,169.08
3953,2025-03-01,12,5,3,2,134.93,50.87,84.06
3954,2025-03-01,12,5,4,4,310.81,123.0,187.81
3955,2025-03-01,13,1,2,1,57.58,19.48,38.1
3956,2025-03-01,13,1,3,1,48.68,17.76,30.92
3957,2025-03-01,13,1,4,7,381.53,132.52,249.01
3958,2025-03-01,13,1,5,2,100.55,34.81,65.74
3959,2025-03-01,13,2,1,3,201.32,64.81,136.51
3960,2025-03-01,13,2,2,1,52.81,20.87,31.94
3961,2025-03-01,13,2,3,1,54.55,20.41,34.14
3962,2025-03-01,13,2,4,3,156.78,56.42,100.36
3963,2025-03-01,13,2,5,1,50.96,18.22,32.74
3964,2025-03-01,13,3,2,3,177.96,66.29,111.67
3965,2025-03-01,13,3,4,3,166.37,58.18,108.19
3966,2025-03-01,13,3,5,2,113.32,42.0,71.32
3967,2025-03-01,13,4,1,1,70.99,23.44,47.55
3968,2025-03-01,13,4,4,5,307.17,103.7,203.47
3969,2025-03-01,13,4,5,2,120.72,41.88,78.84
3970,2025-03-01,13,5,2,1,49.54,20.51,29.03
3971,2025-03-01,13,5,4,3,146.11,52.31,93.8
3972,2025-03-01,14,1,2,3,82.3,29.02,53.28
3973,2025-03-01,14,1,3,1,24.31,9.19,15.12
3974,2025-03-01,14,1,4,6,160.89,60.79,100.1
3975,2025-03-01,14,1,5,3,75.0,27.14,47.86
3976,2025-03-01,14,2,1,1,32.05,10.81,21.24
3977,2025-03-01,14,2,2,2,61.09,20.79,40.3
3978,2025-03-01,14,2,3,2,58.7,20.37,38.33
3979,2025-03-01,14,2,4,9,269.35,90.21,179.14
3980,2025-03-01,14,2,5,3,80.77,29.22,51.55
3981,2025-03-01,14,3,1,1,32.76,11.49,21.27
3982,2025-03-01,14,3,2,3,89.22,33.15,56.07
3983,2025-03-01,14,3,3,1,29.54,10.03,19.51
3984,2025-03-01,14,3,4,8,229.45,77.3,152.15
3985,2025-03-01,14,3,5,4,117.92,40.2,77.72
3986,2025-03-01,14,4,1,1,34.89,11.66,23.23
3987,2025-03-01,14,4,2,3,96.14,35.28,60.86
3988,2025-03-01,14,4,3,1,32.98,10.49,22.49
3989,2025-03-01,14,4,4,6,158.44,58.74,99.7
3990,2025-03-01,14,4,5,1,27.98,9.76,18.22
3991,2025-03-01,14,5,1,1,22.75,10.09,12.66
3992,2025-03-01,14,5,4,13,324.64,127.58,197.06
3993,2025-03-01,14,5,5,2,50.33,19.21,31.12
3994,2025-03-01,15,1,2,2,100.7,42.27,58.43
3995,2025-03-01,15,1,3,1,47.87,19.59,28.28
3996,2025-03-01,15,1,4,9,465.55,198.92,266.63
3997,2025-03-01,15,1,5,3,143.86,59.8,84.06
3998,2025-03-01,15,2,1,3,178.3,72.08,106.22
3999,2025-03-01,15,2,2,4,221.91,90.92,130.99
4000,2025-03-01,15,2,4,1,54.81,20.76,34.05
4001,2025-03-01,15,3,1,1,65.74,23.32,42.42
4002,2025-03-01,15,3,2,2,133.61,47.91,85.7
4003,2025-03-01,15,3,3,3,181.99,64.27,117.72
4004,2025-03-01,15,3,4,6,341.38,128.18,213.2
4005,2025-03-01,15,4,2,7,394.15,147.39,246.76
4006,2025-03-01,15,4,4,3,176.24,67.85,108.39
4007,2025-03-01,15,4,5,1,61.71,23.03,38.68
4008,2025-03-01,15,5,2,2,104.66,45.43,59.23
4009,2025-03-01,15,5,4,5,254.02,103.16,150.86
4010,2025-04-01,1,1,1,1,63.93,24.38,39.55
4011,2025-04-01,1,1,3,2,120.94,47.44,73.5
4012,2025-04-01,1,1,4,11,665.42,268.83,396.59
4013,2025-04-01,1,1,5,3,221.26,85.47,135.79
4014,2025-04-01,1,2,1,2,141.36,56.02,85.34
4015,2025-04-01,1,2,2,1,70.5,27.36,43.14
4016,2025-04-01,1,2,4,8,511.99,210.64,301.35
4017,2025-04-01,1,3,2,1,72.98,27.95,45.03
4018,2025-04-01,1,3,3,1,60.94,26.14,34.8
4019,2025-04-01,1,3,4,5,343.12,130.35,212.77
4020,2025-04-01,1,3,5,2,130.18,52.5,77.68
4021,2025-04-01,1,4,1,5,339.76,120.9,218.86
4022,2025-04-01,1,4,4,9,618.07,235.97,382.1
4023,2025-04-01,1,4,5,4,282.97,109.45,173.52
4024,2025-04-01,1,5,2,2,126.73,50.5,76.23
4025,2025-04-01,1,5,4,3,167.11,67.6,99.51
4026,2025-04-01,1,5,5,2,103.0,46.4,56.6
4027,2025-04-01,2,1,2,2,212.37,83.81,128.56
4028,2025-04-01,2,1,3,4,485.07,198.61,286.46
4029,2025-04-01,2,1,4,7,757.82,301.25,456.57
4030,2025-04-01,2,1,5,7,760.79,300.5,460.29
4031,2025-04-01,2,2,1,2,264.6,96.58,168.02
4032,2025-04-01,2,2,2,4,463.97,179.8,284.17
4033,2025-04-01,2,2,4,4,411.32,160.17,251.15
4034,2025-04-01,2,2,5,6,632.93,256.77,376.16
4035,2025-04-01,2,3,2,4,500.64,195.98,304.66
4036,2025-04-01,2,3,3,3,347.06,132.41,214.65
4037,2025-04-01,2,3,4,6,673.16,262.49,410.67
4038,2025-04-01,2,4,4,4,450.91,169.54,281.37
4039,2025-04-01,2,4,5,4,486.22,184.48,301.74
4040,2025-04-01,2,5,1,1,90.48,44.91,45.57
4041,2025-04-01,2,5,2,1,105.51,44.89,60.62
4042,2025-04-01,2,5,3,2,167.0,84.14,82.86
4043,2025-04-01,2,5,4,8,826.37,361.66,464.71
4044,2025-04-01,2,5,5,2,185.78,80.02,105.76
4045,2025-04-01,3,1,1,1,46.1,19.62,26.48
4046,2025-04-01,3,1,2,1,49.89,18.59,31.3
4047,2025-04-01,3,1,3,2,91.78,35.88,55.9
4048,2025-04-01,3,1,4,6,299.68,116.27,183.41
4049,2025-04-01,3,1,5,4,172.5,70.67,101.83
4050,2025-04-01,3,2,1,1,48.29,19.49,28.8
4051,2025-04-01,3,2,2,7,358.25,132.29,225.96
4052,2025-04-01,3,2,4,5,227.75,90.29,137.46
4053,2025-04-01,3,2,5,3,144.02,54.91,89.11
4054,2025-04-01,3,3,1,1,59.26,21.14,38.12
4055,2025-04-01,3,3,2,6,325.27,125.79,199.48
4056,2025-04-01,3,3,4,4,187.97,74.03,113.94
4057,2025-04-01,3,3,5,2,106.38,40.65,65.73
4058,2025-04-01,3,4,1,2,116.04,44.17,71.87
4059,2025-04-01,3,4,3,1,58.01,21.06,36.95
4060,2025-04-01,3,4,4,1,51.33,19.12,32.21
4061,2025-04-01,3,4,5,2,103.2,38.34,64.86
4062,2025-04-01,3,5,1,1,43.64,20.62,23.02
4063,2025-04-01,3,5,2,1,42.4,20.53,21.87
4064,2025-04-01,3,5,4,4,158.36,71.58,86.78
4065,2025-04-01,3,5,5,1,50.03,19.02,31.01
4066,2025-04-01,4,1,1,1,76.6,31.25,45.35
4067,2025-04-01,4,1,2,5,386.22,156.88,229.34
4068,2025-04-01,4,1,4,6,475.6,192.44,283.16
4069,2025-04-01,4,1,5,3,200.71,84.49,116.22
4070,2025-04-01,4,2,2,5,469.57,170.19,299.38
4071,2025-04-01,4,2,3,5,396.56,157.97,238.59
4072,2025-04-01,4,2,4,5,389.05,148.6,240.45
4073,2025-04-01,4,2,5,6,495.09,190.87,304.22
4074,2025-04-01,4,3,2,3,290.31,106.85,183.46
4075,2025-04-01,4,3,4,4,347.22,130.7,216.52
4076,2025-04-01,4,4,2,2,183.35,71.39,111.96
4077,2025-04-01,4,4,4,6,516.37,195.5,320.87
4078,2025-04-01,4,4,5,4,347.46,137.41,210.05
4079,2025-04-01,4,5,2,4,348.24,136.23,212.01
4080,2025-04-01,4,5,4,10,792.11,320.16,471.95
4081,2025-04-01,4,5,5,2,153.18,59.76,93.42
4082,2025-04-01,5,1,2,1,89.13,38.64,50.49
4083,2025-04-01,5,1,3,1,89.56,36.75,52.81
4084,2025-04-01,5,1,4,7,667.67,278.84,388.83
4085,2025-04-01,5,1,5,4,343.13,142.34,200.79
4086,2025-04-01,5,2,1,3,303.09,120.13,182.96
4087,2025-04-01,5,2,2,1,94.85,41.58,53.27
4088,2025-04-01,5,2,4,8,741.62,328.82,412.8
4089,2025-04-01,5,2,5,2,189.93,78.88,111.05
4090,2025-04-01,5,3,1,1,103.23,45.73,57.5
4091,2025-04-01,5,3,4,5,480.57,199.02,281.55
4092,2025-04-01,5,3,5,4,387.03,159.02,228.01
4093,2025-04-01,5,4,1,1,103.4,45.66,57.74
4094,2025-04-01,5,4,2,1,111.6,45.54,66.06
4095,2025-04-01,5,4,4,4,404.98,163.59,241.39
4096,2025-04-01,5,4,5,5,521.29,211.31,309.98
4097,2025-04-01,5,5,2,2,173.57,80.71,92.86
4098,2025-04-01,5,5,3,1,75.57,37.36,38.21
4099,2025-04-01,5,5,4,4,312.44,139.98,172.46
4100,2025-04-01,5,5,5,1,71.65,36.72,34.93
4101,2025-04-01,6,1,1,1,81.72,32.64,49.08
4102,2025-04-01,6,1,2,1,76.25,29.12,47.13
4103,2025-04-01,6,1,3,1,70.71,28.37,42.34
4104,2025-04-01,6,1,4,4,297.82,134.97,162.85
4105,2025-04-01,6,1,5,5,388.82,163.16,225.66
4106,2025-04-01,6,2,2,6,493.1,194.72,298.38
4107,2025-04-01,6,2,3,1,73.03,29.79,43.24
4108,2025-04-01,6,2,4,5,336.18,147.0,189.18
4109,2025-04-01,6,2,5,4,269.8,116.25,153.55
4110,2025-04-01,6,3,4,4,296.84,122.19,174.65
4111,2025-04-01,6,4,4,1,80.94,31.34,49.6
4112,2025-04-01,6,5,1,1,76.0,31.59,44.41
4113,2025-04-01,6,5,4,1,59.8,27.28,32.52
4114,2025-04-01,7,1,1,1,45.15,17.85,27.3
4115,2025-04-01,7,1,3,1,45.2,15.53,29.67
4116,2025-04-01,7,1,4,3,160.45,62.51,97.94
4117,2025-04-01,7,1,5,4,159.61,64.07,95.54
4118,2025-04-01,7,2,1,1,44.12,18.27,25.85
4119,2025-04-01,7,2,2,3,146.62,56.73,89.89
4120,2025-04-01,7,2,3,2,89.21,34.56,54.65
4121,2025-04-01,7,2,4,14,664.4,258.26,406.14
4122,2025-04-01,7,2,5,2,86.62,33.26,53.36
4123,2025-04-01,7,3,2,1,44.91,18.9,26.01
4124,2025-04-01,7,3,3,2,100.95,37.24,63.71
4125,2025-04-01,7,3,4,11,537.86,202.13,335.73
4126,2025-04-01,7,3,5,1,46.95,18.2,28.75
4127,2025-04-01,7,4,1,3,164.66,62.72,101.94
4128,2025-04-01,7,4,2,1,50.8,19.94,30.86
4129,2025-04-01,7,4,3,3,146.99,55.54,91.45
4130,2025-04-01,7,4,4,2,87.17,34.45,52.72
4131,2025-04-01,7,4,5,1,48.94,17.82,31.12
4132,2025-04-01,7,5,1,2,88.44,36.64,51.8
4133,2025-04-01,7,5,2,2,91.07,36.1,54.97
4134,2025-04-01,7,5,4,2,72.9,31.82,41.08
4135,2025-04-01,7,5,5,5,196.12,83.74,112.38
4136,2025-04-01,8,1,1,2,103.02,41.55,61.47
4137,2025-04-01,8,1,2,2,104.07,37.24,66.83
4138,2025-04-01,8,1,4,5,240.66,96.11,144.55
4139,2025-04-01,8,1,5,3,132.89,51.27,81.62
4140,2025-04-01,8,2,1,4,213.54,81.75,131.79
4141,2025-04-01,8,2,2,3,168.43,60.56,107.87
4142,2025-04-01,8,2,3,1,51.02,18.3,32.72
4143,2025-04-01,8,2,4,10,464.23,183.57,280.66
4144,2025-04-01,8,2,5,9,428.4,167.12,261.28
4145,2025-04-01,8,3,1,1,57.85,21.98,35.87
4146,2025-04-01,8,3,2,2,112.93,42.84,70.09
4147,2025-04-01,8,3,4,6,283.62,116.21,167.41
4148,2025-04-01,8,3,5,2,100.53,39.51,61.02
4149,2025-04-01,8,4,1,2,113.01,45.85,67.16
4150,2025-04-01,8,4,4,2,110.67,38.3,72.37
4151,2025-04-01,8,4,5,2,110.4,40.38,70.02
4152,2025-04-01,8,5,2,1,42.29,19.37,22.92
4153,2025-04-01,8,5,4,5,208.07,87.43,120.64
4154,2025-04-01,9,1,3,2,134.36,51.74,82.62
4155,2025-04-01,9,1,4,7,472.92,198.31,274.61
4156,2025-04-01,9,1,5,3,195.89,77.2,118.69
4157,2025-04-01,9,2,2,2,137.21,57.13,80.08
4158,2025-04-01,9,2,3,1,75.94,28.44,47.5
4159,2025-04-01,9,2,4,9,680.1,259.01,421.09
4160,2025-04-01,9,2,5,4,263.11,109.0,154.11
4161,2025-04-01,9,3,2,3,225.38,91.16,134.22
4162,2025-04-01,9,3,4,4,268.78,110.24,158.54
4163,2025-04-01,9,4,3,1,72.18,29.87,42.31
4164,2025-04-01,9,4,4,2,143.46,56.01,87.45
4165,2025-04-01,9,4,5,4,317.01,116.77,200.24
4166,2025-04-01,9,5,2,3,201.21,87.0,114.21
4167,2025-04-01,9,5,4,7,440.5,183.18,257.32
4168,2025-04-01,9,5,5,2,114.9,53.06,61.84
4169,2025-04-01,10,1,4,9,587.58,219.33,368.25
4170,2025-04-01,10,1,5,1,51.43,20.03,31.4
4171,2025-04-01,10,2,2,3,168.83,68.65,100.18
4172,2025-04-01,10,2,4,5,275.49,102.59,172.9
4173,2025-04-01,10,2,5,3,154.29,62.73,91.56
4174,2025-04-01,10,3,1,1,72.79,26.25,46.54
4175,2025-04-01,10,3,2,3,187.92,74.16,113.76
4176,2025-04-01,10,3,4,2,111.66,44.98,66.68
4177,2025-04-01,10,3,5,4,236.85,89.11,147.74
4178,2025-04-01,10,4,2,2,140.36,50.54,89.82
4179,2025-04-01,10,4,3,1,70.79,24.27,46.52
4180,2025-04-01,10,4,4,5,304.74,114.74,190.0
4181,2025-04-01,10,4,5,1,64.64,24.0,40.64
4182,2025-04-01,10,5,2,2,109.12,46.12,63.0
4183,2025-04-01,11,1,1,2,79.3,26.45,52.85
4184,2025-04-01,11,1,2,3,122.13,37.76,84.37
4185,2025-04-01,11,1,3,1,37.29,11.57,25.72
4186,2025-04-01,11,1,4,1,34.04,10.48,23.56
4187,2025-04-01,11,1,5,2,76.96,24.25,52.71
4188,2025-04-01,11,2,1,2,90.06,28.09,61.97
4189,2025-04-01,11,2,2,5,228.73,69.14,159.59
4190,2025-04-01,11,2,4,5,195.27,60.7,134.57
4191,2025-04-01,11,2,5,3,126.11,39.03,87.08
4192,2025-04-01,11,3,1,1,47.29,14.42,32.87
4193,2025-04-01,11,3,2,3,140.28,41.98,98.3
4194,2025-04-01,11,3,4,17,706.8,226.25,480.55
4195,2025-04-01,11,4,1,1,47.85,15.18,32.67
4196,2025-04-01,11,4,2,2,99.78,29.82,69.96
4197,2025-04-01,11,4,3,1,47.96,13.95,34.01
4198,2025-04-01,11,4,4,7,296.57,87.52,209.05
4199,2025-04-01,11,5,3,1,38.58,12.89,25.69
4200,2025-04-01,11,5,4,6,216.91,71.3,145.61
4201,2025-04-01,11,5,5,4,140.23,48.55,91.68
4202,2025-04-01,12,1,1,1,78.46,26.9,51.56
4203,2025-04-01,12,1,2,1,81.2,26.56,54.64
4204,2025-04-01,12,1,4,17,1304.39,470.48,833.91
4205,2025-04-01,12,1,5,3,206.12,73.32,132.8
4206,2025-04-01,12,2,2,4,326.53,110.84,215.69
4207,2025-04-01,12,2,3,4,336.22,113.79,222.43
4208,2025-04-01,12,2,4,6,462.07,157.05,305.02
4209,2025-04-01,12,3,1,1,85.19,30.7,54.49
4210,2025-04-01,12,3,2,6,452.52,157.05,295.47
4211,2025-04-01,12,3,4,3,233.93,79.59,154.34
4212,2025-04-01,12,3,5,1,81.37,28.24,53.13
4213,2025-04-01,12,4,4,2,170.24,58.31,111.93
4214,2025-04-01,12,4,5,2,172.42,61.05,111.37
4215,2025-04-01,12,5,1,1,71.68,29.18,42.5
4216,2025-04-01,12,5,2,3,253.23,83.73,169.5
4217,2025-04-01,12,5,4,3,211.49,74.51,136.98
4218,2025-04-01,12,5,5,5,353.55,136.97,216.58
4219,2025-04-01,13,1,3,1,48.51,17.89,30.62
4220,2025-04-01,13,1,4,4,222.72,83.94,138.78
4221,2025-04-01,13,1,5,1,44.03,17.97,26.06
4222,2025-04-01,13,2,1,2,123.88,43.77,80.11
4223,2025-04-01,13,2,2,1,58.94,20.53,38.41
4224,2025-04-01,13,2,3,2,114.02,39.65,74.37
4225,2025-04-01,13,2,4,1,53.9,18.33,35.57
4226,2025-04-01,13,2,5,2,108.02,37.99,70.03
4227,2025-04-01,13,3,2,4,219.62,89.09,130.53
4228,2025-04-01,13,3,4,2,110.1,40.66,69.44
4229,2025-04-01,13,3,5,2,110.3,40.45,69.85
4230,2025-04-01,13,4,2,5,270.69,92.76,177.93
4231,2025-04-01,13,4,4,6,321.69,117.59,204.1
4232,2025-04-01,13,4,5,1,60.8,22.24,38.56
4233,2025-04-01,13,5,1,3,137.62,61.3,76.32
4234,2025-04-01,13,5,2,2,93.52,40.81,52.71
4235,2025-04-01,13,5,4,6,277.3,112.02,165.28
4236,2025-04-01,13,5,5,2,101.5,38.57,62.93
4237,2025-04-01,14,1,2,4,110.77,38.11,72.66
4238,2025-04-01,14,1,4,12,346.33,122.77,223.56
4239,2025-04-01,14,1,5,4,117.58,44.25,73.33
4240,2025-04-01,14,2,2,6,159.43,60.74,98.69
4241,2025-04-01,14,2,3,2,54.67,19.22,35.45
4242,2025-04-01,14,2,4,5,118.87,46.45,72.42
4243,2025-04-01,14,2,5,2,59.07,18.56,40.51
4244,2025-04-01,14,3,1,2,65.22,22.16,43.06
4245,2025-04-01,14,3,2,2,59.28,21.14,38.14
4246,2025-04-01,14,3,4,7,201.73,70.21,131.52
4247,2025-04-01,14,3,5,3,82.82,29.61,53.21
4248,2025-04-01,14,4,3,1,30.55,10.9,19.65
4249,2025-04-01,14,4,4,1,30.36,10.47,19.89
4250,2025-04-01,14,4,5,4,119.08,41.53,77.55
4251,2025-04-01,14,5,3,1,28.32,9.4,18.92
4252,2025-04-01,14,5,4,7,189.33,72.62,116.71
4253,2025-04-01,14,5,5,3,73.03,28.8,44.23
4254,2025-04-01,15,1,1,2,107.62,41.69,65.93
4255,2025-04-01,15,1,2,1,48.82,20.54,28.28
4256,2025-04-01,15,1,3,4,216.73,80.69,136.04
4257,2025-04-01,15,1,4,12,637.52,250.48,387.04
4258,2025-04-01,15,1,5,2,95.94,39.28,56.66
4259,2025-04-01,15,2,2,3,164.82,66.43,98.39
4260,2025-04-01,15,2,3,1,54.59,21.46,33.13
4261,2025-04-01,15,2,4,7,411.65,155.5,256.15
4262,2025-04-01,15,2,5,2,107.04,41.62,65.42
4263,2025-04-01,15,3,1,2,131.06,52.39,78.67
4264,2025-04-01,15,3,3,2,119.18,43.34,75.84
4265,2025-04-01,15,3,4,3,157.63,62.22,95.41
4266,2025-04-01,15,3,5,8,435.96,173.58,262.38
4267,2025-04-01,15,4,4,3,177.04,67.59,109.45
4268,2025-04-01,15,4,5,1,57.75,22.88,34.87
4269,2025-04-01,15,5,2,2,110.4,42.66,67.74
4270,2025-04-01,15,5,4,4,227.3,96.27,131.03
4271,2025-04-01,15,5,5,3,144.02,59.61,84.41
4272,2025-05-01,1,1,1,3,186.63,77.55,109.08
4273,2025-05-01,1,1,2,2,128.47,47.98,80.49
4274,2025-05-01,1,1,3,2,103.62,45.36,58.26
4275,2025-05-01,1,1,4,7,448.55,180.03,268.52
4276,2025-05-01,1,2,1,4,276.86,116.57,160.29
4277,2025-05-01,1,2,2,2,138.69,52.11,86.58
4278,2025-05-01,1,2,3,2,122.79,48.86,73.93
4279,2025-05-01,1,2,4,12,830.12,316.42,513.7
4280,2025-05-01,1,2,5,7,442.87,167.69,275.18
4281,2025-05-01,1,3,2,8,514.17,204.59,309.58
4282,2025-05-01,1,3,3,4,266.33,108.05,158.28
4283,2025-05-01,1,3,4,6,391.16,153.15,238.01
4284,2025-05-01,1,3,5,2,133.61,53.33,80.28
4285,2025-05-01,1,4,2,3,218.66,84.83,133.83
4286,2025-05-01,1,4,3,3,228.38,83.44,144.94
4287,2025-05-01,1,4,4,5,316.77,127.05,189.72
4288,2025-05-01,1,4,5,4,278.11,111.95,166.16
4289,2025-05-01,1,5,2,7,399.39,171.44,227.95
4290,2025-05-01,1,5,4,3,172.12,70.21,101.91
4291,2025-05-01,1,5,5,2,126.18,50.87,75.31
4292,2025-05-01,2,1,1,3,312.73,138.99,173.74
4293,2025-05-01,2,1,3,1,99.25,41.87,57.38
4294,2025-05-01,2,1,4,3,370.55,150.99,219.56
4295,2025-05-01,2,1,5,8,888.87,347.34,541.53
4296,2025-05-01,2,2,2,6,713.08,275.27,437.81
4297,2025-05-01,2,2,3,2,211.76,84.47,127.29
4298,2025-05-01,2,2,4,7,845.23,325.94,519.29
4299,2025-05-01,2,2,5,5,542.72,211.49,331.23
4300,2025-05-01,2,3,2,1,115.76,45.81,69.95
4301,2025-05-01,2,3,3,1,120.47,46.41,74.06
4302,2025-05-01,2,3,4,6,647.39,257.79,389.6
4303,2025-05-01,2,3,5,3,351.32,126.89,224.43
4304,2025-05-01,2,4,1,1,138.18,49.64,88.54
4305,2025-05-01,2,4,2,5,516.61,206.27,310.34
4306,2025-05-01,2,4,3,1,126.95,48.19,78.76
4307,2025-05-01,2,4,4,4,477.43,175.56,301.87
4308,2025-05-01,2,4,5,1,122.03,45.96,76.07
4309,2025-05-01,2,5,1,2,179.97,86.2,93.77
4310,2025-05-01,2,5,2,2,218.52,84.82,133.7
4311,2025-05-01,2,5,3,2,211.13,82.74,128.39
4312,2025-05-01,2,5,4,3,244.48,117.88,126.6
4313,2025-05-01,3,1,2,2,101.38,38.11,63.27
4314,2025-05-01,3,1,4,6,310.35,114.05,196.3
4315,2025-05-01,3,1,5,2,92.25,37.15,55.1
4316,2025-05-01,3,2,2,6,325.26,116.01,209.25
4317,2025-05-01,3,2,3,1,50.51,18.15,32.36
4318,2025-05-01,3,2,4,6,345.48,121.49,223.99
4319,2025-05-01,3,2,5,5,243.22,91.03,152.19
4320,2025-05-01,3,3,1,3,193.45,66.98,126.47
4321,2025-05-01,3,3,3,8,424.59,155.0,269.59
4322,2025-05-01,3,3,4,2,96.92,37.4,59.52
4323,2025-05-01,3,3,5,5,257.39,99.51,157.88
4324,2025-05-01,3,4,2,2,114.95,46.2,68.75
4325,2025-05-01,3,4,3,1,58.13,21.56,36.57
4326,2025-05-01,3,4,4,10,531.0,195.33,335.67
4327,2025-05-01,3,4,5,2,111.09,42.32,68.77
4328,2025-05-01,3,5,2,2,96.91,37.58,59.33
4329,2025-05-01,3,5,4,5,263.58,100.61,162.97
4330,2025-05-01,3,5,5,2,88.05,34.67,53.38
4331,2025-05-01,4,1,1,2,180.31,65.87,114.44
4332,2025-05-01,4,1,2,3,220.72,90.14,130.58
4333,2025-05-01,4,1,4,11,899.51,346.57,552.94
4334,2025-05-01,4,1,5,13,971.11,402.41,568.7
4335,2025-05-01,4,2,2,3,240.1,97.71,142.39
4336,2025-05-01,4,2,4,3,242.31,93.03,149.28
4337,2025-05-01,4,2,5,4,322.4,130.44,191.96
4338,2025-05-01,4,3,2,6,448.92,182.8,266.12
4339,2025-05-01,4,3,3,3,257.94,101.12,156.82
4340,2025-05-01,4,3,4,3,223.77,94.31,129.46
4341,2025-05-01,4,3,5,1,94.53,34.6,59.93
4342,2025-05-01,4,4,1,1,97.47,38.4,59.07
4343,2025-05-01,4,4,4,3,256.65,96.86,159.79
4344,2025-05-01,4,4,5,1,93.25,34.03,59.22
4345,2025-05-01,4,5,2,3,212.78,98.29,114.49
4346,2025-05-01,4,5,3,2,135.34,60.17,75.17
4347,2025-05-01,4,5,4,2,142.61,56.77,85.84
4348,2025-05-01,4,5,5,1,65.97,28.87,37.1
4349,2025-05-01,5,1,1,2,186.34,80.83,105.51
4350,2025-05-01,5,1,2,1,88.87,36.75,52.12
4351,2025-05-01,5,1,4,6,564.96,250.59,314.37
4352,2025-05-01,5,1,5,5,431.87,182.3,249.57
4353,2025-05-01,5,2,1,3,265.48,125.31,140.17
4354,2025-05-01,5,2,2,6,616.63,250.17,366.46
4355,2025-05-01,5,2,3,2,187.06,74.23,112.83
4356,2025-05-01,5,2,4,12,1115.61,474.49,641.12
4357,2025-05-01,5,2,5,1,88.94,36.8,52.14
4358,2025-05-01,5,3,2,6,521.51,217.76,303.75
4359,2025-05-01,5,3,3,2,190.23,78.89,111.34
4360,2025-05-01,5,3,4,4,362.41,149.51,212.9
4361,2025-05-01,5,3,5,6,552.34,244.96,307.38
4362,2025-05-01,5,4,1,1,105.71,44.82,60.89
4363,2025-05-01,5,4,2,1,101.57,44.05,57.52
4364,2025-05-01,5,4,3,3,290.22,121.18,169.04
4365,2025-05-01,5,4,4,13,1223.71,520.66,703.05
4366,2025-05-01,5,4,5,2,190.38,87.06,103.32
4367,2025-05-01,5,5,2,1,91.95,39.76,52.19
4368,2025-05-01,5,5,4,3,210.27,107.05,103.22
4369,2025-05-01,6,1,1,3,195.39,97.61,97.78
4370,2025-05-01,6,1,2,4,274.54,122.62,151.92
4371,2025-05-01,6,1,3,1,69.23,28.97,40.26
4372,2025-05-01,6,1,5,4,259.5,119.27,140.23
4373,2025-05-01,6,2,2,3,228.35,100.49,127.86
4374,2025-05-01,6,2,4,6,416.05,184.83,231.22
4375,2025-05-01,6,2,5,4,279.99,121.53,158.46
4376,2025-05-01,6,3,1,1,80.62,37.27,43.35
4377,2025-05-01,6,3,4,2,140.34,63.37,76.97
4378,2025-05-01,6,3,5,4,301.65,129.19,172.46
4379,2025-05-01,6,4,2,2,167.4,67.83,99.57
4380,2025-05-01,6,4,3,3,257.73,106.15,151.58
4381,2025-05-01,6,4,4,3,232.93,92.24,140.69
4382,2025-05-01,6,5,2,1,79.72,32.52,47.2
4383,2025-05-01,6,5,4,1,67.62,28.61,39.01
4384,2025-05-01,6,5,5,3,170.8,87.24,83.56
4385,2025-05-01,7,1,1,1,40.39,17.2,23.19
4386,2025-05-01,7,1,2,5,212.64,81.92,130.72
4387,2025-05-01,7,1,3,1,45.32,16.87,28.45
4388,2025-05-01,7,1,4,19,841.32,330.5,510.82
4389,2025-05-01,7,1,5,4,201.79,78.68,123.11
4390,2025-05-01,7,2,2,3,141.72,57.34,84.38
4391,2025-05-01,7,2,3,1,48.68,18.12,30.56
4392,2025-05-01,7,2,4,8,384.13,149.37,234.76
4393,2025-05-01,7,2,5,3,135.0,51.76,83.24
4394,2025-05-01,7,3,2,4,196.37,76.53,119.84
4395,2025-05-01,7,3,3,1,48.61,19.33,29.28
4396,2025-05-01,7,3,4,2,93.72,35.88,57.84
4397,2025-05-01,7,3,5,1,45.46,17.82,27.64
4398,2025-05-01,7,4,2,3,153.73,59.01,94.72
4399,2025-05-01,7,4,4,6,293.08,111.81,181.27
4400,2025-05-01,7,4,5,3,152.27,53.6,98.67
4401,2025-05-01,7,5,1,2,85.53,36.55,48.98
4402,2025-05-01,7,5,2,3,124.85,52.11,72.74
4403,2025-05-01,7,5,3,2,90.57,35.28,55.29
4404,2025-05-01,7,5,4,6,287.72,114.8,172.92
4405,2025-05-01,7,5,5,1,45.09,17.19,27.9
4406,2025-05-01,8,1,1,2,89.71,37.65,52.06
4407,2025-05-01,8,1,2,6,263.36,110.32,153.04
4408,2025-05-01,8,1,3,4,167.74,72.13,95.61
4409,2025-05-01,8,1,4,6,269.95,113.99,155.96
4410,2025-05-01,8,1,5,2,83.62,35.76,47.86
4411,2025-05-01,8,2,1,2,104.44,41.76,62.68
4412,2025-05-01,8,2,2,6,315.47,125.7,189.77
4413,2025-05-01,8,2,4,2,92.58,35.14,57.44
4414,2025-05-01,8,2,5,11,518.5,211.7,306.8
4415,2025-05-01,8,3,1,1,53.46,22.53,30.93
4416,2025-05-01,8,3,2,5,259.36,102.34,157.02
4417,2025-05-01,8,3,4,5,246.46,96.87,149.59
4418,2025-05-01,8,3,5,4,210.33,81.85,128.48
4419,2025-05-01,8,4,2,3,174.57,67.66,106.91
4420,2025-05-01,8,4,4,3,158.47,60.6,97.87
4421,2025-05-01,8,4,5,4,220.98,82.72,138.26
4422,2025-05-01,8,5,2,2,83.65,40.36,43.29
4423,2025-05-01,8,5,3,1,39.98,18.22,21.76
4424,2025-05-01,8,5,4,5,217.8,89.14,128.66
4425,2025-05-01,8,5,5,5,212.24,88.42,123.82
4426,2025-05-01,9,1,1,4,250.33,113.4,136.93
4427,2025-05-01,9,1,2,5,350.12,142.49,207.63
4428,2025-05-01,9,1,3,4,255.62,106.55,149.07
4429,2025-05-01,9,1,4,11,772.37,318.86,453.51
4430,2025-05-01,9,2,1,4,326.6,123.34,203.26
4431,2025-05-01,9,2,3,1,67.25,28.51,38.74
4432,2025-05-01,9,2,4,2,133.05,51.52,81.53
4433,2025-05-01,9,2,5,6,373.21,158.85,214.36
4434,2025-05-01,9,3,2,2,151.21,63.08,88.13
4435,2025-05-01,9,3,3,2,152.25,57.51,94.74
4436,2025-05-01,9,3,4,7,473.93,192.66,281.27
4437,2025-05-01,9,3,5,2,131.92,55.72,76.2
4438,2025-05-01,9,4,2,1,76.92,32.79,44.13
4439,2025-05-01,9,4,3,1,73.29,31.48,41.81
4440,2025-05-01,9,4,4,5,356.27,141.35,214.92
4441,2025-05-01,9,4,5,3,230.36,90.81,139.55
4442,2025-05-01,9,5,2,1,65.36,28.37,36.99
4443,2025-05-01,9,5,4,2,123.46,48.7,74.76
4444,2025-05-01,9,5,5,2,105.38,53.13,52.25
4445,2025-05-01,10,1,4,3,164.88,62.69,102.19
4446,2025-05-01,10,1,5,5,289.27,124.03,165.24
4447,2025-05-01,10,2,2,2,128.91,47.35,81.56
4448,2025-05-01,10,2,4,6,316.54,130.28,186.26
4449,2025-05-01,10,2,5,1,64.13,21.83,42.3
4450,2025-05-01,10,3,1,1,72.06,27.35,44.71
4451,2025-05-01,10,3,4,8,476.21,174.13,302.08
4452,2025-05-01,10,3,5,1,55.95,22.93,33.02
4453,2025-05-01,10,4,1,3,221.55,80.12,141.43
4454,2025-05-01,10,4,2,1,74.39,25.94,48.45
4455,2025-05-01,10,4,3,2,136.42,48.62,87.8
4456,2025-05-01,10,4,4,3,190.74,71.66,119.08
4457,2025-05-01,10,5,2,1,52.8,23.83,28.97
4458,2025-05-01,10,5,5,3,143.22,62.88,80.34
4459,2025-05-01,11,1,1,3,129.98,40.98,89.0
4460,2025-05-01,11,1,2,4,161.09,50.01,111.08
4461,2025-05-01,11,1,3,2,73.19,24.3,48.89
4462,2025-05-01,11,1,4,6,248.45,78.96,169.49
4463,2025-05-01,11,1,5,2,77.57,23.39,54.18
4464,2025-05-01,11,2,2,2,80.21,27.41,52.8
4465,2025-05-01,11,2,3,2,81.82,26.22,55.6
4466,2025-05-01,11,2,4,10,390.62,124.18,266.44
4467,2025-05-01,11,2,5,4,158.83,51.51,107.32
4468,2025-05-01,11,3,2,4,173.66,56.35,117.31
4469,2025-05-01,11,3,4,4,154.24,50.39,103.85
4470,2025-05-01,11,3,5,2,83.32,26.83,56.49
4471,2025-05-01,11,4,2,1,45.29,14.0,31.29
4472,2025-05-01,11,4,4,7,312.22,96.34,215.88
4473,2025-05-01,11,4,5,1,45.52,13.25,32.27
4474,2025-05-01,11,5,2,1,40.59,13.29,27.3
4475,2025-05-01,11,5,3,1,36.97,12.64,24.33
4476,2025-05-01,11,5,4,3,104.28,33.8,70.48
4477,2025-05-01,11,5,5,3,113.29,35.74,77.55
4478,2025-05-01,12,1,2,2,161.78,53.06,108.72
4479,2025-05-01,12,1,3,1,61.12,25.45,35.67
4480,2025-05-01,12,1,4,3,249.78,93.96,155.82
4481,2025-05-01,12,1,5,7,547.65,202.65,345.0
4482,2025-05-01,12,2,1,1,83.24,29.66,53.58
4483,2025-05-01,12,2,2,9,715.16,259.69,455.47
4484,2025-05-01,12,2,3,2,158.36,55.87,102.49
4485,2025-05-01,12,2,4,5,432.18,149.42,282.76
4486,2025-05-01,12,2,5,9,710.25,245.03,465.22
4487,2025-05-01,12,3,2,2,168.39,60.13,108.26
4488,2025-05-01,12,3,4,9,712.91,250.31,462.6
4489,2025-05-01,12,3,5,4,324.32,112.19,212.13
4490,2025-05-01,12,4,1,3,277.23,94.81,182.42
4491,2025-05-01,12,4,2,1,83.98,31.37,52.61
4492,2025-05-01,12,4,3,3,256.27,83.83,172.44
4493,2025-05-01,12,4,4,6,478.56,159.55,319.01
4494,2025-05-01,12,5,2,1,78.56,28.53,50.03
4495,2025-05-01,12,5,4,6,480.96,178.21,302.75
4496,2025-05-01,12,5,5,1,73.58,26.33,47.25
4497,2025-05-01,13,1,1,1,59.85,19.82,40.03
4498,2025-05-01,13,1,4,3,189.04,67.85,121.19
4499,2025-05-01,13,1,5,3,129.15,52.64,76.51
4500,2025-05-01,13,2,1,1,57.82,20.53,37.29
4501,2025-05-01,13,2,2,4,233.77,86.97,146.8
4502,2025-05-01,13,2,4,4,220.06,74.99,145.07
4503,2025-05-01,13,2,5,3,153.85,57.31,96.54
4504,2025-05-01,13,3,5,3,168.67,59.67,109.0
4505,2025-05-01,13,4,1,1,69.25,23.43,45.82
4506,2025-05-01,13,4,2,2,136.55,45.4,91.15
4507,2025-05-01,13,4,4,3,170.62,59.6,111.02
4508,2025-05-01,13,5,2,2,102.0,42.65,59.35
4509,2025-05-01,13,5,3,1,45.69,18.39,27.3
4510,2025-05-01,13,5,4,5,271.3,110.25,161.05
4511,2025-05-01,14,1,1,2,54.47,19.31,35.16
4512,2025-05-01,14,1,2,2,55.74,18.6,37.14
4513,2025-05-01,14,1,3,2,48.82,17.7,31.12
4514,2025-05-01,14,1,4,10,264.78,97.15,167.63
4515,2025-05-01,14,1,5,4,103.1,36.13,66.97
4516,2025-05-01,14,2,2,4,113.45,41.74,71.71
4517,2025-05-01,14,2,4,6,148.85,55.18,93.67
4518,2025-05-01,14,2,5,7,201.41,69.19,132.22
4519,2025-05-01,14,3,2,4,117.33,42.13,75.2
4520,2025-05-01,14,3,3,1,27.37,10.86,16.51
4521,2025-05-01,14,3,4,5,138.78,50.11,88.67
4522,2025-05-01,14,3,5,12,331.62,120.55,211.07
4523,2025-05-01,14,4,1,1,34.12,11.06,23.06
4524,2025-05-01,14,4,2,7,189.69,65.91,123.78
4525,2025-05-01,14,4,3,2,62.22,21.28,40.94
4526,2025-05-01,14,4,4,5,148.08,50.31,97.77
4527,2025-05-01,14,5,1,1,28.08,9.88,18.2
4528,2025-05-01,14,5,2,2,52.94,19.38,33.56
4529,2025-05-01,14,5,4,6,166.97,65.58,101.39
4530,2025-05-01,14,5,5,2,51.8,18.01,33.79
4531,2025-05-01,15,1,1,1,52.14,21.82,30.32
4532,2025-05-01,15,1,3,1,48.21,20.45,27.76
4533,2025-05-01,15,1,4,8,405.18,167.17,238.01
4534,2025-05-01,15,1,5,4,230.93,98.55,132.38
4535,2025-05-01,15,2,2,7,401.1,162.51,238.59
4536,2025-05-01,15,2,4,7,365.64,151.07,214.57
4537,2025-05-01,15,2,5,4,223.88,84.2,139.68
4538,2025-05-01,15,3,4,4,219.27,85.02,134.25
4539,2025-05-01,15,3,5,1,56.48,23.67,32.81
4540,2025-05-01,15,4,1,2,137.57,51.96,85.61
4541,2025-05-01,15,4,2,5,267.23,102.97,164.26
4542,2025-05-01,15,4,3,3,188.08,71.86,116.22
4543,2025-05-01,15,4,4,2,112.76,43.81,68.95
4544,2025-05-01,15,4,5,1,58.09,22.63,35.46
4545,2025-05-01,15,5,2,4,217.33,91.61,125.72
4546,2025-05-01,15,5,3,1,51.79,20.97,30.82
4547,2025-05-01,15,5,4,6,327.82,133.77,194.05
4548,2025-05-01,15,5,5,2,101.05,41.03,60.02
4549,2025-06-01,1,1,2,5,307.77,121.49,186.28
4550,2025-06-01,1,1,4,9,570.36,228.53,341.83
4551,2025-06-01,1,1,5,1,65.53,24.1,41.43
4552,2025-06-01,1,2,2,1,64.23,26.26,37.97
4553,2025-06-01,1,2,4,8,507.09,200.09,307.0
4554,2025-06-01,1,3,2,2,141.87,56.02,85.85
4555,2025-06-01,1,3,4,10,641.25,257.71,383.54
4556,2025-06-01,1,3,5,9,573.98,236.18,337.8
4557,2025-06-01,1,4,1,3,243.27,87.8,155.47
4558,2025-06-01,1,4,2,1,75.54,29.02,46.52
4559,2025-06-01,1,4,4,4,278.82,108.3,170.52
4560,2025-06-01,1,4,5,2,139.64,52.24,87.4
4561,2025-06-01,1,5,1,3,184.78,76.73,108.05
4562,2025-06-01,1,5,2,6,368.27,159.22,209.05
4563,2025-06-01,1,5,3,1,65.47,25.52,39.95
4564,2025-06-01,1,5,4,6,354.56,156.42,198.14
4565,2025-06-01,1,5,5,8,476.09,196.67,279.42
4566,2025-06-01,2,1,1,1,97.6,44.78,52.82
4567,2025-06-01,2,1,2,3,330.27,123.54,206.73
4568,2025-06-01,2,1,3,2,199.63,82.59,117.04
4569,2025-06-01,2,1,4,9,913.17,372.39,540.78
4570,2025-06-01,2,1,5,5,572.97,232.81,340.16
4571,2025-06-01,2,2,2,2,221.3,95.43,125.87
4572,2025-06-01,2,2,4,4,412.54,157.91,254.63
4573,2025-06-01,2,2,5,8,874.16,344.53,529.63
4574,2025-06-01,2,3,1,1,131.79,51.32,80.47
4575,2025-06-01,2,3,2,3,336.26,144.5,191.76
4576,2025-06-01,2,3,4,1,100.12,44.3,55.82
4577,2025-06-01,2,3,5,3,335.66,133.97,201.69
4578,2025-06-01,2,4,1,1,127.67,53.41,74.26
4579,2025-06-01,2,4,4,4,446.85,179.32,267.53
4580,2025-06-01,2,5,1,1,113.7,45.61,68.09
4581,2025-06-01,2,5,4,7,726.23,313.07,413.16
4582,2025-06-01,3,1,2,2,93.28,36.59,56.69
4583,2025-06-01,3,1,3,1,43.68,17.48,26.2
4584,2025-06-01,3,1,4,12,570.7,219.65,351.05
4585,2025-06-01,3,2,1,1,55.75,19.94,35.81
4586,2025-06-01,3,2,4,10,511.76,197.11,314.65
4587,2025-06-01,3,2,5,4,198.49,75.19,123.3
4588,2025-06-01,3,3,4,5,236.71,93.24,143.47
4589,2025-06-01,3,3,5,3,154.54,56.98,97.56
4590,2025-06-01,3,4,4,6,311.9,112.86,199.04
4591,2025-06-01,3,4,5,6,339.55,123.95,215.6
4592,2025-06-01,3,5,2,2,93.42,38.66,54.76
4593,2025-06-01,3,5,3,1,46.29,18.31,27.98
4594,2025-06-01,3,5,4,9,450.34,179.56,270.78
4595,2025-06-01,4,1,1,3,230.96,100.03,130.93
4596,2025-06-01,4,1,2,2,151.39,61.19,90.2
4597,2025-06-01,4,1,3,3,230.34,90.53,139.81
4598,2025-06-01,4,1,4,11,901.48,381.9,519.58
4599,2025-06-01,4,1,5,4,305.71,117.34,188.37
4600,2025-06-01,4,2,1,1,92.5,34.56,57.94
4601,2025-06-01,4,2,2,1,89.69,33.18,56.51
4602,2025-06-01,4,2,3,1,79.34,29.94,49.4
4603,2025-06-01,4,2,4,12,943.78,377.74,566.04
4604,2025-06-01,4,2,5,1,84.61,31.15,53.46
4605,2025-06-01,4,3,1,2,198.9,74.25,124.65
4606,2025-06-01,4,3,3,1,94.54,34.59,59.95
4607,2025-06-01,4,3,4,5,368.28,154.26,214.02
4608,2025-06-01,4,3,5,1,91.93,33.46,58.47
4609,2025-06-01,4,4,3,1,90.1,35.02,55.08
4610,2025-06-01,4,4,4,1,78.52,30.16,48.36
4611,2025-06-01,4,5,3,1,75.14,31.32,43.82
4612,2025-06-01,4,5,4,3,234.84,88.14,146.7
4613,2025-06-01,5,1,1,4,352.98,158.41,194.57
4614,2025-06-01,5,1,2,9,807.59,343.9,463.69
4615,2025-06-01,5,1,3,2,167.19,74.85,92.34
4616,2025-06-01,5,1,4,8,726.06,320.15,405.91
4617,2025-06-01,5,1,5,1,89.13,36.49,52.64
4618,2025-06-01,5,2,1,1,107.67,42.63,65.04
4619,2025-06-01,5,2,2,3,305.96,126.09,179.87
4620,2025-06-01,5,2,3,2,174.69,78.67,96.02
4621,2025-06-01,5,2,4,9,879.48,381.63,497.85
4622,2025-06-01,5,3,2,5,461.97,205.14,256.83
4623,2025-06-01,5,3,3,1,93.45,40.08,53.37
4624,2025-06-01,5,3,4,5,430.03,185.25,244.78
4625,2025-06-01,5,3,5,4,402.7,168.4,234.3
4626,2025-06-01,5,4,2,1,99.08,44.26,54.82
4627,2025-06-01,5,4,3,1,98.56,42.12,56.44
4628,2025-06-01,5,4,4,2,205.06,82.18,122.88
4629,2025-06-01,5,4,5,1,104.11,43.15,60.96
4630,2025-06-01,5,5,3,1,82.96,40.74,42.22
4631,2025-06-01,5,5,4,6,548.66,264.7,283.96
4632,2025-06-01,5,5,5,2,166.88,77.49,89.39
4633,2025-06-01,6,1,2,5,357.15,156.84,200.31
4634,2025-06-01,6,1,3,1,61.48,29.6,31.88
4635,2025-06-01,6,1,4,6,435.19,191.77,243.42
4636,2025-06-01,6,1,5,1,62.65,28.58,34.07
4637,2025-06-01,6,2,2,1,84.8,31.84,52.96
4638,2025-06-01,6,2,3,3,222.47,92.26,130.21
4639,2025-06-01,6,2,4,5,345.71,148.75,196.96
4640,2025-06-01,6,2,5,2,147.34,63.43,83.91
4641,2025-06-01,6,3,2,1,88.78,35.17,53.61
4642,2025-06-01,6,3,4,4,318.51,128.23,190.28
4643,2025-06-01,6,3,5,3,226.04,97.15,128.89
4644,2025-06-01,6,4,2,1,88.85,36.7,52.15
4645,2025-06-01,6,4,4,2,150.5,64.22,86.28
4646,2025-06-01,6,5,2,2,135.59,59.57,76.02
4647,2025-06-01,6,5,3,1,59.25,29.44,29.81
4648,2025-06-01,6,5,4,3,172.71,85.92,86.79
4649,2025-06-01,6,5,5,3,210.12,89.36,120.76
4650,2025-06-01,7,1,1,2,91.13,35.23,55.9
4651,2025-06-01,7,1,2,7,351.92,135.38,216.54
4652,2025-06-01,7,1,4,10,466.39,184.07,282.32
4653,2025-06-01,7,1,5,8,375.52,148.79,226.73
4654,2025-06-01,7,2,2,2,106.93,38.23,68.7
4655,2025-06-01,7,2,3,3,136.73,54.73,82.0
4656,2025-06-01,7,2,4,12,526.58,208.01,318.57
4657,2025-06-01,7,2,5,8,401.86,148.93,252.93
4658,2025-06-01,7,3,3,1,45.18,19.18,26.0
4659,2025-06-01,7,3,4,9,411.15,154.74,256.41
4660,2025-06-01,7,3,5,1,53.85,18.82,35.03
4661,2025-06-01,7,4,1,2,107.99,40.96,67.03
4662,2025-06-01,7,4,2,2,102.55,38.45,64.1
4663,2025-06-01,7,4,4,2,96.32,36.17,60.15
4664,2025-06-01,7,5,1,3,121.77,57.64,64.13
4665,2025-06-01,7,5,2,3,124.3,52.76,71.54
4666,2025-06-01,7,5,4,5,194.48,82.95,111.53
4667,2025-06-01,8,1,1,3,145.87,55.77,90.1
4668,2025-06-01,8,1,2,6,281.6,110.96,170.64
4669,2025-06-01,8,1,3,2,82.54,33.84,48.7
4670,2025-06-01,8,1,4,5,264.9,100.35,164.55
4671,2025-06-01,8,1,5,2,92.3,35.63,56.67
4672,2025-06-01,8,2,1,1,52.89,21.14,31.75
4673,2025-06-01,8,2,2,3,153.56,62.61,90.95
4674,2025-06-01,8,2,3,3,158.63,59.35,99.28
4675,2025-06-01,8,2,4,8,403.27,163.84,239.43
4676,2025-06-01,8,2,5,4,193.84,79.46,114.38
4677,2025-06-01,8,3,2,1,56.2,22.65,33.55
4678,2025-06-01,8,3,4,3,143.16,59.8,83.36
4679,2025-06-01,8,3,5,5,261.99,103.17,158.82
4680,2025-06-01,8,4,2,1,56.58,22.18,34.4
4681,2025-06-01,8,4,4,2,98.67,37.97,60.7
4682,2025-06-01,8,4,5,3,166.93,65.14,101.79
4683,2025-06-01,8,5,1,1,48.43,19.84,28.59
4684,2025-06-01,8,5,3,1,37.29,18.27,19.02
4685,2025-06-01,8,5,4,9,391.38,168.61,222.77
4686,2025-06-01,8,5,5,2,84.19,36.37,47.82
4687,2025-06-01,9,1,2,1,64.75,27.72,37.03
4688,2025-06-01,9,1,3,1,70.27,25.67,44.6
4689,2025-06-01,9,1,4,5,349.7,140.6,209.1
4690,2025-06-01,9,1,5,4,289.6,123.61,165.99
4691,2025-06-01,9,2,1,1,71.08,30.03,41.05
4692,2025-06-01,9,2,3,1,71.27,28.94,42.33
4693,2025-06-01,9,2,4,5,325.65,127.57,198.08
4694,2025-06-01,9,2,5,2,137.43,53.54,83.89
4695,2025-06-01,9,3,2,1,78.5,31.14,47.36
4696,2025-06-01,9,3,3,3,217.98,85.14,132.84
4697,2025-06-01,9,3,4,8,516.25,228.49,287.76
4698,2025-06-01,9,4,2,1,84.88,33.06,51.82
4699,2025-06-01,9,4,4,4,285.19,111.34,173.85
4700,2025-06-01,9,5,3,1,53.14,26.63,26.51
4701,2025-06-01,9,5,4,1,61.29,24.36,36.93
4702,2025-06-01,9,5,5,2,119.94,54.16,65.78
4703,2025-06-01,10,1,1,1,60.74,23.88,36.86
4704,2025-06-01,10,1,2,3,186.92,67.08,119.84
4705,2025-06-01,10,1,4,2,105.7,40.12,65.58
4706,2025-06-01,10,1,5,1,53.72,21.87,31.85
4707,2025-06-01,10,2,1,2,135.7,52.2,83.5
4708,2025-06-01,10,2,2,2,125.25,49.1,76.15
4709,2025-06-01,10,2,3,3,180.24,69.6,110.64
4710,2025-06-01,10,2,4,8,507.24,195.51,311.73
4711,2025-06-01,10,2,5,2,110.07,43.13,66.94
4712,2025-06-01,10,3,4,1,65.43,22.21,43.22
4713,2025-06-01,10,3,5,1,58.19,23.74,34.45
4714,2025-06-01,10,4,1,1,74.63,26.27,48.36
4715,2025-06-01,10,4,4,4,249.85,93.08,156.77
4716,2025-06-01,10,4,5,1,67.74,25.14,42.6
4717,2025-06-01,10,5,4,5,296.81,126.88,169.93
4718,2025-06-01,10,5,5,2,104.75,44.17,60.58
4719,2025-06-01,11,1,1,1,39.33,13.39,25.94
4720,2025-06-01,11,1,2,8,308.67,106.53,202.14
4721,2025-06-01,11,1,4,4,175.59,57.23,118.36
4722,2025-06-01,11,1,5,1,37.21,11.48,25.73
4723,2025-06-01,11,2,1,1,44.69,14.51,30.18
4724,2025-06-01,11,2,2,2,91.83,27.24,64.59
4725,2025-06-01,11,2,4,5,197.49,62.18,135.31
4726,2025-06-01,11,2,5,1,39.12,12.55,26.57
4727,2025-06-01,11,3,2,2,90.47,27.96,62.51
4728,2025-06-01,11,3,3,1,42.75,13.48,29.27
4729,2025-06-01,11,3,4,7,297.84,88.91,208.93
4730,2025-06-01,11,3,5,3,120.98,40.45,80.53
4731,2025-06-01,11,4,1,1,47.66,15.22,32.44
4732,2025-06-01,11,4,4,1,40.33,12.97,27.36
4733,2025-06-01,11,5,2,1,37.25,13.55,23.7
4734,2025-06-01,11,5,3,1,36.08,12.82,23.26
4735,2025-06-01,11,5,4,5,203.84,68.01,135.83
4736,2025-06-01,12,1,2,3,227.85,81.45,146.4
4737,2025-06-01,12,1,3,1,65.17,24.53,40.64
4738,2025-06-01,12,1,4,4,333.48,125.29,208.19
4739,2025-06-01,12,1,5,3,206.32,77.96,128.36
4740,2025-06-01,12,2,1,1,83.69,29.47,54.22
4741,2025-06-01,12,2,2,2,176.86,59.71,117.15
4742,2025-06-01,12,2,3,3,247.74,84.12,163.62
4743,2025-06-01,12,2,4,14,1106.84,401.64,705.2
4744,2025-06-01,12,2,5,7,559.1,189.03,370.07
4745,2025-06-01,12,3,2,1,89.21,32.6,56.61
4746,2025-06-01,12,3,3,2,157.95,58.94,99.01
4747,2025-06-01,12,3,4,7,574.15,185.82,388.33
4748,2025-06-01,12,3,5,5,408.85,140.89,267.96
4749,2025-06-01,12,4,3,3,248.29,84.99,163.3
4750,2025-06-01,12,4,4,5,413.99,146.65,267.34
4751,2025-06-01,12,4,5,1,82.1,30.3,51.8
4752,2025-06-01,12,5,1,1,69.44,29.17,40.27
4753,2025-06-01,12,5,3,1,68.55,26.48,42.07
4754,2025-06-01,12,5,4,8,576.48,228.1,348.38
4755,2025-06-01,12,5,5,2,137.68,52.34,85.34
4756,2025-06-01,13,1,1,3,173.08,59.37,113.71
4757,2025-06-01,13,1,2,2,97.69,38.21,59.48
4758,2025-06-01,13,1,4,2,88.17,33.36,54.81
4759,2025-06-01,13,1,5,1,52.73,18.38,34.35
4760,2025-06-01,13,2,2,1,53.99,19.53,34.46
4761,2025-06-01,13,2,4,10,576.64,199.53,377.11
4762,2025-06-01,13,2,5,1,56.75,19.68,37.07
4763,2025-06-01,13,3,2,4,243.3,84.73,158.57
4764,2025-06-01,13,3,3,3,156.93,62.94,93.99
4765,2025-06-01,13,3,4,4,210.36,77.52,132.84
4766,2025-06-01,13,3,5,1,53.41,21.1,32.31
4767,2025-06-01,13,4,1,2,123.66,45.63,78.03
4768,2025-06-01,13,4,3,4,253.8,81.88,171.92
4769,2025-06-01,13,4,4,8,453.67,168.31,285.36
4770,2025-06-01,13,4,5,3,177.51,59.83,117.68
4771,2025-06-01,13,5,2,2,110.01,39.14,70.87
4772,2025-06-01,13,5,4,4,182.28,74.93,107.35
4773,2025-06-01,13,5,5,1,45.29,19.57,25.72
4774,2025-06-01,14,1,2,5,129.14,47.82,81.32
4775,2025-06-01,14,1,4,9,246.6,91.96,154.64
4776,2025-06-01,14,1,5,6,147.03,55.98,91.05
4777,2025-06-01,14,2,1,2,64.25,21.98,42.27
4778,2025-06-01,14,2,2,2,60.88,20.86,40.02
4779,2025-06-01,14,2,3,2,58.45,19.82,38.63
4780,2025-06-01,14,2,4,12,330.11,119.28,210.83
4781,2025-06-01,14,2,5,7,181.06,69.04,112.02
4782,2025-06-01,14,3,1,2,58.33,21.56,36.77
4783,2025-06-01,14,3,3,1,29.87,10.02,19.85
4784,2025-06-01,14,3,4,10,270.17,96.63,173.54
4785,2025-06-01,14,3,5,3,82.55,28.66,53.89
4786,2025-06-01,14,4,1,2,66.52,22.59,43.93
4787,2025-06-01,14,4,2,2,63.72,22.98,40.74
4788,2025-06-01,14,4,3,1,30.25,10.16,20.09
4789,2025-06-01,14,4,4,4,121.79,41.6,80.19
4790,2025-06-01,14,4,5,1,28.28,10.37,17.91
4791,2025-06-01,14,5,2,3,81.54,29.89,51.65
4792,2025-06-01,14,5,4,5,120.25,46.88,73.37
4793,2025-06-01,14,5,5,3,82.52,28.07,54.45
4794,2025-06-01,15,1,1,2,110.99,41.6,69.39
4795,2025-06-01,15,1,2,2,102.8,42.79,60.01
4796,2025-06-01,15,1,3,7,355.71,146.03,209.68
4797,2025-06-01,15,1,4,3,139.26,58.12,81.14
4798,2025-06-01,15,1,5,7,414.49,158.12,256.37
4799,2025-06-01,15,2,2,2,120.35,44.61,75.74
4800,2025-06-01,15,2,3,1,54.03,20.88,33.15
4801,2025-06-01,15,2,4,13,746.36,286.02,460.34
4802,2025-06-01,15,2,5,1,55.04,21.73,33.31
4803,2025-06-01,15,3,2,7,374.38,149.52,224.86
4804,2025-06-01,15,3,4,7,380.52,152.76,227.76
4805,2025-06-01,15,4,2,3,183.65,72.82,110.83
4806,2025-06-01,15,4,4,3,171.03,65.29,105.74
4807,2025-06-01,15,4,5,1,57.28,22.99,34.29
4808,2025-06-01,15,5,3,1,45.11,20.81,24.3
4809,2025-06-01,15,5,4,8,425.8,177.72,248.08
4810,2025-06-01,15,5,5,2,95.47,40.93,54.54
4811,2025-07-01,1,1,1,1,68.64,25.87,42.77
4812,2025-07-01,1,1,2,2,114.34,49.15,65.19
4813,2025-07-01,1,1,3,5,302.99,117.35,185.64
4814,2025-07-01,1,1,4,7,463.7,197.43,266.27
4815,2025-07-01,1,1,5,5,340.52,138.29,202.23
4816,2025-07-01,1,2,2,5,332.89,135.27,197.62
4817,2025-07-01,1,2,3,1,72.76,25.52,47.24
4818,2025-07-01,1,2,4,6,372.58,148.89,223.69
4819,2025-07-01,1,2,5,5,335.08,121.26,213.82
4820,2025-07-01,1,3,1,2,162.23,59.52,102.71
4821,2025-07-01,1,3,2,2,134.78,56.08,78.7
4822,2025-07-01,1,3,3,2,147.71,54.97,92.74
4823,2025-07-01,1,3,4,5,314.67,124.54,190.13
4824,2025-07-01,1,4,1,1,73.41,29.84,43.57
4825,2025-07-01,1,4,2,3,240.13,89.16,150.97
4826,2025-07-01,1,4,3,1,72.56,27.54,45.02
4827,2025-07-01,1,4,4,5,348.82,132.96,215.86
4828,2025-07-01,1,4,5,3,215.78,82.52,133.26
4829,2025-07-01,1,5,2,2,132.17,50.77,81.4
4830,2025-07-01,1,5,4,8,516.92,203.57,313.35
4831,2025-07-01,1,5,5,2,103.87,49.53,54.34
4832,2025-07-01,2,1,1,2,234.72,88.1,146.62
4833,2025-07-01,2,1,2,4,395.01,169.68,225.33
4834,2025-07-01,2,1,4,3,347.77,151.54,196.23
4835,2025-07-01,2,1,5,5,595.35,241.73,353.62
4836,2025-07-01,2,2,1,1,126.89,48.16,78.73
4837,2025-07-01,2,2,2,1,118.04,47.25,70.79
4838,2025-07-01,2,2,3,3,334.64,136.86,197.78
4839,2025-07-01,2,2,4,5,542.56,211.62,330.94
4840,2025-07-01,2,2,5,3,320.7,133.67,187.03
4841,2025-07-01,2,3,1,1,116.55,47.63,68.92
4842,2025-07-01,2,3,2,1,110.22,48.95,61.27
4843,2025-07-01,2,3,3,1,119.58,45.18,74.4
4844,2025-07-01,2,3,4,3,332.48,134.06,198.42
4845,2025-07-01,2,4,1,1,144.68,53.14,91.54
4846,2025-07-01,2,4,2,2,260.5,99.23,161.27
4847,2025-07-01,2,4,3,2,239.05,96.33,142.72
4848,2025-07-01,2,4,4,1,110.38,43.28,67.1
4849,2025-07-01,2,4,5,5,586.65,238.79,347.86
4850,2025-07-01,2,5,2,2,191.6,89.23,102.37
4851,2025-07-01,2,5,5,4,369.82,174.86,194.96
4852,2025-07-01,3,1,2,4,197.53,72.37,125.16
4853,2025-07-01,3,1,4,9,452.97,179.78,273.19
4854,2025-07-01,3,1,5,1,41.82,17.98,23.84
4855,2025-07-01,3,2,1,2,109.79,43.34,66.45
4856,2025-07-01,3,2,3,2,95.86,36.59,59.27
4857,2025-07-01,3,2,4,7,391.65,146.78,244.87
4858,2025-07-01,3,2,5,5,251.13,93.77,157.36
4859,2025-07-01,3,3,2,1,58.89,22.64,36.25
4860,2025-07-01,3,3,3,1,56.98,20.51,36.47
4861,2025-07-01,3,3,4,5,248.34,94.19,154.15
4862,2025-07-01,3,3,5,4,198.87,77.38,121.49
4863,2025-07-01,3,4,1,1,62.58,23.33,39.25
4864,2025-07-01,3,4,2,1,57.07,21.33,35.74
4865,2025-07-01,3,4,4,5,258.25,100.08,158.17
4866,2025-07-01,3,4,5,4,227.81,86.57,141.24
4867,2025-07-01,3,5,2,6,306.28,117.31,188.97
4868,2025-07-01,3,5,3,2,99.86,38.48,61.38
4869,2025-07-01,3,5,4,3,128.09,53.66,74.43
4870,2025-07-01,3,5,5,2,88.24,37.12,51.12
4871,2025-07-01,4,1,1,1,83.48,33.07,50.41
4872,2025-07-01,4,1,2,4,313.62,128.08,185.54
4873,2025-07-01,4,1,3,2,146.6,57.38,89.22
4874,2025-07-01,4,1,4,9,707.31,284.46,422.85
4875,2025-07-01,4,1,5,5,425.23,176.71,248.52
4876,2025-07-01,4,2,1,3,254.45,105.92,148.53
4877,2025-07-01,4,2,2,6,504.09,208.3,295.79
4878,2025-07-01,4,2,3,4,339.37,127.31,212.06
4879,2025-07-01,4,2,4,7,632.47,241.8,390.67
4880,2025-07-01,4,2,5,2,160.88,65.77,95.11
4881,2025-07-01,4,3,1,2,178.15,73.7,104.45
4882,2025-07-01,4,3,2,1,95.23,35.66,59.57
4883,2025-07-01,4,3,3,4,344.57,138.01,206.56
4884,2025-07-01,4,3,4,6,464.87,194.94,269.93
4885,2025-07-01,4,3,5,1,82.18,32.87,49.31
4886,2025-07-01,4,4,2,3,270.88,107.69,163.19
4887,2025-07-01,4,4,3,1,99.6,37.63,61.97
4888,2025-07-01,4,4,4,10,832.58,327.62,504.96
4889,2025-07-01,4,4,5,1,86.48,33.75,52.73
4890,2025-07-01,4,5,3,2,144.89,59.32,85.57
4891,2025-07-01,4,5,4,4,288.34,122.7,165.64
4892,2025-07-01,4,5,5,3,221.73,92.38,129.35
4893,2025-07-01,5,1,1,3,261.08,120.39,140.69
4894,2025-07-01,5,1,2,4,364.76,160.54,204.22
4895,2025-07-01,5,1,3,3,251.12,106.11,145.01
4896,2025-07-01,5,1,4,4,382.79,170.43,212.36
4897,2025-07-01,5,1,5,4,317.24,145.99,171.25
4898,2025-07-01,5,2,3,1,83.46,39.17,44.29
4899,2025-07-01,5,2,4,4,334.58,146.34,188.24
4900,2025-07-01,5,2,5,4,356.79,150.76,206.03
4901,2025-07-01,5,3,4,6,555.56,243.54,312.02
4902,2025-07-01,5,3,5,2,202.25,85.47,116.78
4903,2025-07-01,5,4,1,2,233.95,96.83,137.12
4904,2025-07-01,5,4,2,1,99.62,43.5,56.12
4905,2025-07-01,5,4,4,7,651.04,278.35,372.69
4906,2025-07-01,5,4,5,1,98.16,43.68,54.48
4907,2025-07-01,5,5,2,1,93.99,39.7,54.29
4908,2025-07-01,5,5,3,2,178.02,79.33,98.69
4909,2025-07-01,5,5,4,4,369.5,178.46,191.04
4910,2025-07-01,5,5,5,2,152.08,77.06,75.02
4911,2025-07-01,6,1,2,3,220.3,94.88,125.42
4912,2025-07-01,6,1,4,13,908.91,410.68,498.23
4913,2025-07-01,6,1,5,2,127.49,58.38,69.11
4914,2025-07-01,6,2,3,1,67.79,30.14,37.65
4915,2025-07-01,6,2,4,6,432.96,182.3,250.66
4916,2025-07-01,6,2,5,3,207.85,90.94,116.91
4917,2025-07-01,6,3,1,1,89.85,35.16,54.69
4918,2025-07-01,6,3,2,3,226.75,99.85,126.9
4919,2025-07-01,6,3,3,2,154.03,62.5,91.53
4920,2025-07-01,6,3,4,1,71.01,31.28,39.73
4921,2025-07-01,6,3,5,1,77.76,32.07,45.69
4922,2025-07-01,6,4,2,1,92.27,36.6,55.67
4923,2025-07-01,6,4,3,4,335.82,140.97,194.85
4924,2025-07-01,6,4,4,7,524.46,217.99,306.47
4925,2025-07-01,6,4,5,3,226.85,101.58,125.27
4926,2025-07-01,6,5,1,1,65.44,33.97,31.47
4927,2025-07-01,6,5,2,3,215.1,97.8,117.3
4928,2025-07-01,6,5,4,7,486.58,232.37,254.21
4929,2025-07-01,6,5,5,3,176.78,87.03,89.75
4930,2025-07-01,7,1,2,9,375.13,156.2,218.93
4931,2025-07-01,7,1,3,2,79.54,32.03,47.51
4932,2025-07-01,7,1,4,9,427.02,166.67,260.35
4933,2025-07-01,7,1,5,3,111.79,46.0,65.79
4934,2025-07-01,7,2,2,6,278.39,114.61,163.78
4935,2025-07-01,7,2,3,2,92.3,35.22,57.08
4936,2025-07-01,7,2,4,9,410.76,156.78,253.98
4937,2025-07-01,7,2,5,3,134.21,51.62,82.59
4938,2025-07-01,7,3,1,2,94.32,39.13,55.19
4939,2025-07-01,7,3,2,3,145.17,58.21,86.96
4940,2025-07-01,7,3,3,5,230.67,96.05,134.62
4941,2025-07-01,7,3,4,3,133.9,51.16,82.74
4942,2025-07-01,7,4,2,2,112.3,42.82,69.48
4943,2025-07-01,7,4,4,7,343.41,128.3,215.11
4944,2025-07-01,7,4,5,3,140.82,53.04,87.78
4945,2025-07-01,7,5,4,1,42.37,15.85,26.52
4946,2025-07-01,7,5,5,5,250.12,100.15,149.97
4947,2025-07-01,8,1,1,1,48.33,19.0,29.33
4948,2025-07-01,8,1,2,2,93.93,36.72,57.21
4949,2025-07-01,8,1,3,4,224.07,88.07,136.0
4950,2025-07-01,8,1,4,11,532.07,216.9,315.17
4951,2025-07-01,8,1,5,4,167.71,71.08,96.63
4952,2025-07-01,8,2,1,3,150.97,63.21,87.76
4953,2025-07-01,8,2,3,1,54.36,19.66,34.7
4954,2025-07-01,8,2,4,7,342.32,141.75,200.57
4955,2025-07-01,8,2,5,4,194.02,78.39,115.63
4956,2025-07-01,8,3,1,1,55.13,22.76,32.37
4957,2025-07-01,8,3,2,3,157.98,62.54,95.44
4958,2025-07-01,8,3,3,2,103.57,41.61,61.96
4959,2025-07-01,8,3,4,2,92.13,38.25,53.88
4960,2025-07-01,8,3,5,2,104.51,39.25,65.26
4961,2025-07-01,8,4,1,1,61.6,23.42,38.18
4962,2025-07-01,8,4,2,1,60.42,22.39,38.03
4963,2025-07-01,8,4,3,4,219.38,84.05,135.33
4964,2025-07-01,8,4,4,2,102.38,39.32,63.06
4965,2025-07-01,8,4,5,5,264.59,104.92,159.67
4966,2025-07-01,8,5,2,2,98.54,40.68,57.86
4967,2025-07-01,8,5,4,2,85.13,36.51,48.62
4968,2025-07-01,8,5,5,1,43.65,18.1,25.55
4969,2025-07-01,9,1,1,4,288.89,114.5,174.39
4970,2025-07-01,9,1,2,8,512.28,218.22,294.06
4971,2025-07-01,9,1,4,3,168.82,72.8,96.02
4972,2025-07-01,9,1,5,5,322.72,128.67,194.05
4973,2025-07-01,9,2,3,4,268.19,110.58,157.61
4974,2025-07-01,9,2,4,5,366.66,156.12,210.54
4975,2025-07-01,9,2,5,3,200.43,82.59,117.84
4976,2025-07-01,9,3,1,2,161.58,65.75,95.83
4977,2025-07-01,9,3,4,7,478.21,193.49,284.72
4978,2025-07-01,9,3,5,1,69.0,28.75,40.25
4979,2025-07-01,9,4,2,1,83.09,30.76,52.33
4980,2025-07-01,9,4,4,3,225.57,82.14,143.43
4981,2025-07-01,9,4,5,2,139.04,57.05,81.99
4982,2025-07-01,9,5,4,1,61.05,25.54,35.51
4983,2025-07-01,10,1,2,3,173.03,67.88,105.15
4984,2025-07-01,10,1,4,7,442.86,161.88,280.98
4985,2025-07-01,10,1,5,2,97.7,42.46,55.24
4986,2025-07-01,10,2,1,1,62.55,25.1,37.45
4987,2025-07-01,10,2,2,1,63.33,24.1,39.23
4988,2025-07-01,10,2,3,2,129.67,45.71,83.96
4989,2025-07-01,10,2,4,5,327.98,125.01,202.97
4990,2025-07-01,10,2,5,1,57.04,23.34,33.7
4991,2025-07-01,10,3,1,1,68.12,27.79,40.33
4992,2025-07-01,10,3,2,1,63.38,25.23,38.15
4993,2025-07-01,10,3,4,7,393.27,158.24,235.03
4994,2025-07-01,10,4,3,1,69.3,24.8,44.5
4995,2025-07-01,10,4,4,1,60.65,22.64,38.01
4996,2025-07-01,10,5,4,1,56.63,22.45,34.18
4997,2025-07-01,10,5,5,2,105.64,44.45,61.19
4998,2025-07-01,11,1,2,2,78.54,25.42,53.12
4999,2025-07-01,11,1,3,3,110.6,36.52,74.08
5000,2025-07-01,11,1,4,8,343.38,114.6,228.78
5001,2025-07-01,11,1,5,4,134.64,47.75,86.89
5002,2025-07-01,11,2,2,4,175.71,54.23,121.48
5003,2025-07-01,11,2,3,4,155.82,49.92,105.9
5004,2025-07-01,11,2,4,10,392.56,127.48,265.08
5005,2025-07-01,11,3,1,1,48.33,15.52,32.81
5006,2025-07-01,11,3,2,3,133.46,43.84,89.62
5007,2025-07-01,11,3,4,8,310.68,101.8,208.88
5008,2025-07-01,11,4,1,1,51.02,14.47,36.55
5009,2025-07-01,11,4,4,1,43.57,13.24,30.33
5010,2025-07-01,11,4,5,5,235.16,67.94,167.22
5011,2025-07-01,11,5,2,2,78.48,26.63,51.85
5012,2025-07-01,11,5,4,1,31.94,11.87,20.07
5013,2025-07-01,12,1,2,7,535.5,189.81,345.69
5014,2025-07-01,12,1,3,2,147.9,49.65,98.25
5015,2025-07-01,12,1,4,4,332.16,122.41,209.75
5016,2025-07-01,12,1,5,2,142.31,50.74,91.57
5017,2025-07-01,12,2,2,2,161.34,57.14,104.2
5018,2025-07-01,12,2,3,3,245.64,81.76,163.88
5019,2025-07-01,12,2,4,4,278.22,100.6,177.62
5020,2025-07-01,12,2,5,2,147.9,54.75,93.15
5021,2025-07-01,12,3,1,3,266.03,90.29,175.74
5022,2025-07-01,12,3,4,8,606.98,210.34,396.64
5023,2025-07-01,12,3,5,3,209.9,81.74,128.16
5024,2025-07-01,12,4,1,1,89.14,32.68,56.46
5025,2025-07-01,12,4,3,1,86.88,29.4,57.48
5026,2025-07-01,12,4,4,5,407.43,139.28,268.15
5027,2025-07-01,12,4,5,2,175.31,58.5,116.81
5028,2025-07-01,12,5,2,1,71.05,27.43,43.62
5029,2025-07-01,12,5,3,1,72.28,26.29,45.99
5030,2025-07-01,12,5,4,3,207.27,78.17,129.1
5031,2025-07-01,13,1,1,2,113.56,41.48,72.08
5032,2025-07-01,13,1,2,8,452.73,168.98,283.75
5033,2025-07-01,13,1,4,6,337.25,122.79,214.46
5034,2025-07-01,13,1,5,4,194.14,73.86,120.28
5035,2025-07-01,13,2,1,1,60.0,21.08,38.92
5036,2025-07-01,13,2,2,3,176.61,63.07,113.54
5037,2025-07-01,13,2,3,4,206.87,76.32,130.55
5038,2025-07-01,13,2,4,9,529.03,189.95,339.08
5039,2025-07-01,13,2,5,2,98.84,38.03,60.81
5040,2025-07-01,13,3,1,1,67.16,22.85,44.31
5041,2025-07-01,13,3,2,2,121.16,45.92,75.24
5042,2025-07-01,13,3,4,2,120.51,41.17,79.34
5043,2025-07-01,13,3,5,1,58.22,21.2,37.02
5044,2025-07-01,13,4,2,1,61.11,22.92,38.19
5045,2025-07-01,13,4,4,5,282.3,104.29,178.01
5046,2025-07-01,13,4,5,4,234.83,79.23,155.6
5047,2025-07-01,13,5,2,1,48.14,20.28,27.86
5048,2025-07-01,13,5,4,4,228.73,85.89,142.84
5049,2025-07-01,13,5,5,3,142.18,58.25,83.93
5050,2025-07-01,14,1,3,1,21.47,8.89,12.58
5051,2025-07-01,14,1,4,11,315.58,115.83,199.75
5052,2025-07-01,14,1,5,4,121.45,46.69,74.76
5053,2025-07-01,14,2,1,1,27.79,11.14,16.65
5054,2025-07-01,14,2,4,11,318.94,118.63,200.31
5055,2025-07-01,14,2,5,6,154.93,56.14,98.79
5056,2025-07-01,14,3,2,3,90.73,34.17,56.56
5057,2025-07-01,14,3,3,1,25.99,10.41,15.58
5058,2025-07-01,14,3,4,8,213.85,78.6,135.25
5059,2025-07-01,14,3,5,3,91.65,29.83,61.82
5060,2025-07-01,14,4,2,1,31.74,11.69,20.05
5061,2025-07-01,14,4,3,1,29.17,11.23,17.94
5062,2025-07-01,14,4,4,6,180.33,62.5,117.83
5063,2025-07-01,14,4,5,2,64.53,22.04,42.49
5064,2025-07-01,14,5,3,1,24.04,9.98,14.06
5065,2025-07-01,14,5,4,1,23.27,8.69,14.58
5066,2025-07-01,14,5,5,3,71.4,28.69,42.71
5067,2025-07-01,15,1,1,1,58.71,21.93,36.78
5068,2025-07-01,15,1,2,6,335.14,132.53,202.61
5069,2025-07-01,15,1,3,2,102.13,41.16,60.97
5070,2025-07-01,15,1,4,5,297.69,114.25,183.44
5071,2025-07-01,15,1,5,3,153.14,60.67,92.47
5072,2025-07-01,15,2,1,2,120.54,48.83,71.71
5073,2025-07-01,15,2,2,4,227.93,90.74,137.19
5074,2025-07-01,15,2,3,3,152.76,68.01,84.75
5075,2025-07-01,15,2,4,7,402.16,159.82,242.34
5076,2025-07-01,15,2,5,3,161.01,65.16,95.85
5077,2025-07-01,15,3,2,4,256.95,94.84,162.11
5078,2025-07-01,15,3,4,3,160.1,66.58,93.52
5079,2025-07-01,15,4,2,3,196.83,75.78,121.05
5080,2025-07-01,15,4,3,3,184.95,68.85,116.1
5081,2025-07-01,15,4,4,7,409.06,162.38,246.68
5082,2025-07-01,15,4,5,2,126.05,46.64,79.41
5083,2025-07-01,15,5,3,1,53.6,21.24,32.36
5084,2025-07-01,15,5,4,3,137.24,64.84,72.4
5085,2025-07-01,15,5,5,3,140.84,62.28,78.56
5086,2025-08-01,1,1,1,3,192.45,76.7,115.75
5087,2025-08-01,1,1,2,5,307.34,121.16,186.18
5088,2025-08-01,1,1,3,1,53.16,23.16,30.0
5089,2025-08-01,1,1,4,8,550.07,217.17,332.9
5090,2025-08-01,1,1,5,4,243.35,94.11,149.24
5091,2025-08-01,1,2,1,4,275.93,107.93,168.0
5092,2025-08-01,1,2,2,6,404.17,156.81,247.36
5093,2025-08-01,1,2,4,7,486.05,195.71,290.34
5094,2025-08-01,1,2,5,3,198.56,76.55,122.01
5095,2025-08-01,1,3,2,3,205.03,81.18,123.85
5096,2025-08-01,1,3,4,4,267.43,100.69,166.74
5097,2025-08-01,1,3,5,3,194.59,76.84,117.75
5098,2025-08-01,1,4,4,3,214.35,79.11,135.24
5099,2025-08-01,1,4,5,4,272.16,107.55,164.61
5100,2025-08-01,1,5,1,2,128.95,52.44,76.51
5101,2025-08-01,1,5,2,1,64.98,25.8,39.18
5102,2025-08-01,1,5,3,2,102.7,50.36,52.34
5103,2025-08-01,1,5,4,5,280.05,124.12,155.93
5104,2025-08-01,2,1,1,4,462.93,170.99,291.94
5105,2025-08-01,2,1,2,5,531.02,208.51,322.51
5106,2025-08-01,2,1,3,3,290.94,124.62,166.32
5107,2025-08-01,2,1,4,7,741.38,309.24,432.14
5108,2025-08-01,2,1,5,2,191.09,81.03,110.06
5109,2025-08-01,2,2,1,2,257.06,97.18,159.88
5110,2025-08-01,2,2,2,4,425.63,179.96,245.67
5111,2025-08-01,2,2,3,8,913.13,360.24,552.89
5112,2025-08-01,2,2,4,9,1038.57,400.91,637.66
5113,2025-08-01,2,2,5,4,420.68,172.2,248.48
5114,2025-08-01,2,3,3,2,224.86,91.08,133.78
5115,2025-08-01,2,3,4,8,890.8,359.03,531.77
5116,2025-08-01,2,4,1,1,126.47,50.79,75.68
5117,2025-08-01,2,4,2,1,123.58,49.7,73.88
5118,2025-08-01,2,4,4,7,812.74,312.85,499.89
5119,2025-08-01,2,4,5,1,116.82,47.77,69.05
5120,2025-08-01,2,5,4,2,185.19,80.24,104.95
5121,2025-08-01,2,5,5,2,198.76,81.82,116.94
5122,2025-08-01,3,1,2,5,211.12,93.64,117.48
5123,2025-08-01,3,1,3,1,51.82,18.28,33.54
5124,2025-08-01,3,1,4,3,133.18,51.64,81.54
5125,2025-08-01,3,1,5,9,437.78,171.0,266.78
5126,2025-08-01,3,2,2,4,220.27,83.18,137.09
5127,2025-08-01,3,2,4,8,439.94,161.61,278.33
5128,2025-08-01,3,2,5,8,411.09,156.71,254.38
5129,2025-08-01,3,3,4,6,288.81,110.23,178.58
5130,2025-08-01,3,3,5,1,53.6,19.01,34.59
5131,2025-08-01,3,4,2,1,63.2,21.49,41.71
5132,2025-08-01,3,4,5,1,52.54,20.98,31.56
5133,2025-08-01,3,5,2,2,91.23,40.99,50.24
5134,2025-08-01,3,5,3,1,44.52,18.13,26.39
5135,2025-08-01,3,5,4,4,206.93,85.89,121.04
5136,2025-08-01,3,5,5,2,89.82,36.44,53.38
5137,2025-08-01,4,1,4,2,148.31,58.83,89.48
5138,2025-08-01,4,1,5,6,542.89,217.87,325.02
5139,2025-08-01,4,2,1,1,93.39,35.93,57.46
5140,2025-08-01,4,2,2,1,87.04,34.25,52.79
5141,2025-08-01,4,2,3,3,250.92,97.71,153.21
5142,2025-08-01,4,2,4,4,324.19,121.64,202.55
5143,2025-08-01,4,2,5,4,336.96,128.65,208.31
5144,2025-08-01,4,3,2,3,247.98,105.9,142.08
5145,2025-08-01,4,3,4,4,324.5,129.04,195.46
5146,2025-08-01,4,3,5,2,161.81,64.92,96.89
5147,2025-08-01,4,4,2,1,89.76,36.12,53.64
5148,2025-08-01,4,4,4,6,507.73,199.53,308.2
5149,2025-08-01,4,4,5,4,357.94,136.44,221.5
5150,2025-08-01,4,5,3,2,143.54,64.68,78.86
5151,2025-08-01,4,5,5,3,194.37,90.49,103.88
5152,2025-08-01,5,1,2,4,336.97,161.3,175.67
5153,2025-08-01,5,1,3,1,78.8,36.26,42.54
5154,2025-08-01,5,1,4,12,1127.09,500.44,626.65
5155,2025-08-01,5,1,5,3,265.77,110.72,155.05
5156,2025-08-01,5,2,1,2,195.57,91.03,104.54
5157,2025-08-01,5,2,2,5,470.65,213.59,257.06
5158,2025-08-01,5,2,4,6,606.37,254.15,352.22
5159,2025-08-01,5,2,5,2,181.82,77.8,104.02
5160,2025-08-01,5,3,2,4,412.57,173.45,239.12
5161,2025-08-01,5,3,3,8,742.78,322.2,420.58
5162,2025-08-01,5,3,4,8,698.59,311.78,386.81
5163,2025-08-01,5,3,5,1,90.91,42.68,48.23
5164,2025-08-01,5,4,2,2,224.65,91.73,132.92
5165,2025-08-01,5,4,4,5,478.98,201.14,277.84
5166,2025-08-01,5,4,5,5,469.1,207.05,262.05
5167,2025-08-01,5,5,2,1,96.79,39.82,56.97
5168,2025-08-01,5,5,4,3,231.01,108.37,122.64
5169,2025-08-01,5,5,5,4,345.76,151.68,194.08
5170,2025-08-01,6,1,1,3,229.96,97.27,132.69
5171,2025-08-01,6,1,2,2,133.94,61.33,72.61
5172,2025-08-01,6,1,4,3,236.47,108.48,127.99
5173,2025-08-01,6,1,5,1,61.41,28.0,33.41
5174,2025-08-01,6,2,2,4,321.21,136.67,184.54
5175,2025-08-01,6,2,4,6,446.6,184.06,262.54
5176,2025-08-01,6,2,5,3,228.53,93.51,135.02
5177,2025-08-01,6,3,2,1,74.86,35.38,39.48
5178,2025-08-01,6,3,3,1,87.81,34.47,53.34
5179,2025-08-01,6,3,4,7,486.97,221.83,265.14
5180,2025-08-01,6,3,5,1,75.49,31.35,44.14
5181,2025-08-01,6,4,3,3,224.44,98.42,126.02
5182,2025-08-01,6,4,4,1,77.04,32.9,44.14
5183,2025-08-01,6,5,3,1,72.33,30.41,41.92
5184,2025-08-01,6,5,4,2,121.64,56.64,65.0
5185,2025-08-01,6,5,5,3,186.01,96.17,89.84
5186,2025-08-01,7,1,1,3,129.97,51.92,78.05
5187,2025-08-01,7,1,2,2,97.9,36.65,61.25
5188,2025-08-01,7,1,4,9,433.02,171.38,261.64
5189,2025-08-01,7,1,5,10,483.43,186.69,296.74
5190,2025-08-01,7,2,2,2,95.72,37.93,57.79
5191,2025-08-01,7,2,4,14,648.28,248.92,399.36
5192,2025-08-01,7,2,5,1,48.33,17.03,31.3
5193,2025-08-01,7,3,1,1,48.33,20.48,27.85
5194,2025-08-01,7,3,2,2,105.66,38.21,67.45
5195,2025-08-01,7,3,3,2,92.74,37.31,55.43
5196,2025-08-01,7,3,4,9,440.62,172.36,268.26
5197,2025-08-01,7,3,5,2,86.7,36.01,50.69
5198,2025-08-01,7,4,2,1,55.47,21.25,34.22
5199,2025-08-01,7,4,4,3,139.66,52.64,87.02
5200,2025-08-01,7,4,5,2,97.57,37.47,60.1
5201,2025-08-01,7,5,2,3,134.32,55.22,79.1
5202,2025-08-01,7,5,3,1,43.19,18.03,25.16
5203,2025-08-01,7,5,4,9,406.79,165.87,240.92
5204,2025-08-01,8,1,1,1,43.85,18.9,24.95
5205,2025-08-01,8,1,2,7,329.28,132.01,197.27
5206,2025-08-01,8,1,3,2,96.16,37.2,58.96
5207,2025-08-01,8,1,4,7,339.96,141.52,198.44
5208,2025-08-01,8,1,5,5,238.21,101.17,137.04
5209,2025-08-01,8,2,1,2,100.16,44.02,56.14
5210,2025-08-01,8,2,2,4,209.67,83.04,126.63
5211,2025-08-01,8,2,3,2,98.84,38.2,60.64
5212,2025-08-01,8,2,4,13,643.99,256.9,387.09
5213,2025-08-01,8,2,5,5,226.78,90.6,136.18
5214,2025-08-01,8,3,1,3,151.77,64.38,87.39
5215,2025-08-01,8,3,2,3,176.63,65.05,111.58
5216,2025-08-01,8,3,3,1,50.83,20.6,30.23
5217,2025-08-01,8,3,4,7,343.89,135.86,208.03
5218,2025-08-01,8,3,5,4,205.1,80.83,124.27
5219,2025-08-01,8,4,2,2,112.73,45.79,66.94
5220,2025-08-01,8,4,3,1,51.47,22.49,28.98
5221,2025-08-01,8,4,4,2,106.37,42.22,64.15
5222,2025-08-01,8,4,5,4,213.22,82.07,131.15
5223,2025-08-01,8,5,2,2,94.32,40.88,53.44
5224,2025-08-01,8,5,3,3,124.65,59.56,65.09
5225,2025-08-01,8,5,4,9,390.74,177.12,213.62
5226,2025-08-01,8,5,5,2,91.13,36.35,54.78
5227,2025-08-01,9,1,1,6,446.75,172.56,274.19
5228,2025-08-01,9,1,3,2,145.8,54.07,91.73
5229,2025-08-01,9,1,4,6,423.39,174.66,248.73
5230,2025-08-01,9,1,5,1,59.48,25.9,33.58
5231,2025-08-01,9,2,1,1,70.47,29.34,41.13
5232,2025-08-01,9,2,2,1,64.42,28.97,35.45
5233,2025-08-01,9,2,3,2,132.69,55.71,76.98
5234,2025-08-01,9,2,4,10,705.48,305.39,400.09
5235,2025-08-01,9,2,5,1,68.89,27.2,41.69
5236,2025-08-01,9,3,2,2,149.57,61.83,87.74
5237,2025-08-01,9,3,4,3,208.89,87.85,121.04
5238,2025-08-01,9,3,5,3,208.68,90.89,117.79
5239,2025-08-01,9,4,1,2,167.67,65.37,102.3
5240,2025-08-01,9,4,2,1,78.79,31.28,47.51
5241,2025-08-01,9,4,3,1,81.12,32.1,49.02
5242,2025-08-01,9,4,5,1,76.52,30.34,46.18
5243,2025-08-01,9,5,3,1,67.65,28.18,39.47
5244,2025-08-01,9,5,4,3,179.33,79.05,100.28
5245,2025-08-01,10,1,2,2,119.86,43.17,76.69
5246,2025-08-01,10,1,3,2,112.16,42.18,69.98
5247,2025-08-01,10,1,4,4,251.17,100.53,150.64
5248,2025-08-01,10,2,2,1,64.82,25.83,38.99
5249,2025-08-01,10,2,4,6,361.33,134.58,226.75
5250,2025-08-01,10,2,5,2,104.08,43.62,60.46
5251,2025-08-01,10,3,2,2,129.48,50.93,78.55
5252,2025-08-01,10,3,4,6,367.56,145.01,222.55
5253,2025-08-01,10,4,2,2,143.29,52.72,90.57
5254,2025-08-01,10,4,3,2,128.62,49.96,78.66
5255,2025-08-01,10,4,4,5,302.55,114.17,188.38
5256,2025-08-01,10,4,5,1,58.07,23.61,34.46
5257,2025-08-01,10,5,4,4,243.6,103.87,139.73
5258,2025-08-01,10,5,5,1,56.22,21.89,34.33
5259,2025-08-01,11,1,1,3,120.02,40.76,79.26
5260,2025-08-01,11,1,2,2,83.49,25.81,57.68
5261,2025-08-01,11,1,3,1,36.61,12.08,24.53
5262,2025-08-01,11,1,4,6,255.62,79.4,176.22
5263,2025-08-01,11,1,5,3,121.94,36.75,85.19
5264,2025-08-01,11,2,1,2,79.75,27.47,52.28
5265,2025-08-01,11,2,2,5,220.24,70.65,149.59
5266,2025-08-01,11,2,4,9,353.94,114.72,239.22
5267,2025-08-01,11,2,5,1,43.05,13.19,29.86
5268,2025-08-01,11,3,1,1,50.81,14.49,36.32
5269,2025-08-01,11,3,4,2,75.6,25.24,50.36
5270,2025-08-01,11,4,2,4,196.2,58.65,137.55
5271,2025-08-01,11,4,3,3,128.15,40.29,87.86
5272,2025-08-01,11,4,4,2,88.96,26.09,62.87
5273,2025-08-01,11,5,1,1,40.7,13.26,27.44
5274,2025-08-01,11,5,2,1,41.8,12.79,29.01
5275,2025-08-01,11,5,4,5,176.32,61.56,114.76
5276,2025-08-01,11,5,5,1,37.7,11.88,25.82
5277,2025-08-01,12,1,1,1,82.84,27.59,55.25
5278,2025-08-01,12,1,2,2,149.35,53.75,95.6
5279,2025-08-01,12,1,4,9,667.19,253.27,413.92
5280,2025-08-01,12,1,5,4,355.85,122.14,233.71
5281,2025-08-01,12,2,1,1,89.96,29.4,60.56
5282,2025-08-01,12,2,2,10,843.65,298.81,544.84
5283,2025-08-01,12,2,4,6,494.11,178.69,315.42
5284,2025-08-01,12,2,5,1,76.57,26.73,49.84
5285,2025-08-01,12,3,2,1,91.52,31.3,60.22
5286,2025-08-01,12,3,4,5,407.93,140.75,267.18
5287,2025-08-01,12,3,5,2,148.57,55.84,92.73
5288,2025-08-01,12,4,4,2,163.91,55.8,108.11
5289,2025-08-01,12,5,2,4,264.51,113.83,150.68
5290,2025-08-01,12,5,4,1,69.42,25.07,44.35
5291,2025-08-01,12,5,5,1,66.9,26.58,40.32
5292,2025-08-01,13,1,1,1,47.79,19.72,28.07
5293,2025-08-01,13,1,2,1,56.36,18.57,37.79
5294,2025-08-01,13,1,4,3,137.53,51.13,86.4
5295,2025-08-01,13,1,5,4,238.98,88.05,150.93
5296,2025-08-01,13,2,2,3,165.14,62.94,102.2
5297,2025-08-01,13,2,4,6,333.97,125.61,208.36
5298,2025-08-01,13,2,5,2,109.77,40.64,69.13
5299,2025-08-01,13,3,3,1,58.54,21.93,36.61
5300,2025-08-01,13,3,4,4,226.62,81.49,145.13
5301,2025-08-01,13,3,5,2,109.14,39.16,69.98
5302,2025-08-01,13,4,3,1,61.06,21.02,40.04
5303,2025-08-01,13,4,4,1,57.16,19.76,37.4
5304,2025-08-01,13,4,5,3,191.91,64.06,127.85
5305,2025-08-01,13,5,4,2,96.14,37.14,59.0
5306,2025-08-01,13,5,5,2,99.6,38.17,61.43
5307,2025-08-01,14,1,1,5,128.54,48.36,80.18
5308,2025-08-01,14,1,3,1,28.73,9.79,18.94
5309,2025-08-01,14,1,4,4,125.14,44.3,80.84
5310,2025-08-01,14,1,5,7,193.05,72.47,120.58
5311,2025-08-01,14,2,1,1,28.73,10.96,17.77
5312,2025-08-01,14,2,2,5,152.05,54.02,98.03
5313,2025-08-01,14,2,4,12,335.29,125.86,209.43
5314,2025-08-01,14,2,5,4,108.35,37.37,70.98
5315,2025-08-01,14,3,2,8,220.92,76.71,144.21
5316,2025-08-01,14,3,3,4,114.56,43.75,70.81
5317,2025-08-01,14,3,4,8,228.41,82.01,146.4
5318,2025-08-01,14,3,5,1,27.3,9.54,17.76
5319,2025-08-01,14,4,2,3,97.47,34.11,63.36
5320,2025-08-01,14,4,4,2,56.75,20.26,36.49
5321,2025-08-01,14,4,5,1,33.07,11.08,21.99
5322,2025-08-01,14,5,2,1,25.89,10.02,15.87
5323,2025-08-01,14,5,3,2,47.56,18.74,28.82
5324,2025-08-01,14,5,4,4,95.57,37.22,58.35
5325,2025-08-01,14,5,5,2,46.15,19.69,26.46
5326,2025-08-01,15,1,1,1,52.52,22.54,29.98
5327,2025-08-01,15,1,2,2,107.32,41.86,65.46
5328,2025-08-01,15,1,3,1,46.59,19.65,26.94
5329,2025-08-01,15,1,4,5,271.57,116.2,155.37
5330,2025-08-01,15,1,5,7,359.16,161.52,197.64
5331,2025-08-01,15,2,1,2,116.69,46.7,69.99
5332,2025-08-01,15,2,2,14,768.82,313.33,455.49
5333,2025-08-01,15,2,4,5,258.56,101.49,157.07
5334,2025-08-01,15,2,5,8,435.88,178.09,257.79
5335,2025-08-01,15,3,2,3,182.92,74.45,108.47
5336,2025-08-01,15,3,4,2,109.75,42.4,67.35
5337,2025-08-01,15,4,1,1,66.48,25.32,41.16
5338,2025-08-01,15,4,2,4,262.81,99.25,163.56
5339,2025-08-01,15,4,4,4,222.14,87.94,134.2
5340,2025-08-01,15,4,5,2,125.79,46.87,78.92
5341,2025-08-01,15,5,3,3,147.89,66.62,81.27
5342,2025-08-01,15,5,4,6,275.46,128.01,147.45
5343,2025-08-01,15,5,5,2,90.22,40.69,49.53
5344,2025-09-01,1,1,1,3,188.0,78.05,109.95
5345,2025-09-01,1,1,2,6,413.86,153.26,260.6
5346,2025-09-01,1,1,3,6,357.02,147.75,209.27
5347,2025-09-01,1,1,4,7,425.67,177.03,248.64
5348,2025-09-01,1,1,5,3,165.68,68.88,96.8
5349,2025-09-01,1,2,2,2,138.14,53.27,84.87
5350,2025-09-01,1,2,3,3,187.89,78.38,109.51
5351,2025-09-01,1,2,4,4,232.72,93.41,139.31
5352,2025-09-01,1,2,5,1,61.84,24.76,37.08
5353,2025-09-01,1,3,2,1,64.4,28.66,35.74
5354,2025-09-01,1,3,3,1,64.78,25.77,39.01
5355,2025-09-01,1,3,4,8,487.39,200.8,286.59
5356,2025-09-01,1,4,1,1,69.47,29.13,40.34
5357,2025-09-01,1,4,2,6,381.39,145.98,235.41
5358,2025-09-01,1,4,3,7,535.27,199.87,335.4
5359,2025-09-01,1,4,4,8,535.03,212.57,322.46
5360,2025-09-01,1,5,2,6,356.86,154.12,202.74
5361,2025-09-01,1,5,4,3,156.28,68.75,87.53
5362,2025-09-01,1,5,5,3,168.91,74.94,93.97
5363,2025-09-01,2,1,1,1,124.21,44.58,79.63
5364,2025-09-01,2,1,2,2,199.67,83.83,115.84
5365,2025-09-01,2,1,3,1,100.29,40.97,59.32
5366,2025-09-01,2,1,4,9,982.14,404.06,578.08
5367,2025-09-01,2,1,5,4,434.88,164.83,270.05
5368,2025-09-01,2,2,1,1,112.12,46.51,65.61
5369,2025-09-01,2,2,2,8,856.41,354.45,501.96
5370,2025-09-01,2,2,3,4,405.46,179.09,226.37
5371,2025-09-01,2,2,4,15,1725.72,690.74,1034.98
5372,2025-09-01,2,2,5,4,416.4,167.32,249.08
5373,2025-09-01,2,3,1,1,140.29,54.36,85.93
5374,2025-09-01,2,3,2,1,120.64,47.06,73.58
5375,2025-09-01,2,3,4,7,733.64,309.13,424.51
5376,2025-09-01,2,3,5,1,117.23,45.66,71.57
5377,2025-09-01,2,4,2,1,129.45,50.3,79.15
5378,2025-09-01,2,4,3,1,119.8,45.61,74.19
5379,2025-09-01,2,4,4,5,578.87,230.45,348.42
5380,2025-09-01,2,4,5,2,233.51,89.92,143.59
5381,2025-09-01,2,5,1,1,99.84,49.33,50.51
5382,2025-09-01,2,5,2,1,99.97,44.01,55.96
5383,2025-09-01,2,5,4,5,560.91,233.0,327.91
5384,2025-09-01,2,5,5,1,89.64,42.13,47.51
5385,2025-09-01,3,1,1,2,96.51,39.02,57.49
5386,2025-09-01,3,1,2,2,86.42,36.65,49.77
5387,2025-09-01,3,1,3,2,104.84,37.2,67.64
5388,2025-09-01,3,1,4,4,176.88,68.99,107.89
5389,2025-09-01,3,1,5,3,142.5,51.32,91.18
5390,2025-09-01,3,2,1,1,53.84,19.69,34.15
5391,2025-09-01,3,2,2,4,202.94,81.99,120.95
5392,2025-09-01,3,2,3,1,46.03,19.61,26.42
5393,2025-09-01,3,2,4,4,188.37,70.25,118.12
5394,2025-09-01,3,2,5,5,239.07,94.91,144.16
5395,2025-09-01,3,3,1,3,188.34,67.53,120.81
5396,2025-09-01,3,3,4,3,150.75,59.14,91.61
5397,2025-09-01,3,3,5,4,204.4,79.34,125.06
5398,2025-09-01,3,4,3,2,113.86,41.85,72.01
5399,2025-09-01,3,4,4,6,312.85,120.19,192.66
5400,2025-09-01,3,5,2,4,203.03,82.55,120.48
5401,2025-09-01,3,5,4,6,311.29,122.77,188.52
5402,2025-09-01,3,5,5,1,48.9,19.49,29.41
5403,2025-09-01,4,1,1,4,297.38,131.7,165.68
5404,2025-09-01,4,1,2,1,79.11,33.24,45.87
5405,2025-09-01,4,1,4,6,477.33,196.34,280.99
5406,2025-09-01,4,2,1,2,170.31,67.19,103.12
5407,2025-09-01,4,2,2,3,264.87,102.24,162.63
5408,2025-09-01,4,2,4,3,235.67,95.29,140.38
5409,2025-09-01,4,2,5,2,157.87,64.44,93.43
5410,2025-09-01,4,3,4,1,76.5,30.74,45.76
5411,2025-09-01,4,3,5,5,431.04,168.75,262.29
5412,2025-09-01,4,4,2,3,285.39,110.03,175.36
5413,2025-09-01,4,4,3,1,99.23,35.18,64.05
5414,2025-09-01,4,4,4,4,358.88,137.37,221.51
5415,2025-09-01,4,5,2,4,308.13,128.52,179.61
5416,2025-09-01,4,5,4,3,207.56,88.67,118.89
5417,2025-09-01,5,1,1,1,90.91,40.46,50.45
5418,2025-09-01,5,1,2,2,176.13,73.43,102.7
5419,2025-09-01,5,1,4,4,381.68,181.99,199.69
5420,2025-09-01,5,2,2,5,487.1,218.08,269.02
5421,2025-09-01,5,2,3,1,88.16,39.84,48.32
5422,2025-09-01,5,2,4,13,1149.34,534.75,614.59
5423,2025-09-01,5,2,5,5,440.58,186.61,253.97
5424,2025-09-01,5,3,4,10,937.93,406.07,531.86
5425,2025-09-01,5,3,5,1,99.27,40.87,58.4
5426,2025-09-01,5,4,2,2,226.03,87.82,138.21
5427,2025-09-01,5,4,3,4,386.15,168.97,217.18
5428,2025-09-01,5,4,4,4,368.06,155.67,212.39
5429,2025-09-01,5,4,5,1,100.19,40.97,59.22
5430,2025-09-01,5,5,1,1,96.59,42.45,54.14
5431,2025-09-01,5,5,3,1,93.99,40.72,53.27
5432,2025-09-01,5,5,4,3,235.13,112.83,122.3
5433,2025-09-01,5,5,5,2,149.99,76.1,73.89
5434,2025-09-01,6,1,1,1,69.97,31.21,38.76
5435,2025-09-01,6,1,3,1,62.17,28.74,33.43
5436,2025-09-01,6,1,4,4,252.12,112.03,140.09
5437,2025-09-01,6,1,5,1,59.27,28.1,31.17
5438,2025-09-01,6,2,2,2,150.27,68.59,81.68
5439,2025-09-01,6,2,3,1,69.87,31.77,38.1
5440,2025-09-01,6,2,4,5,356.17,152.61,203.56
5441,2025-09-01,6,3,4,4,327.91,129.77,198.14
5442,2025-09-01,6,3,5,2,154.33,62.55,91.78
5443,2025-09-01,6,4,2,1,81.4,34.37,47.03
5444,2025-09-01,6,4,3,3,236.69,96.96,139.73
5445,2025-09-01,6,4,4,1,78.22,31.29,46.93
5446,2025-09-01,6,5,1,5,360.56,167.66,192.9
5447,2025-09-01,6,5,4,4,303.46,144.23,159.23
5448,2025-09-01,7,1,1,1,39.47,17.96,21.51
5449,2025-09-01,7,1,2,2,89.27,35.11,54.16
5450,2025-09-01,7,1,3,2,91.62,33.12,58.5
5451,2025-09-01,7,1,4,6,294.02,112.33,181.69
5452,2025-09-01,7,1,5,1,42.7,15.78,26.92
5453,2025-09-01,7,2,1,2,96.07,38.38,57.69
5454,2025-09-01,7,2,2,3,147.49,59.86,87.63
5455,2025-09-01,7,2,3,1,46.61,17.04,29.57
5456,2025-09-01,7,2,4,4,177.24,67.34,109.9
5457,2025-09-01,7,2,5,3,135.16,54.32,80.84
5458,2025-09-01,7,3,2,1,49.76,19.84,29.92
5459,2025-09-01,7,3,3,1,52.94,19.08,33.86
5460,2025-09-01,7,3,4,10,464.84,186.57,278.27
5461,2025-09-01,7,3,5,2,85.79,36.63,49.16
5462,2025-09-01,7,4,2,1,58.77,21.61,37.16
5463,2025-09-01,7,4,3,3,161.84,61.06,100.78
5464,2025-09-01,7,4,4,6,285.86,106.48,179.38
5465,2025-09-01,7,5,2,1,45.48,19.04,26.44
5466,2025-09-01,7,5,4,4,147.78,64.88,82.9
5467,2025-09-01,7,5,5,3,115.09,49.84,65.25
5468,2025-09-01,8,1,2,4,184.78,79.27,105.51
5469,2025-09-01,8,1,3,2,86.33,35.87,50.46
5470,2025-09-01,8,1,4,10,477.98,189.38,288.6
5471,2025-09-01,8,2,1,5,257.73,102.74,154.99
5472,2025-09-01,8,2,2,4,223.53,86.69,136.84
5473,2025-09-01,8,2,3,2,93.29,38.37,54.92
5474,2025-09-01,8,2,4,12,636.12,247.87,388.25
5475,2025-09-01,8,2,5,3,143.64,56.86,86.78
5476,2025-09-01,8,3,2,1,50.45,22.44,28.01
5477,2025-09-01,8,3,4,1,49.75,20.06,29.69
5478,2025-09-01,8,3,5,6,302.22,122.38,179.84
5479,2025-09-01,8,4,3,3,160.14,62.53,97.61
5480,2025-09-01,8,4,4,12,585.58,227.16,358.42
5481,2025-09-01,8,5,3,1,42.9,20.39,22.51
5482,2025-09-01,8,5,4,7,304.97,126.83,178.14
5483,2025-09-01,8,5,5,2,83.2,36.43,46.77
5484,2025-09-01,9,1,2,1,65.42,28.37,37.05
5485,2025-09-01,9,1,3,2,128.43,51.99,76.44
5486,2025-09-01,9,1,4,8,556.44,244.73,311.71
5487,2025-09-01,9,1,5,3,232.94,100.9,132.04
5488,2025-09-01,9,2,1,1,76.93,31.36,45.57
5489,2025-09-01,9,2,2,6,428.87,179.57,249.3
5490,2025-09-01,9,2,3,3,200.16,83.9,116.26
5491,2025-09-01,9,2,4,3,195.0,83.69,111.31
5492,2025-09-01,9,3,2,1,68.16,30.98,37.18
5493,2025-09-01,9,3,4,8,549.49,223.56,325.93
5494,2025-09-01,9,3,5,1,65.34,30.04,35.3
5495,2025-09-01,9,4,3,3,233.34,91.14,142.2
5496,2025-09-01,9,4,4,1,70.7,30.16,40.54
5497,2025-09-01,9,5,3,1,59.95,26.81,33.14
5498,2025-09-01,9,5,4,2,115.47,52.89,62.58
5499,2025-09-01,9,5,5,2,134.54,57.84,76.7
5500,2025-09-01,10,1,1,1,53.26,23.83,29.43
5501,2025-09-01,10,1,2,6,357.55,138.36,219.19
5502,2025-09-01,10,1,3,3,164.56,64.63,99.93
5503,2025-09-01,10,1,4,8,454.99,184.16,270.83
5504,2025-09-01,10,1,5,1,51.19,20.8,30.39
5505,2025-09-01,10,2,1,6,358.88,146.46,212.42
5506,2025-09-01,10,2,3,1,62.84,22.96,39.88
5507,2025-09-01,10,2,4,11,679.5,264.49,415.01
5508,2025-09-01,10,2,5,1,62.57,21.76,40.81
5509,2025-09-01,10,3,3,2,121.99,46.71,75.28
5510,2025-09-01,10,4,1,1,69.19,27.46,41.73
5511,2025-09-01,10,4,2,3,219.5,83.38,136.12
5512,2025-09-01,10,4,3,7,449.15,174.21,274.94
5513,2025-09-01,10,4,4,7,444.94,167.03,277.91
5514,2025-09-01,10,4,5,1,66.03,24.84,41.19
5515,2025-09-01,10,5,2,2,109.1,48.94,60.16
5516,2025-09-01,10,5,3,1,48.15,21.41,26.74
5517,2025-09-01,10,5,4,2,111.65,44.99,66.66
5518,2025-09-01,10,5,5,2,100.15,45.57,54.58
5519,2025-09-01,11,1,2,9,352.77,116.06,236.71
5520,2025-09-01,11,1,3,3,103.75,36.6,67.15
5521,2025-09-01,11,1,4,7,282.38,91.51,190.87
5522,2025-09-01,11,1,5,3,118.78,37.58,81.2
5523,2025-09-01,11,2,2,2,88.93,27.62,61.31
5524,2025-09-01,11,2,3,4,150.08,52.37,97.71
5525,2025-09-01,11,2,4,8,344.09,112.54,231.55
5526,2025-09-01,11,2,5,2,81.68,24.87,56.81
5527,2025-09-01,11,3,1,1,49.6,15.2,34.4
5528,2025-09-01,11,3,3,2,91.35,28.6,62.75
5529,2025-09-01,11,3,4,7,274.97,86.81,188.16
5530,2025-09-01,11,3,5,3,128.0,40.48,87.52
5531,2025-09-01,11,4,2,5,197.34,61.82,135.52
5532,2025-09-01,11,4,4,6,255.61,79.79,175.82
5533,2025-09-01,11,5,1,2,77.41,28.6,48.81
5534,2025-09-01,11,5,2,7,256.19,92.99,163.2
5535,2025-09-01,11,5,4,3,142.99,47.75,95.24
5536,2025-09-01,11,5,5,2,67.59,24.44,43.15
5537,2025-09-01,12,1,2,1,80.03,27.2,52.83
5538,2025-09-01,12,1,4,9,633.31,239.46,393.85
5539,2025-09-01,12,2,3,2,141.64,56.55,85.09
5540,2025-09-01,12,2,4,4,307.77,109.23,198.54
5541,2025-09-01,12,2,5,2,146.9,52.86,94.04
5542,2025-09-01,12,3,1,1,79.4,31.76,47.64
5543,2025-09-01,12,3,2,10,783.69,269.84,513.85
5544,2025-09-01,12,3,4,8,623.39,217.31,406.08
5545,2025-09-01,12,3,5,4,317.49,114.98,202.51
5546,2025-09-01,12,4,1,1,102.65,32.89,69.76
5547,2025-09-01,12,4,2,2,176.24,60.95,115.29
5548,2025-09-01,12,4,3,3,274.58,87.17,187.41
5549,2025-09-01,12,4,4,3,232.51,85.03,147.48
5550,2025-09-01,12,5,1,2,151.51,59.34,92.17
5551,2025-09-01,12,5,2,5,362.14,147.59,214.55
5552,2025-09-01,12,5,4,8,644.28,240.14,404.14
5553,2025-09-01,13,1,2,2,107.73,39.16,68.57
5554,2025-09-01,13,1,3,5,266.21,95.53,170.68
5555,2025-09-01,13,1,4,2,92.04,33.33,58.71
5556,2025-09-01,13,2,2,2,102.12,40.29,61.83
5557,2025-09-01,13,2,3,1,58.26,21.07,37.19
5558,2025-09-01,13,2,4,6,323.43,113.51,209.92
5559,2025-09-01,13,2,5,2,99.63,39.79,59.84
5560,2025-09-01,13,3,2,2,127.35,45.2,82.15
5561,2025-09-01,13,3,3,3,178.18,61.02,117.16
5562,2025-09-01,13,3,4,6,340.34,119.45,220.89
5563,2025-09-01,13,3,5,3,165.95,61.99,103.96
5564,2025-09-01,13,4,3,3,192.43,67.2,125.23
5565,2025-09-01,13,4,4,4,225.49,81.03,144.46
5566,2025-09-01,13,5,1,3,172.14,63.77,108.37
5567,2025-09-01,13,5,2,3,153.92,60.17,93.75
5568,2025-09-01,13,5,3,1,44.83,19.57,25.26
5569,2025-09-01,13,5,4,5,229.51,90.25,139.26
5570,2025-09-01,13,5,5,1,48.57,17.76,30.81
5571,2025-09-01,14,1,2,5,126.72,50.55,76.17
5572,2025-09-01,14,1,3,4,102.9,38.23,64.67
5573,2025-09-01,14,1,4,6,165.7,60.88,104.82
5574,2025-09-01,14,1,5,4,121.86,44.54,77.32
5575,2025-09-01,14,2,2,1,27.97,10.52,17.45
5576,2025-09-01,14,2,4,9,234.1,87.58,146.52
5577,2025-09-01,14,2,5,6,164.16,55.65,108.51
5578,2025-09-01,14,3,1,3,84.85,34.42,50.43
5579,2025-09-01,14,3,3,2,55.81,20.3,35.51
5580,2025-09-01,14,3,4,3,79.81,28.67,51.14
5581,2025-09-01,14,3,5,1,27.09,10.24,16.85
5582,2025-09-01,14,4,1,1,33.11,11.92,21.19
5583,2025-09-01,14,4,2,2,68.17,23.83,44.34
5584,2025-09-01,14,4,3,1,28.08,10.52,17.56
5585,2025-09-01,14,4,4,5,147.49,48.9,98.59
5586,2025-09-01,14,4,5,3,83.7,30.98,52.72
5587,2025-09-01,14,5,2,3,77.6,30.76,46.84
5588,2025-09-01,14,5,3,1,28.42,10.21,18.21
5589,2025-09-01,14,5,4,6,150.54,62.97,87.57
5590,2025-09-01,14,5,5,1,24.47,9.62,14.85
5591,2025-09-01,15,1,2,3,159.15,62.91,96.24
5592,2025-09-01,15,1,3,2,92.4,39.19,53.21
5593,2025-09-01,15,1,4,7,355.18,155.06,200.12
5594,2025-09-01,15,1,5,3,150.04,61.92,88.12
5595,2025-09-01,15,2,1,2,118.66,47.82,70.84
5596,2025-09-01,15,2,2,2,116.14,45.81,70.33
5597,2025-09-01,15,2,3,1,54.25,21.5,32.75
5598,2025-09-01,15,2,4,3,156.17,61.66,94.51
5599,2025-09-01,15,2,5,1,50.21,22.42,27.79
5600,2025-09-01,15,3,2,3,189.49,72.79,116.7
5601,2025-09-01,15,3,3,1,60.53,24.15,36.38
5602,2025-09-01,15,3,4,6,332.06,138.46,193.6
5603,2025-09-01,15,3,5,2,105.31,43.56,61.75
5604,2025-09-01,15,4,2,1,63.33,24.6,38.73
5605,2025-09-01,15,4,3,2,118.44,48.77,69.67
5606,2025-09-01,15,4,4,7,397.49,153.13,244.36
5607,2025-09-01,15,5,2,6,340.51,139.89,200.62
5608,2025-09-01,15,5,4,5,274.45,118.78,155.67
5609,2025-09-01,15,5,5,1,42.87,21.67,21.2
5610,2025-10-01,1,1,2,2,135.81,48.78,87.03
5611,2025-10-01,1,1,4,6,377.34,163.59,213.75
5612,2025-10-01,1,1,5,2,103.38,47.7,55.68
5613,2025-10-01,1,2,1,3,200.77,84.08,116.69
5614,2025-10-01,1,2,2,5,350.36,132.88,217.48
5615,2025-10-01,1,2,3,1,61.49,26.31,35.18
5616,2025-10-01,1,2,4,8,506.57,195.46,311.11
5617,2025-10-01,1,2,5,2,139.7,50.28,89.42
5618,2025-10-01,1,3,2,6,431.87,165.76,266.11
5619,2025-10-01,1,3,4,5,316.74,128.9,187.84
5620,2025-10-01,1,3,5,3,210.26,82.32,127.94
5621,2025-10-01,1,4,2,2,159.17,59.7,99.47
5622,2025-10-01,1,4,4,5,341.52,136.67,204.85
5623,2025-10-01,1,4,5,2,136.01,54.57,81.44
5624,2025-10-01,1,5,1,2,127.86,53.86,74.0
5625,2025-10-01,1,5,2,4,240.23,105.08,135.15
5626,2025-10-01,1,5,3,1,51.28,24.12,27.16
5627,2025-10-01,1,5,4,2,106.82,46.69,60.13
5628,2025-10-01,1,5,5,3,151.43,70.86,80.57
5629,2025-10-01,2,1,2,3,321.38,135.67,185.71
5630,2025-10-01,2,1,3,3,316.66,126.84,189.82
5631,2025-10-01,2,1,4,3,367.33,155.93,211.4
5632,2025-10-01,2,1,5,3,322.37,120.72,201.65
5633,2025-10-01,2,2,1,1,123.69,50.15,73.54
5634,2025-10-01,2,2,2,2,254.92,93.76,161.16
5635,2025-10-01,2,2,3,1,115.25,44.76,70.49
5636,2025-10-01,2,2,4,8,922.26,375.4,546.86
5637,2025-10-01,2,2,5,6,659.68,266.97,392.71
5638,2025-10-01,2,3,1,2,258.75,98.18,160.57
5639,2025-10-01,2,3,4,4,408.96,180.61,228.35
5640,2025-10-01,2,4,1,1,122.88,50.0,72.88
5641,2025-10-01,2,4,2,3,385.07,157.33,227.74
5642,2025-10-01,2,4,4,5,564.94,219.15,345.79
5643,2025-10-01,2,4,5,3,347.38,139.77,207.61
5644,2025-10-01,2,5,2,2,206.09,89.35,116.74
5645,2025-10-01,2,5,4,4,361.73,163.4,198.33
5646,2025-10-01,2,5,5,7,677.56,300.89,376.67
5647,2025-10-01,3,1,1,2,110.0,38.21,71.79
5648,2025-10-01,3,1,2,5,248.18,96.98,151.2
5649,2025-10-01,3,1,3,2,94.76,36.85,57.91
5650,2025-10-01,3,1,4,7,353.95,140.44,213.51
5651,2025-10-01,3,1,5,3,176.44,68.76,107.68
5652,2025-10-01,3,2,1,1,49.66,20.6,29.06
5653,2025-10-01,3,2,2,1,56.07,19.91,36.16
5654,2025-10-01,3,2,3,7,380.09,136.94,243.15
5655,2025-10-01,3,2,5,5,239.57,96.43,143.14
5656,2025-10-01,3,3,4,8,396.96,156.86,240.1
5657,2025-10-01,3,3,5,2,99.77,39.44,60.33
5658,2025-10-01,3,4,2,2,117.96,43.66,74.3
5659,2025-10-01,3,4,3,1,54.62,21.36,33.26
5660,2025-10-01,3,4,4,6,326.41,117.67,208.74
5661,2025-10-01,3,4,5,2,118.21,41.09,77.12
5662,2025-10-01,3,5,4,6,263.68,110.11,153.57
5663,2025-10-01,3,5,5,7,354.07,144.62,209.45
5664,2025-10-01,4,1,2,1,83.31,32.56,50.75
5665,2025-10-01,4,1,4,11,844.29,347.79,496.5
5666,2025-10-01,4,1,5,3,217.16,89.19,127.97
5667,2025-10-01,4,2,1,1,83.84,36.82,47.02
5668,2025-10-01,4,2,2,5,413.83,165.48,248.35
5669,2025-10-01,4,2,3,1,81.66,31.81,49.85
5670,2025-10-01,4,2,4,10,841.19,326.59,514.6
5671,2025-10-01,4,2,5,4,328.41,127.75,200.66
5672,2025-10-01,4,3,2,3,246.76,105.27,141.49
5673,2025-10-01,4,3,4,5,413.81,162.45,251.36
5674,2025-10-01,4,3,5,1,86.15,34.01,52.14
5675,2025-10-01,4,4,2,1,94.39,36.31,58.08
5676,2025-10-01,4,4,4,5,415.97,165.08,250.89
5677,2025-10-01,4,5,1,1,76.67,35.87,40.8
5678,2025-10-01,4,5,2,1,72.9,34.26,38.64
5679,2025-10-01,4,5,3,1,68.3,30.96,37.34
5680,2025-10-01,4,5,4,5,362.64,153.32,209.32
5681,2025-10-01,4,5,5,4,267.38,122.01,145.37
5682,2025-10-01,5,1,1,3,280.79,120.1,160.69
5683,2025-10-01,5,1,2,2,171.42,81.33,90.09
5684,2025-10-01,5,1,4,5,461.95,210.06,251.89
5685,2025-10-01,5,1,5,2,171.12,71.88,99.24
5686,2025-10-01,5,2,2,3,304.53,133.96,170.57
5687,2025-10-01,5,2,4,6,548.38,231.85,316.53
5688,2025-10-01,5,2,5,3,304.63,122.87,181.76
5689,2025-10-01,5,3,1,5,525.52,219.05,306.47
5690,2025-10-01,5,3,2,2,200.26,85.34,114.92
5691,2025-10-01,5,3,4,4,370.42,159.13,211.29
5692,2025-10-01,5,3,5,5,502.97,214.75,288.22
5693,2025-10-01,5,4,2,1,101.41,44.95,56.46
5694,2025-10-01,5,4,4,10,928.91,402.61,526.3
5695,2025-10-01,5,4,5,1,91.64,43.4,48.24
5696,2025-10-01,5,5,1,1,99.99,44.33,55.66
5697,2025-10-01,5,5,2,2,184.75,86.92,97.83
5698,2025-10-01,5,5,4,6,535.89,253.74,282.15
5699,2025-10-01,5,5,5,4,309.41,146.75,162.66
5700,2025-10-01,6,1,1,1,80.52,33.12,47.4
5701,2025-10-01,6,1,2,3,201.41,92.41,109.0
5702,2025-10-01,6,1,3,2,131.53,58.96,72.57
5703,2025-10-01,6,1,4,7,538.6,224.07,314.53
5704,2025-10-01,6,1,5,8,540.45,248.84,291.61
5705,2025-10-01,6,2,2,1,72.1,32.57,39.53
5706,2025-10-01,6,2,3,10,776.98,317.34,459.64
5707,2025-10-01,6,2,4,1,66.85,29.14,37.71
5708,2025-10-01,6,2,5,2,139.65,59.93,79.72
5709,2025-10-01,6,3,2,5,356.4,143.38,213.02
5710,2025-10-01,6,3,4,4,272.55,125.52,147.03
5711,2025-10-01,6,4,4,1,74.06,31.65,42.41
5712,2025-10-01,6,4,5,1,81.93,32.9,49.03
5713,2025-10-01,6,5,4,4,280.44,135.0,145.44
5714,2025-10-01,6,5,5,3,172.82,87.68,85.14
5715,2025-10-01,7,1,1,1,44.68,18.2,26.48
5716,2025-10-01,7,1,2,3,138.7,53.44,85.26
5717,2025-10-01,7,1,4,8,355.79,137.73,218.06
5718,2025-10-01,7,1,5,3,120.88,46.34,74.54
5719,2025-10-01,7,2,1,1,49.87,20.09,29.78
5720,2025-10-01,7,2,2,2,94.1,39.16,54.94
5721,2025-10-01,7,2,3,4,192.84,68.68,124.16
5722,2025-10-01,7,2,4,5,216.96,89.73,127.23
5723,2025-10-01,7,2,5,2,94.07,36.56,57.51
5724,2025-10-01,7,3,1,1,56.19,19.3,36.89
5725,2025-10-01,7,3,2,2,97.62,38.88,58.74
5726,2025-10-01,7,3,4,4,167.81,67.61,100.2
5727,2025-10-01,7,3,5,3,134.63,54.05,80.58
5728,2025-10-01,7,4,2,2,106.17,42.27,63.9
5729,2025-10-01,7,4,4,4,187.38,69.81,117.57
5730,2025-10-01,7,4,5,2,104.31,38.9,65.41
5731,2025-10-01,7,5,1,1,47.55,19.36,28.19
5732,2025-10-01,7,5,2,3,122.24,52.92,69.32
5733,2025-10-01,7,5,3,4,157.84,69.89,87.95
5734,2025-10-01,7,5,4,9,372.65,162.19,210.46
5735,2025-10-01,7,5,5,8,341.54,139.83,201.71
5736,2025-10-01,8,1,1,1,49.64,19.27,30.37
5737,2025-10-01,8,1,2,2,87.82,37.84,49.98
5738,2025-10-01,8,1,4,6,281.7,118.44,163.26
5739,2025-10-01,8,1,5,1,42.94,16.77,26.17
5740,2025-10-01,8,2,1,1,54.05,20.72,33.33
5741,2025-10-01,8,2,2,3,145.94,60.74,85.2
5742,2025-10-01,8,2,4,5,284.58,108.88,175.7
5743,2025-10-01,8,2,5,2,95.18,36.62,58.56
5744,2025-10-01,8,3,2,3,151.96,64.17,87.79
5745,2025-10-01,8,3,3,1,53.05,20.75,32.3
5746,2025-10-01,8,3,4,8,422.37,161.34,261.03
5747,2025-10-01,8,3,5,4,205.18,82.77,122.41
5748,2025-10-01,8,4,1,1,54.03,21.86,32.17
5749,2025-10-01,8,4,2,5,260.92,109.3,151.62
5750,2025-10-01,8,4,4,9,439.08,171.67,267.41
5751,2025-10-01,8,5,1,1,42.68,20.7,21.98
5752,2025-10-01,8,5,2,4,180.11,81.34,98.77
5753,2025-10-01,8,5,4,6,273.19,121.71,151.48
5754,2025-10-01,8,5,5,3,119.89,54.38,65.51
5755,2025-10-01,9,1,2,2,134.06,58.09,75.97
5756,2025-10-01,9,1,4,10,675.61,289.18,386.43
5757,2025-10-01,9,1,5,1,57.39,26.63,30.76
5758,2025-10-01,9,2,2,2,146.62,59.02,87.6
5759,2025-10-01,9,2,3,2,137.69,59.15,78.54
5760,2025-10-01,9,2,4,1,68.6,28.37,40.23
5761,2025-10-01,9,3,2,2,164.84,67.81,97.03
5762,2025-10-01,9,3,3,2,136.86,59.66,77.2
5763,2025-10-01,9,3,5,4,299.91,112.91,187.0
5764,2025-10-01,9,4,4,7,494.39,200.39,294.0
5765,2025-10-01,9,5,1,1,66.29,30.01,36.28
5766,2025-10-01,9,5,2,1,67.8,29.98,37.82
5767,2025-10-01,9,5,4,9,560.69,262.91,297.78
5768,2025-10-01,10,1,1,3,180.81,68.88,111.93
5769,2025-10-01,10,1,3,1,58.19,20.9,37.29
5770,2025-10-01,10,1,4,4,257.28,101.94,155.34
5771,2025-10-01,10,2,2,1,65.09,23.31,41.78
5772,2025-10-01,10,2,3,1,57.47,22.29,35.18
5773,2025-10-01,10,2,4,7,385.08,156.21,228.87
5774,2025-10-01,10,2,5,4,234.4,90.95,143.45
5775,2025-10-01,10,3,2,1,61.07,27.19,33.88
5776,2025-10-01,10,3,4,11,682.09,261.54,420.55
5777,2025-10-01,10,3,5,1,60.74,23.39,37.35
5778,2025-10-01,10,4,2,4,292.06,106.31,185.75
5779,2025-10-01,10,4,3,1,65.95,25.1,40.85
5780,2025-10-01,10,4,4,5,319.1,124.56,194.54
5781,2025-10-01,10,4,5,2,124.63,47.38,77.25
5782,2025-10-01,10,5,1,2,114.4,45.94,68.46
5783,2025-10-01,10,5,2,2,107.46,48.7,58.76
5784,2025-10-01,10,5,4,2,98.79,41.11,57.68
5785,2025-10-01,10,5,5,2,112.49,44.14,68.35
5786,2025-10-01,11,1,1,1,39.73,12.67,27.06
5787,2025-10-01,11,1,3,2,72.12,24.05,48.07
5788,2025-10-01,11,1,4,5,191.07,67.36,123.71
5789,2025-10-01,11,1,5,2,73.04,24.07,48.97
5790,2025-10-01,11,2,2,4,172.36,55.23,117.13
5791,2025-10-01,11,2,3,1,39.1,12.78,26.32
5792,2025-10-01,11,2,4,5,202.2,59.37,142.83
5793,2025-10-01,11,2,5,1,42.35,13.2,29.15
5794,2025-10-01,11,3,2,3,151.68,46.28,105.4
5795,2025-10-01,11,3,4,2,79.93,24.86,55.07
5796,2025-10-01,11,3,5,2,83.77,26.03,57.74
5797,2025-10-01,11,4,2,1,47.32,14.55,32.77
5798,2025-10-01,11,4,4,6,251.51,79.87,171.64
5799,2025-10-01,11,4,5,3,126.27,40.46,85.81
5800,2025-10-01,11,5,1,1,37.1,13.97,23.13
5801,2025-10-01,11,5,2,8,323.15,105.31,217.84
5802,2025-10-01,11,5,3,1,34.55,12.41,22.14
5803,2025-10-01,11,5,4,4,140.81,46.94,93.87
5804,2025-10-01,11,5,5,3,116.08,37.62,78.46
5805,2025-10-01,12,1,2,3,223.09,81.95,141.14
5806,2025-10-01,12,1,4,10,727.17,294.02,433.15
5807,2025-10-01,12,1,5,4,351.76,121.38,230.38
5808,2025-10-01,12,2,1,2,159.62,59.17,100.45
5809,2025-10-01,12,2,2,4,348.69,121.57,227.12
5810,2025-10-01,12,2,4,6,500.07,180.12,319.95
5811,2025-10-01,12,2,5,1,79.06,27.91,51.15
5812,2025-10-01,12,3,1,3,273.0,98.94,174.06
5813,2025-10-01,12,3,2,1,81.49,29.89,51.6
5814,2025-10-01,12,3,4,6,447.29,162.83,284.46
5815,2025-10-01,12,3,5,3,234.43,86.36,148.07
5816,2025-10-01,12,4,2,1,90.58,31.67,58.91
5817,2025-10-01,12,4,3,1,94.06,31.14,62.92
5818,2025-10-01,12,4,4,3,254.63,86.43,168.2
5819,2025-10-01,12,4,5,6,539.3,180.94,358.36
5820,2025-10-01,12,5,4,4,255.69,103.89,151.8
5821,2025-10-01,12,5,5,6,411.36,159.13,252.23
5822,2025-10-01,13,1,1,1,49.6,19.85,29.75
5823,2025-10-01,13,1,2,2,101.01,37.07,63.94
5824,2025-10-01,13,1,3,3,149.87,57.15,92.72
5825,2025-10-01,13,1,4,8,420.67,163.61,257.06
5826,2025-10-01,13,1,5,3,164.38,55.42,108.96
5827,2025-10-01,13,2,2,2,114.13,41.62,72.51
5828,2025-10-01,13,2,3,3,164.96,62.74,102.22
5829,2025-10-01,13,2,4,1,53.45,18.47,34.98
5830,2025-10-01,13,2,5,1,51.11,20.01,31.1
5831,2025-10-01,13,3,1,1,64.14,22.69,41.45
5832,2025-10-01,13,3,4,7,381.45,143.59,237.86
5833,2025-10-01,13,3,5,2,123.19,41.65,81.54
5834,2025-10-01,13,4,1,2,136.51,46.51,90.0
5835,2025-10-01,13,4,2,3,183.17,69.87,113.3
5836,2025-10-01,13,4,4,2,117.3,41.37,75.93
5837,2025-10-01,13,4,5,1,59.45,20.81,38.64
5838,2025-10-01,13,5,1,1,53.85,21.12,32.73
5839,2025-10-01,13,5,3,2,109.51,39.84,69.67
5840,2025-10-01,13,5,4,5,259.18,95.58,163.6
5841,2025-10-01,13,5,5,2,99.7,39.2,60.5
5842,2025-10-01,14,1,1,1,28.31,10.19,18.12
5843,2025-10-01,14,1,2,3,80.52,30.49,50.03
5844,2025-10-01,14,1,3,2,51.31,18.53,32.78
5845,2025-10-01,14,1,4,11,299.2,114.17,185.03
5846,2025-10-01,14,1,5,6,159.97,60.75,99.22
5847,2025-10-01,14,2,2,3,85.62,29.89,55.73
5848,2025-10-01,14,2,3,2,56.77,20.5,36.27
5849,2025-10-01,14,2,4,4,103.9,39.1,64.8
5850,2025-10-01,14,2,5,5,128.26,47.7,80.56
5851,2025-10-01,14,3,2,1,30.26,10.54,19.72
5852,2025-10-01,14,3,4,4,99.55,39.38,60.17
5853,2025-10-01,14,4,4,5,151.46,54.26,97.2
5854,2025-10-01,14,4,5,1,29.68,11.07,18.61
5855,2025-10-01,14,5,1,5,136.32,56.87,79.45
5856,2025-10-01,14,5,2,2,53.18,20.09,33.09
5857,2025-10-01,14,5,3,1,27.55,9.8,17.75
5858,2025-10-01,14,5,4,4,97.11,35.89,61.22
5859,2025-10-01,14,5,5,4,101.67,36.79,64.88
5860,2025-10-01,15,1,2,4,204.31,88.67,115.64
5861,2025-10-01,15,1,3,1,50.96,20.24,30.72
5862,2025-10-01,15,1,4,7,384.63,158.76,225.87
5863,2025-10-01,15,2,1,4,248.44,96.04,152.4
5864,2025-10-01,15,2,2,1,61.53,23.61,37.92
5865,2025-10-01,15,2,3,1,51.99,21.18,30.81
5866,2025-10-01,15,2,4,7,423.08,172.98,250.1
5867,2025-10-01,15,2,5,1,52.35,21.95,30.4
5868,2025-10-01,15,3,1,1,65.63,24.57,41.06
5869,2025-10-01,15,3,3,1,61.48,23.71,37.77
5870,2025-10-01,15,3,4,9,509.74,207.09,302.65
5871,2025-10-01,15,4,2,4,255.16,99.87,155.29
5872,2025-10-01,15,4,3,2,121.13,49.6,71.53
5873,2025-10-01,15,4,4,10,585.14,229.07,356.07
5874,2025-10-01,15,4,5,4,262.18,96.37,165.81
5875,2025-10-01,15,5,1,4,230.07,93.52,136.55
5876,2025-10-01,15,5,4,4,174.42,79.14,95.28
5877,2025-10-01,15,5,5,4,194.61,80.03,114.58
5878,2025-11-01,1,1,1,2,131.14,53.28,77.86
5879,2025-11-01,1,1,2,2,114.07,48.44,65.63
5880,2025-11-01,1,1,3,2,113.97,48.1,65.87
5881,2025-11-01,1,1,4,16,996.15,413.4,582.75
5882,2025-11-01,1,1,5,3,174.34,72.18,102.16
5883,2025-11-01,1,2,1,3,208.04,83.86,124.18
5884,2025-11-01,1,2,2,2,132.46,53.29,79.17
5885,2025-11-01,1,2,4,11,738.23,289.09,449.14
5886,2025-11-01,1,2,5,4,249.67,106.94,142.73
5887,2025-11-01,1,3,1,1,74.18,28.99,45.19
5888,2025-11-01,1,3,2,1,70.23,29.89,40.34
5889,2025-11-01,1,3,3,3,181.61,80.8,100.81
5890,2025-11-01,1,3,4,14,931.18,378.56,552.62
5891,2025-11-01,1,3,5,5,323.81,131.23,192.58
5892,2025-11-01,1,4,1,1,77.26,31.09,46.17
5893,2025-11-01,1,4,2,2,150.22,58.93,91.29
5894,2025-11-01,1,4,3,3,213.18,82.09,131.09
5895,2025-11-01,1,4,4,3,220.52,82.62,137.9
5896,2025-11-01,1,4,5,3,200.49,79.35,121.14
5897,2025-11-01,1,5,1,1,66.83,28.09,38.74
5898,2025-11-01,1,5,2,3,182.06,79.1,102.96
5899,2025-11-01,1,5,3,3,169.35,77.47,91.88
5900,2025-11-01,1,5,4,7,423.87,195.79,228.08
5901,2025-11-01,1,5,5,3,162.78,70.7,92.08
5902,2025-11-01,2,1,1,1,103.32,44.95,58.37
5903,2025-11-01,2,1,2,7,754.6,314.72,439.88
5904,2025-11-01,2,1,3,4,366.73,157.0,209.73
5905,2025-11-01,2,1,4,15,1596.93,665.97,930.96
5906,2025-11-01,2,1,5,8,851.78,347.23,504.55
5907,2025-11-01,2,2,1,2,244.37,92.27,152.1
5908,2025-11-01,2,2,2,2,230.42,92.18,138.24
5909,2025-11-01,2,2,4,14,1607.88,647.88,960.0
5910,2025-11-01,2,2,5,1,107.01,45.46,61.55
5911,2025-11-01,2,3,2,1,125.1,45.97,79.13
5912,2025-11-01,2,3,4,12,1361.49,545.37,816.12
5913,2025-11-01,2,3,5,8,922.19,376.87,545.32
5914,2025-11-01,2,4,2,2,261.65,103.99,157.66
5915,2025-11-01,2,4,4,5,581.37,231.57,349.8
5916,2025-11-01,2,4,5,4,463.98,185.85,278.13
5917,2025-11-01,2,5,1,1,104.19,47.15,57.04
5918,2025-11-01,2,5,2,3,289.05,134.27,154.78
5919,2025-11-01,2,5,4,6,654.62,277.84,376.78
5920,2025-11-01,2,5,5,1,98.45,43.92,54.53
5921,2025-11-01,3,1,1,3,156.77,59.52,97.25
5922,2025-11-01,3,1,2,1,47.14,19.69,27.45
5923,2025-11-01,3,1,3,1,45.02,17.36,27.66
5924,2025-11-01,3,1,4,10,525.95,208.83,317.12
5925,2025-11-01,3,1,5,6,294.7,123.79,170.91
5926,2025-11-01,3,2,2,6,320.36,124.22,196.14
5927,2025-11-01,3,2,4,9,453.52,178.17,275.35
5928,2025-11-01,3,2,5,5,236.28,92.61,143.67
5929,2025-11-01,3,3,2,2,109.51,42.48,67.03
5930,2025-11-01,3,3,3,1,57.68,21.81,35.87
5931,2025-11-01,3,3,4,6,300.02,111.39,188.63
5932,2025-11-01,3,3,5,2,103.36,42.12,61.24
5933,2025-11-01,3,4,3,4,222.0,87.39,134.61
5934,2025-11-01,3,4,4,8,426.01,164.69,261.32
5935,2025-11-01,3,5,1,2,101.87,41.09,60.78
5936,2025-11-01,3,5,2,5,236.85,99.8,137.05
5937,2025-11-01,3,5,3,2,92.57,38.71,53.86
5938,2025-11-01,3,5,4,4,173.71,73.39,100.32
5939,2025-11-01,3,5,5,1,46.42,18.08,28.34
5940,2025-11-01,4,1,1,3,261.75,96.33,165.42
5941,2025-11-01,4,1,2,7,530.12,217.8,312.32
5942,2025-11-01,4,1,3,4,283.76,118.44,165.32
5943,2025-11-01,4,1,4,2,150.18,59.6,90.58
5944,2025-11-01,4,1,5,6,513.75,200.42,313.33
5945,2025-11-01,4,2,1,2,174.18,74.72,99.46
5946,2025-11-01,4,2,2,4,334.03,141.38,192.65
5947,2025-11-01,4,2,4,12,937.03,383.31,553.72
5948,2025-11-01,4,2,5,13,1133.04,436.54,696.5
5949,2025-11-01,4,3,1,3,299.08,113.42,185.66
5950,2025-11-01,4,3,2,2,180.44,69.82,110.62
5951,2025-11-01,4,3,3,7,617.73,249.2,368.53
5952,2025-11-01,4,3,4,6,492.24,199.19,293.05
5953,2025-11-01,4,3,5,5,407.45,175.2,232.25
5954,2025-11-01,4,4,1,1,97.95,40.22,57.73
5955,2025-11-01,4,4,3,3,280.35,109.2,171.15
5956,2025-11-01,4,4,4,3,271.05,99.14,171.91
5957,2025-11-01,4,4,5,4,351.99,141.06,210.93
5958,2025-11-01,4,5,1,1,86.81,35.52,51.29
5959,2025-11-01,4,5,2,1,66.81,32.39,34.42
5960,2025-11-01,4,5,3,1,74.45,30.79,43.66
5961,2025-11-01,4,5,4,1,67.52,31.69,35.83
5962,2025-11-01,5,1,1,2,172.12,84.72,87.4
5963,2025-11-01,5,1,2,4,373.83,153.27,220.56
5964,2025-11-01,5,1,3,2,176.25,76.92,99.33
5965,2025-11-01,5,1,4,8,762.47,348.51,413.96
5966,2025-11-01,5,1,5,2,153.67,76.09,77.58
5967,2025-11-01,5,2,1,1,90.14,41.26,48.88
5968,2025-11-01,5,2,2,1,100.16,43.5,56.66
5969,2025-11-01,5,2,3,1,90.58,40.2,50.38
5970,2025-11-01,5,2,4,8,788.26,334.16,454.1
5971,2025-11-01,5,2,5,9,841.18,354.42,486.76
5972,2025-11-01,5,3,1,1,118.55,48.12,70.43
5973,2025-11-01,5,3,3,1,98.64,42.68,55.96
5974,2025-11-01,5,3,4,8,823.86,351.07,472.79
5975,2025-11-01,5,3,5,2,172.8,78.48,94.32
5976,2025-11-01,5,4,2,1,109.25,48.21,61.04
5977,2025-11-01,5,4,4,2,189.66,81.47,108.19
5978,2025-11-01,5,5,2,3,273.85,122.76,151.09
5979,2025-11-01,5,5,4,4,305.67,152.79,152.88
5980,2025-11-01,5,5,5,2,173.1,73.16,99.94
5981,2025-11-01,6,1,1,6,444.01,192.1,251.91
5982,2025-11-01,6,1,2,3,235.59,93.89,141.7
5983,2025-11-01,6,1,4,7,492.39,211.18,281.21
5984,2025-11-01,6,1,5,5,326.71,143.42,183.29
5985,2025-11-01,6,2,3,1,70.54,32.15,38.39
5986,2025-11-01,6,2,4,15,1089.91,486.03,603.88
5987,2025-11-01,6,2,5,7,529.09,224.96,304.13
5988,2025-11-01,6,3,1,1,87.67,35.95,51.72
5989,2025-11-01,6,3,2,3,234.62,102.41,132.21
5990,2025-11-01,6,3,4,5,370.11,158.74,211.37
5991,2025-11-01,6,3,5,3,251.58,102.9,148.68
5992,2025-11-01,6,4,2,1,85.62,36.62,49.0
5993,2025-11-01,6,4,4,6,443.22,183.92,259.3
5994,2025-11-01,6,4,5,3,223.24,97.62,125.62
5995,2025-11-01,6,5,1,1,68.87,32.3,36.57
5996,2025-11-01,6,5,2,2,144.54,64.76,79.78
5997,2025-11-01,6,5,3,2,128.47,58.52,69.95
5998,2025-11-01,6,5,4,3,180.29,84.1,96.19
5999,2025-11-01,7,1,1,1,47.04,17.23,29.81
6000,2025-11-01,7,1,2,11,496.05,200.2,295.85
6001,2025-11-01,7,1,3,5,249.85,98.95,150.9
6002,2025-11-01,7,1,4,11,508.29,210.29,298.0
6003,2025-11-01,7,1,5,5,235.92,98.68,137.24
6004,2025-11-01,7,2,2,1,47.01,18.91,28.1
6005,2025-11-01,7,2,3,2,87.2,38.28,48.92
6006,2025-11-01,7,2,4,6,266.72,103.28,163.44
6007,2025-11-01,7,2,5,7,313.79,120.0,193.79
6008,2025-11-01,7,3,1,1,51.77,19.66,32.11
6009,2025-11-01,7,3,2,2,97.07,39.02,58.05
6010,2025-11-01,7,3,3,2,90.24,36.72,53.52
6011,2025-11-01,7,3,4,10,504.22,195.69,308.53
6012,2025-11-01,7,4,1,3,151.57,62.12,89.45
6013,2025-11-01,7,4,2,6,279.12,107.14,171.98
6014,2025-11-01,7,4,4,5,234.05,92.42,141.63
6015,2025-11-01,7,4,5,3,153.48,59.68,93.8
6016,2025-11-01,7,5,2,5,226.6,95.36,131.24
6017,2025-11-01,7,5,4,3,122.52,50.94,71.58
6018,2025-11-01,7,5,5,2,81.66,34.08,47.58
6019,2025-11-01,8,1,1,3,145.65,59.64,86.01
6020,2025-11-01,8,1,2,6,263.37,108.83,154.54
6021,2025-11-01,8,1,3,2,83.75,34.59,49.16
6022,2025-11-01,8,1,4,15,732.22,297.01,435.21
6023,2025-11-01,8,1,5,6,317.21,129.01,188.2
6024,2025-11-01,8,2,2,3,158.78,60.71,98.07
6025,2025-11-01,8,2,3,7,344.47,133.03,211.44
6026,2025-11-01,8,2,4,11,554.55,214.96,339.59
6027,2025-11-01,8,2,5,4,195.8,77.8,118.0
6028,2025-11-01,8,3,1,2,108.41,46.34,62.07
6029,2025-11-01,8,3,2,2,107.64,41.61,66.03
6030,2025-11-01,8,3,4,6,294.78,118.79,175.99
6031,2025-11-01,8,3,5,5,246.47,101.27,145.2
6032,2025-11-01,8,4,2,1,55.57,22.13,33.44
6033,2025-11-01,8,4,3,7,334.54,130.3,204.24
6034,2025-11-01,8,4,4,3,153.77,61.35,92.42
6035,2025-11-01,8,4,5,1,50.85,19.88,30.97
6036,2025-11-01,8,5,2,2,95.51,38.39,57.12
6037,2025-11-01,8,5,4,8,363.51,157.19,206.32
6038,2025-11-01,8,5,5,2,83.37,38.2,45.17
6039,2025-11-01,9,1,1,3,212.79,85.56,127.23
6040,2025-11-01,9,1,2,4,260.45,112.96,147.49
6041,2025-11-01,9,1,3,1,57.62,26.66,30.96
6042,2025-11-01,9,1,4,13,915.49,382.62,532.87
6043,2025-11-01,9,1,5,3,237.75,100.45,137.3
6044,2025-11-01,9,2,1,1,78.34,30.11,48.23
6045,2025-11-01,9,2,2,3,222.54,90.0,132.54
6046,2025-11-01,9,2,3,3,216.31,86.4,129.91
6047,2025-11-01,9,2,4,16,1108.67,447.92,660.75
6048,2025-11-01,9,2,5,2,141.06,58.06,83.0
6049,2025-11-01,9,3,1,1,71.96,34.6,37.36
6050,2025-11-01,9,3,3,5,382.32,145.74,236.58
6051,2025-11-01,9,3,4,6,406.8,174.54,232.26
6052,2025-11-01,9,3,5,1,70.19,29.43,40.76
6053,2025-11-01,9,4,1,3,240.97,96.91,144.06
6054,2025-11-01,9,4,3,2,162.13,63.8,98.33
6055,2025-11-01,9,4,4,3,224.3,90.65,133.65
6056,2025-11-01,9,4,5,2,150.21,61.22,88.99
6057,2025-11-01,9,5,2,3,197.12,91.59,105.53
6058,2025-11-01,9,5,4,6,406.04,181.89,224.15
6059,2025-11-01,9,5,5,3,183.63,79.5,104.13
6060,2025-11-01,10,1,1,6,355.01,131.78,223.23
6061,2025-11-01,10,1,2,2,115.19,43.83,71.36
6062,2025-11-01,10,1,3,2,99.87,44.25,55.62
6063,2025-11-01,10,1,4,2,98.9,41.86,57.04
6064,2025-11-01,10,1,5,5,338.41,128.82,209.59
6065,2025-11-01,10,2,1,2,131.72,52.17,79.55
6066,2025-11-01,10,2,2,5,307.0,118.27,188.73
6067,2025-11-01,10,2,3,4,240.59,93.36,147.23
6068,2025-11-01,10,2,4,9,578.73,224.56,354.17
6069,2025-11-01,10,2,5,1,56.15,22.88,33.27
6070,2025-11-01,10,3,1,1,77.59,26.8,50.79
6071,2025-11-01,10,3,2,1,66.53,25.01,41.52
6072,2025-11-01,10,3,3,2,127.82,49.82,78.0
6073,2025-11-01,10,3,4,4,249.75,97.16,152.59
6074,2025-11-01,10,3,5,3,189.44,74.89,114.55
6075,2025-11-01,10,4,1,1,73.34,26.78,46.56
6076,2025-11-01,10,4,4,3,181.14,71.7,109.44
6077,2025-11-01,10,5,1,1,51.12,25.3,25.82
6078,2025-11-01,10,5,2,4,232.81,98.97,133.84
6079,2025-11-01,10,5,4,4,183.17,86.39,96.78
6080,2025-11-01,11,1,1,2,73.31,26.16,47.15
6081,2025-11-01,11,1,2,3,130.11,39.94,90.17
6082,2025-11-01,11,1,3,2,72.88,25.88,47.0
6083,2025-11-01,11,1,4,9,349.49,116.73,232.76
6084,2025-11-01,11,1,5,5,183.25,63.11,120.14
6085,2025-11-01,11,2,1,3,147.48,44.56,102.92
6086,2025-11-01,11,2,3,1,42.16,13.22,28.94
6087,2025-11-01,11,2,4,19,823.36,257.7,565.66
6088,2025-11-01,11,2,5,5,203.45,64.86,138.59
6089,2025-11-01,11,3,1,1,45.18,15.09,30.09
6090,2025-11-01,11,3,2,1,42.55,14.79,27.76
6091,2025-11-01,11,3,3,3,137.99,44.06,93.93
6092,2025-11-01,11,3,4,5,219.09,66.86,152.23
6093,2025-11-01,11,3,5,2,77.4,25.98,51.42
6094,2025-11-01,11,4,2,3,146.57,44.99,101.58
6095,2025-11-01,11,4,3,1,46.26,13.47,32.79
6096,2025-11-01,11,4,4,6,267.1,82.8,184.3
6097,2025-11-01,11,4,5,1,47.52,14.51,33.01
6098,2025-11-01,11,5,2,1,38.7,13.06,25.64
6099,2025-11-01,11,5,4,12,465.46,168.04,297.42
6100,2025-11-01,11,5,5,4,137.07,51.34,85.73
6101,2025-11-01,12,1,1,4,284.23,113.07,171.16
6102,2025-11-01,12,1,2,6,465.55,166.94,298.61
6103,2025-11-01,12,1,3,4,347.26,126.65,220.61
6104,2025-11-01,12,1,4,8,657.9,236.75,421.15
6105,2025-11-01,12,1,5,5,421.45,157.63,263.82
6106,2025-11-01,12,2,2,2,170.21,56.19,114.02
6107,2025-11-01,12,2,4,15,1189.25,436.9,752.35
6108,2025-11-01,12,2,5,4,291.69,109.06,182.63
6109,2025-11-01,12,3,2,8,606.46,222.52,383.94
6110,2025-11-01,12,3,3,1,84.47,28.55,55.92
6111,2025-11-01,12,3,4,4,310.33,114.67,195.66
6112,2025-11-01,12,3,5,3,255.5,87.85,167.65
6113,2025-11-01,12,4,1,2,200.03,66.0,134.03
6114,2025-11-01,12,4,2,2,173.48,60.95,112.53
6115,2025-11-01,12,4,3,3,272.19,94.28,177.91
6116,2025-11-01,12,4,4,5,389.9,142.71,247.19
6117,2025-11-01,12,5,1,2,150.72,60.89,89.83
6118,2025-11-01,12,5,2,3,224.14,90.13,134.01
6119,2025-11-01,12,5,3,3,212.03,81.14,130.89
6120,2025-11-01,12,5,4,4,286.18,110.53,175.65
6121,2025-11-01,12,5,5,7,453.83,195.34,258.49
6122,2025-11-01,13,1,1,1,56.67,20.89,35.78
6123,2025-11-01,13,1,2,1,56.55,19.61,36.94
6124,2025-11-01,13,1,3,1,52.2,19.09,33.11
6125,2025-11-01,13,1,4,4,195.43,73.0,122.43
6126,2025-11-01,13,1,5,6,331.13,130.01,201.12
6127,2025-11-01,13,2,1,5,307.71,112.35,195.36
6128,2025-11-01,13,2,2,3,176.94,67.77,109.17
6129,2025-11-01,13,2,3,5,270.37,95.97,174.4
6130,2025-11-01,13,2,4,7,381.69,138.49,243.2
6131,2025-11-01,13,2,5,5,280.48,100.11,180.37
6132,2025-11-01,13,3,1,1,60.62,21.83,38.79
6133,2025-11-01,13,3,3,2,108.87,42.23,66.64
6134,2025-11-01,13,3,4,11,620.14,225.66,394.48
6135,2025-11-01,13,3,5,2,112.34,41.95,70.39
6136,2025-11-01,13,4,1,2,131.73,46.55,85.18
6137,2025-11-01,13,4,2,1,63.26,21.91,41.35
6138,2025-11-01,13,4,3,1,63.64,21.24,42.4
6139,2025-11-01,13,4,4,3,179.3,63.74,115.56
6140,2025-11-01,13,4,5,5,287.34,107.0,180.34
6141,2025-11-01,13,5,2,2,105.04,42.69,62.35
6142,2025-11-01,13,5,4,5,230.99,90.86,140.13
6143,2025-11-01,13,5,5,2,101.93,39.62,62.31
6144,2025-11-01,14,1,1,3,78.16,30.26,47.9
6145,2025-11-01,14,1,2,2,50.53,19.28,31.25
6146,2025-11-01,14,1,3,2,52.6,19.13,33.47
6147,2025-11-01,14,1,4,5,127.34,51.14,76.2
6148,2025-11-01,14,1,5,6,173.83,65.05,108.78
6149,2025-11-01,14,2,1,1,26.42,10.3,16.12
6150,2025-11-01,14,2,2,1,28.61,10.12,18.49
6151,2025-11-01,14,2,3,2,52.09,19.26,32.83
6152,2025-11-01,14,2,4,10,280.94,103.13,177.81
6153,2025-11-01,14,2,5,4,115.0,40.19,74.81
6154,2025-11-01,14,3,2,4,128.23,44.8,83.43
6155,2025-11-01,14,3,3,5,136.21,53.98,82.23
6156,2025-11-01,14,3,4,7,187.76,71.0,116.76
6157,2025-11-01,14,3,5,6,179.16,61.53,117.63
6158,2025-11-01,14,4,2,3,100.19,35.93,64.26
6159,2025-11-01,14,4,4,6,180.01,63.83,116.18
6160,2025-11-01,14,4,5,1,30.76,10.08,20.68
6161,2025-11-01,14,5,1,2,51.67,21.23,30.44
6162,2025-11-01,14,5,2,1,23.77,9.93,13.84
6163,2025-11-01,14,5,3,2,54.52,19.99,34.53
6164,2025-11-01,14,5,4,5,138.21,54.62,83.59
6165,2025-11-01,14,5,5,5,123.43,46.33,77.1
6166,2025-11-01,15,1,1,1,47.0,21.64,25.36
6167,2025-11-01,15,1,2,10,570.76,236.4,334.36
6168,2025-11-01,15,1,3,3,139.73,61.21,78.52
6169,2025-11-01,15,1,4,9,482.62,194.46,288.16
6170,2025-11-01,15,1,5,6,323.45,139.38,184.07
6171,2025-11-01,15,2,1,3,173.51,69.25,104.26
6172,2025-11-01,15,2,2,2,111.11,47.59,63.52
6173,2025-11-01,15,2,3,1,54.44,22.24,32.2
6174,2025-11-01,15,2,4,12,687.29,268.45,418.84
6175,2025-11-01,15,2,5,1,54.84,22.18,32.66
6176,2025-11-01,15,3,1,2,123.13,48.31,74.82
6177,2025-11-01,15,3,2,1,59.53,24.35,35.18
6178,2025-11-01,15,3,3,1,56.09,23.55,32.54
6179,2025-11-01,15,3,4,9,514.24,202.89,311.35
6180,2025-11-01,15,3,5,3,182.65,69.61,113.04
6181,2025-11-01,15,4,1,1,68.12,26.62,41.5
6182,2025-11-01,15,4,4,11,631.08,245.41,385.67
6183,2025-11-01,15,4,5,2,117.16,46.18,70.98
6184,2025-11-01,15,5,1,1,55.51,22.99,32.52
6185,2025-11-01,15,5,2,7,367.09,165.34,201.75
6186,2025-11-01,15,5,4,5,289.83,117.75,172.08
6187,2025-11-01,15,5,5,1,42.45,20.0,22.45
6188,2025-12-01,1,1,1,2,118.15,53.23,64.92
6189,2025-12-01,1,1,2,9,631.26,247.41,383.85
6190,2025-12-01,1,1,3,5,255.19,120.58,134.61
6191,2025-12-01,1,1,4,11,672.93,283.98,388.95
6192,2025-12-01,1,1,5,8,520.46,213.19,307.27
6193,2025-12-01,1,2,1,2,147.67,58.24,89.43
6194,2025-12-01,1,2,2,6,411.8,161.95,249.85
6195,2025-12-01,1,2,3,1,64.3,26.39,37.91
6196,2025-12-01,1,2,4,8,527.37,217.62,309.75
6197,2025-12-01,1,2,5,8,490.71,201.27,289.44
6198,2025-12-01,1,3,1,2,155.25,60.25,95.0
6199,2025-12-01,1,3,2,1,71.66,28.06,43.6
6200,2025-12-01,1,3,3,4,263.3,108.27,155.03
6201,2025-12-01,1,3,4,6,385.42,154.77,230.65
6202,2025-12-01,1,3,5,6,392.13,161.91,230.22
6203,2025-12-01,1,4,4,4,261.84,105.2,156.64
6204,2025-12-01,1,5,1,1,61.75,28.01,33.74
6205,2025-12-01,1,5,2,1,61.48,27.7,33.78
6206,2025-12-01,1,5,4,9,509.78,232.73,277.05
6207,2025-12-01,1,5,5,4,218.14,97.35,120.79
6208,2025-12-01,2,1,1,1,109.29,47.28,62.01
6209,2025-12-01,2,1,2,11,1211.1,490.3,720.8
6210,2025-12-01,2,1,3,5,569.4,243.04,326.36
6211,2025-12-01,2,1,4,4,479.09,201.14,277.95
6212,2025-12-01,2,1,5,1,88.98,38.28,50.7
6213,2025-12-01,2,2,2,8,924.31,389.25,535.06
6214,2025-12-01,2,2,3,4,449.68,177.52,272.16
6215,2025-12-01,2,2,4,7,744.62,307.98,436.64
6216,2025-12-01,2,2,5,5,534.0,229.3,304.7
6217,2025-12-01,2,3,2,3,372.7,152.65,220.05
6218,2025-12-01,2,3,3,1,109.9,46.96,62.94
6219,2025-12-01,2,3,4,8,869.5,371.44,498.06
6220,2025-12-01,2,3,5,4,453.42,184.03,269.39
6221,2025-12-01,2,4,2,2,242.75,100.07,142.68
6222,2025-12-01,2,4,4,8,948.87,378.28,570.59
6223,2025-12-01,2,4,5,3,351.41,140.02,211.39
6224,2025-12-01,2,5,1,4,450.97,196.12,254.85
6225,2025-12-01,2,5,2,1,99.79,44.27,55.52
6226,2025-12-01,2,5,3,2,185.18,87.6,97.58
6227,2025-12-01,2,5,4,5,589.0,238.93,350.07
6228,2025-12-01,2,5,5,1,102.37,43.39,58.98
6229,2025-12-01,3,1,1,3,145.45,60.11,85.34
6230,2025-12-01,3,1,2,8,385.76,154.0,231.76
6231,2025-12-01,3,1,3,5,276.54,104.83,171.71
6232,2025-12-01,3,1,4,17,868.1,339.23,528.87
6233,2025-12-01,3,1,5,3,164.3,68.0,96.3
6234,2025-12-01,3,2,2,8,423.97,171.46,252.51
6235,2025-12-01,3,2,3,1,46.49,20.14,26.35
6236,2025-12-01,3,2,4,7,339.97,130.79,209.18
6237,2025-12-01,3,2,5,2,104.29,37.65,66.64
6238,2025-12-01,3,3,1,2,119.02,44.85,74.17
6239,2025-12-01,3,3,2,6,321.74,126.08,195.66
6240,2025-12-01,3,3,3,2,106.22,41.64,64.58
6241,2025-12-01,3,3,4,3,145.23,56.9,88.33
6242,2025-12-01,3,3,5,4,218.88,82.78,136.1
6243,2025-12-01,3,4,2,8,422.81,158.0,264.81
6244,2025-12-01,3,4,4,6,297.63,114.88,182.75
6245,2025-12-01,3,4,5,2,115.38,43.08,72.3
6246,2025-12-01,3,5,2,3,144.22,60.85,83.37
6247,2025-12-01,3,5,3,6,326.26,130.58,195.68
6248,2025-12-01,3,5,4,12,592.88,242.98,349.9
6249,2025-12-01,3,5,5,2,85.59,36.37,49.22
6250,2025-12-01,4,1,1,2,175.88,68.47,107.41
6251,2025-12-01,4,1,2,6,457.25,185.71,271.54
6252,2025-12-01,4,1,3,2,143.96,61.69,82.27
6253,2025-12-01,4,1,4,9,770.18,315.92,454.26
6254,2025-12-01,4,1,5,6,562.9,212.83,350.07
6255,2025-12-01,4,2,1,2,188.25,68.6,119.65
6256,2025-12-01,4,2,2,3,259.58,101.12,158.46
6257,2025-12-01,4,2,3,1,76.93,33.3,43.63
6258,2025-12-01,4,2,4,8,637.62,253.27,384.35
6259,2025-12-01,4,2,5,3,237.92,94.2,143.72
6260,2025-12-01,4,3,1,3,294.1,112.94,181.16
6261,2025-12-01,4,3,2,2,167.7,70.52,97.18
6262,2025-12-01,4,3,3,2,176.71,70.87,105.84
6263,2025-12-01,4,3,4,12,1034.75,409.31,625.44
6264,2025-12-01,4,3,5,2,164.52,65.83,98.69
6265,2025-12-01,4,4,1,1,106.67,38.54,68.13
6266,2025-12-01,4,4,2,1,87.9,36.84,51.06
6267,2025-12-01,4,4,3,2,192.21,74.9,117.31
6268,2025-12-01,4,4,4,8,677.42,258.42,419.0
6269,2025-12-01,4,5,2,4,342.52,141.65,200.87
6270,2025-12-01,4,5,4,9,695.37,315.27,380.1
6271,2025-12-01,5,1,1,2,186.94,81.86,105.08
6272,2025-12-01,5,1,2,6,490.09,234.14,255.95
6273,2025-12-01,5,1,3,1,79.57,38.21,41.36
6274,2025-12-01,5,1,4,7,680.89,294.96,385.93
6275,2025-12-01,5,1,5,7,690.59,297.54,393.05
6276,2025-12-01,5,2,1,2,200.51,85.72,114.79
6277,2025-12-01,5,2,2,8,786.3,352.3,434.0
6278,2025-12-01,5,2,3,2,191.89,78.72,113.17
6279,2025-12-01,5,2,4,11,1051.57,448.1,603.47
6280,2025-12-01,5,2,5,4,365.68,162.63,203.05
6281,2025-12-01,5,3,2,10,894.54,394.61,499.93
6282,2025-12-01,5,3,3,3,273.06,131.74,141.32
6283,2025-12-01,5,3,4,9,830.23,362.88,467.35
6284,2025-12-01,5,3,5,3,291.71,130.72,160.99
6285,2025-12-01,5,4,2,5,503.97,222.14,281.83
6286,2025-12-01,5,4,3,3,293.67,130.82,162.85
6287,2025-12-01,5,4,4,4,389.49,169.37,220.12
6288,2025-12-01,5,4,5,2,187.71,84.15,103.56
6289,2025-12-01,5,5,2,3,294.28,125.42,168.86
6290,2025-12-01,5,5,3,1,78.32,36.69,41.63
6291,2025-12-01,5,5,4,6,537.9,247.92,289.98
6292,2025-12-01,5,5,5,5,383.18,187.04,196.14
6293,2025-12-01,6,1,1,1,73.17,30.73,42.44
6294,2025-12-01,6,1,2,3,189.49,89.3,100.19
6295,2025-12-01,6,1,3,1,64.08,31.04,33.04
6296,2025-12-01,6,1,4,7,470.55,215.75,254.8
6297,2025-12-01,6,1,5,3,249.36,113.9,135.46
6298,2025-12-01,6,2,1,2,158.48,69.79,88.69
6299,2025-12-01,6,2,2,5,385.46,168.91,216.55
6300,2025-12-01,6,2,4,7,531.25,231.14,300.11
6301,2025-12-01,6,3,2,1,91.32,35.81,55.51
6302,2025-12-01,6,3,3,3,230.23,101.91,128.32
6303,2025-12-01,6,3,4,7,529.08,213.61,315.47
6304,2025-12-01,6,3,5,4,322.04,135.04,187.0
6305,2025-12-01,6,4,1,2,182.78,75.41,107.37
6306,2025-12-01,6,4,4,5,394.58,168.18,226.4
6307,2025-12-01,6,5,1,1,61.23,33.93,27.3
6308,2025-12-01,6,5,2,4,276.92,124.66,152.26
6309,2025-12-01,6,5,3,1,65.11,30.12,34.99
6310,2025-12-01,6,5,4,8,565.34,259.68,305.66
6311,2025-12-01,7,1,1,4,192.95,75.68,117.27
6312,2025-12-01,7,1,2,12,547.7,225.39,322.31
6313,2025-12-01,7,1,3,4,163.87,64.82,99.05
6314,2025-12-01,7,1,4,19,815.68,342.37,473.31
6315,2025-12-01,7,1,5,1,41.41,16.06,25.35
6316,2025-12-01,7,2,1,4,198.86,77.48,121.38
6317,2025-12-01,7,2,2,3,144.68,57.41,87.27
6318,2025-12-01,7,2,4,15,742.83,286.91,455.92
6319,2025-12-01,7,2,5,8,344.15,144.82,199.33
6320,2025-12-01,7,3,1,4,214.94,79.93,135.01
6321,2025-12-01,7,3,2,1,49.96,20.56,29.4
6322,2025-12-01,7,3,3,3,140.32,57.53,82.79
6323,2025-12-01,7,3,4,5,232.08,86.86,145.22
6324,2025-12-01,7,3,5,3,147.42,59.32,88.1
6325,2025-12-01,7,4,2,2,106.61,41.02,65.59
6326,2025-12-01,7,4,3,1,55.67,19.74,35.93
6327,2025-12-01,7,4,4,5,226.35,89.38,136.97
6328,2025-12-01,7,5,2,3,125.67,55.01,70.66
6329,2025-12-01,7,5,3,1,37.94,17.81,20.13
6330,2025-12-01,7,5,4,6,288.9,116.25,172.65
6331,2025-12-01,8,1,1,4,204.07,77.24,126.83
6332,2025-12-01,8,1,2,5,227.49,93.37,134.12
6333,2025-12-01,8,1,3,5,258.36,107.96,150.4
6334,2025-12-01,8,1,4,16,768.68,323.74,444.94
6335,2025-12-01,8,1,5,7,345.39,140.43,204.96
6336,2025-12-01,8,2,2,3,154.78,64.62,90.16
6337,2025-12-01,8,2,3,1,48.39,20.14,28.25
6338,2025-12-01,8,2,4,7,374.98,150.57,224.41
6339,2025-12-01,8,2,5,8,397.21,156.34,240.87
6340,2025-12-01,8,3,2,15,749.99,297.7,452.29
6341,2025-12-01,8,3,3,2,103.98,40.13,63.85
6342,2025-12-01,8,3,4,7,324.09,135.66,188.43
6343,2025-12-01,8,3,5,9,445.26,177.19,268.07
6344,2025-12-01,8,4,2,1,61.32,22.39,38.93
6345,2025-12-01,8,4,3,2,106.73,42.75,63.98
6346,2025-12-01,8,4,4,6,303.6,121.37,182.23
6347,2025-12-01,8,4,5,1,54.49,19.97,34.52
6348,2025-12-01,8,5,2,1,47.32,19.29,28.03
6349,2025-12-01,8,5,3,5,222.46,94.57,127.89
6350,2025-12-01,8,5,4,8,358.06,161.97,196.09
6351,2025-12-01,8,5,5,1,39.67,18.66,21.01
6352,2025-12-01,9,1,1,4,254.59,111.97,142.62
6353,2025-12-01,9,1,2,6,377.51,162.78,214.73
6354,2025-12-01,9,1,3,4,267.65,107.43,160.22
6355,2025-12-01,9,1,4,6,437.13,174.61,262.52
6356,2025-12-01,9,1,5,3,176.13,79.09,97.04
6357,2025-12-01,9,2,1,1,73.64,30.87,42.77
6358,2025-12-01,9,2,2,2,149.82,57.87,91.95
6359,2025-12-01,9,2,3,4,288.47,115.78,172.69
6360,2025-12-01,9,2,4,6,393.59,162.23,231.36
6361,2025-12-01,9,2,5,6,405.35,171.03,234.32
6362,2025-12-01,9,3,1,2,156.2,64.93,91.27
6363,2025-12-01,9,3,2,2,154.11,64.64,89.47
6364,2025-12-01,9,3,4,7,491.44,200.28,291.16
6365,2025-12-01,9,3,5,3,222.67,85.91,136.76
6366,2025-12-01,9,4,2,1,76.31,31.88,44.43
6367,2025-12-01,9,4,3,2,155.73,62.83,92.9
6368,2025-12-01,9,4,4,2,145.97,60.41,85.56
6369,2025-12-01,9,4,5,1,79.52,29.51,50.01
6370,2025-12-01,9,5,1,1,70.9,30.46,40.44
6371,2025-12-01,9,5,2,2,122.32,56.72,65.6
6372,2025-12-01,9,5,4,6,373.69,163.12,210.57
6373,2025-12-01,9,5,5,2,113.8,52.95,60.85
6374,2025-12-01,10,1,1,2,119.22,46.97,72.25
6375,2025-12-01,10,1,2,5,291.09,111.69,179.4
6376,2025-12-01,10,1,3,2,107.97,44.74,63.23
6377,2025-12-01,10,1,4,12,723.14,294.78,428.36
6378,2025-12-01,10,1,5,5,317.17,124.84,192.33
6379,2025-12-01,10,2,2,2,130.33,51.78,78.55
6380,2025-12-01,10,2,4,8,500.56,199.06,301.5
6381,2025-12-01,10,2,5,3,172.59,67.92,104.67
6382,2025-12-01,10,3,2,1,62.92,25.05,37.87
6383,2025-12-01,10,3,3,2,126.32,48.75,77.57
6384,2025-12-01,10,3,4,3,170.85,68.93,101.92
6385,2025-12-01,10,3,5,1,61.34,24.28,37.06
6386,2025-12-01,10,4,2,1,67.92,26.38,41.54
6387,2025-12-01,10,4,4,7,474.18,173.96,300.22
6388,2025-12-01,10,4,5,4,267.42,100.92,166.5
6389,2025-12-01,10,5,1,5,293.35,118.06,175.29
6390,2025-12-01,10,5,2,3,184.94,74.81,110.13
6391,2025-12-01,10,5,4,7,448.97,174.08,274.89
6392,2025-12-01,11,1,1,6,236.76,76.58,160.18
6393,2025-12-01,11,1,2,2,78.54,26.21,52.33
6394,2025-12-01,11,1,3,1,40.88,12.67,28.21
6395,2025-12-01,11,1,4,11,457.08,153.36,303.72
6396,2025-12-01,11,1,5,5,208.05,72.01,136.04
6397,2025-12-01,11,2,1,2,91.6,28.27,63.33
6398,2025-12-01,11,2,2,1,44.14,14.22,29.92
6399,2025-12-01,11,2,4,12,498.63,158.78,339.85
6400,2025-12-01,11,2,5,8,308.64,102.11,206.53
6401,2025-12-01,11,3,3,2,89.06,28.83,60.23
6402,2025-12-01,11,3,4,5,209.75,67.7,142.05
6403,2025-12-01,11,3,5,2,85.75,28.13,57.62
6404,2025-12-01,11,4,1,3,155.84,46.34,109.5
6405,2025-12-01,11,4,2,3,152.6,47.08,105.52
6406,2025-12-01,11,4,3,3,137.27,42.24,95.03
6407,2025-12-01,11,4,4,6,249.99,77.72,172.27
6408,2025-12-01,11,5,1,4,161.62,56.73,104.89
6409,2025-12-01,11,5,2,3,112.07,40.1,71.97
6410,2025-12-01,11,5,4,15,564.42,195.59,368.83
6411,2025-12-01,11,5,5,3,123.02,39.22,83.8
6412,2025-12-01,12,1,1,4,302.0,111.56,190.44
6413,2025-12-01,12,1,2,6,463.96,162.35,301.61
6414,2025-12-01,12,1,3,2,137.18,50.12,87.06
6415,2025-12-01,12,1,4,9,735.21,265.03,470.18
6416,2025-12-01,12,1,5,5,425.26,158.53,266.73
6417,2025-12-01,12,2,2,2,173.29,60.09,113.2
6418,2025-12-01,12,2,3,2,160.81,57.86,102.95
6419,2025-12-01,12,2,4,6,502.76,180.06,322.7
6420,2025-12-01,12,2,5,5,403.47,137.93,265.54
6421,2025-12-01,12,3,1,2,185.46,62.42,123.04
6422,2025-12-01,12,3,2,9,686.26,251.36,434.9
6423,2025-12-01,12,3,3,4,311.95,117.22,194.73
6424,2025-12-01,12,3,4,6,463.76,165.88,297.88
6425,2025-12-01,12,3,5,5,393.22,152.51,240.71
6426,2025-12-01,12,4,2,3,304.82,98.63,206.19
6427,2025-12-01,12,4,3,1,92.28,32.12,60.16
6428,2025-12-01,12,4,4,4,313.38,114.6,198.78
6429,2025-12-01,12,4,5,6,514.67,178.99,335.68
6430,2025-12-01,12,5,1,2,173.83,62.59,111.24
6431,2025-12-01,12,5,3,1,74.55,27.58,46.97
6432,2025-12-01,12,5,4,12,851.42,330.54,520.88
6433,2025-12-01,12,5,5,2,133.08,55.62,77.46
6434,2025-12-01,13,1,2,4,203.05,76.51,126.54
6435,2025-12-01,13,1,3,4,200.07,74.22,125.85
6436,2025-12-01,13,1,4,15,783.37,294.77,488.6
6437,2025-12-01,13,2,1,3,187.81,65.35,122.46
6438,2025-12-01,13,2,2,3,172.87,65.59,107.28
6439,2025-12-01,13,2,3,2,110.65,39.0,71.65
6440,2025-12-01,13,2,4,7,432.39,148.98,283.41
6441,2025-12-01,13,2,5,6,329.1,121.04,208.06
6442,2025-12-01,13,3,1,2,120.96,44.51,76.45
6443,2025-12-01,13,3,2,2,119.03,43.64,75.39
6444,2025-12-01,13,3,3,2,109.35,42.14,67.21
6445,2025-12-01,13,3,4,13,759.99,264.12,495.87
6446,2025-12-01,13,3,5,5,286.27,108.47,177.8
6447,2025-12-01,13,4,1,1,69.8,22.97,46.83
6448,2025-12-01,13,4,2,3,191.34,70.1,121.24
6449,2025-12-01,13,4,3,1,61.31,21.49,39.82
6450,2025-12-01,13,5,3,3,150.64,58.43,92.21
6451,2025-12-01,13,5,4,7,395.11,145.91,249.2
6452,2025-12-01,13,5,5,1,43.28,19.75,23.53
6453,2025-12-01,14,1,1,2,54.17,19.93,34.24
6454,2025-12-01,14,1,2,3,88.15,30.13,58.02
6455,2025-12-01,14,1,3,2,44.84,18.86,25.98
6456,2025-12-01,14,1,4,14,379.26,145.11,234.15
6457,2025-12-01,14,1,5,7,194.64,72.14,122.5
6458,2025-12-01,14,2,1,1,29.16,10.63,18.53
6459,2025-12-01,14,2,3,2,54.77,20.5,34.27
6460,2025-12-01,14,2,4,11,315.35,109.99,205.36
6461,2025-12-01,14,2,5,11,317.13,112.71,204.42
6462,2025-12-01,14,3,1,3,84.69,33.34,51.35
6463,2025-12-01,14,3,2,6,178.78,66.1,112.68
6464,2025-12-01,14,3,3,2,60.26,21.85,38.41
6465,2025-12-01,14,3,4,12,338.34,115.61,222.73
6466,2025-12-01,14,3,5,5,139.89,50.66,89.23
6467,2025-12-01,14,4,1,5,138.82,49.24,89.58
6468,2025-12-01,14,4,2,3,90.93,33.21,57.72
6469,2025-12-01,14,4,3,2,56.39,21.24,35.15
6470,2025-12-01,14,4,4,5,138.97,50.54,88.43
6471,2025-12-01,14,5,1,1,29.15,10.66,18.49
6472,2025-12-01,14,5,2,2,51.59,20.36,31.23
6473,2025-12-01,14,5,3,2,43.74,18.69,25.05
6474,2025-12-01,14,5,4,8,195.81,80.65,115.16
6475,2025-12-01,14,5,5,10,259.04,100.27,158.77
6476,2025-12-01,15,1,1,2,112.43,47.72,64.71
6477,2025-12-01,15,1,2,1,53.37,20.48,32.89
6478,2025-12-01,15,1,3,5,252.18,104.75,147.43
6479,2025-12-01,15,1,4,7,379.52,156.6,222.92
6480,2025-12-01,15,1,5,6,338.52,145.88,192.64
6481,2025-12-01,15,2,1,1,59.41,24.44,34.97
6482,2025-12-01,15,2,2,3,181.55,69.26,112.29
6483,2025-12-01,15,2,3,1,51.01,21.46,29.55
6484,2025-12-01,15,2,4,13,709.14,290.8,418.34
6485,2025-12-01,15,2,5,2,100.74,41.1,59.64
6486,2025-12-01,15,3,1,4,239.05,98.7,140.35
6487,2025-12-01,15,3,2,1,62.13,25.38,36.75
6488,2025-12-01,15,3,3,3,166.48,66.43,100.05
6489,2025-12-01,15,3,4,11,600.66,248.77,351.89
6490,2025-12-01,15,3,5,4,215.06,87.02,128.04
6491,2025-12-01,15,4,1,1,68.8,26.46,42.34
6492,2025-12-01,15,4,2,7,383.37,150.06,233.31
6493,2025-12-01,15,4,3,2,123.69,46.02,77.67
6494,2025-12-01,15,4,4,8,455.76,183.63,272.13
6495,2025-12-01,15,4,5,3,186.68,67.66,119.02
6496,2025-12-01,15,5,1,1,61.93,25.06,36.87
6497,2025-12-01,15,5,3,1,51.88,21.14,30.74
6498,2025-12-01,15,5,4,3,137.9,61.7,76.2
6499,2025-12-01,15,5,5,2,98.15,42.1,56.05
6500,2026-01-01,1,1,1,3,192.95,79.6,113.35
6501,2026-01-01,1,1,2,8,532.79,216.36,316.43
6502,2026-01-01,1,1,3,6,429.98,174.66,255.32
6503,2026-01-01,1,1,4,4,263.19,112.06,151.13
6504,2026-01-01,1,1,5,6,363.42,162.02,201.4
6505,2026-01-01,1,2,2,2,129.46,52.8,76.66
6506,2026-01-01,1,2,4,12,832.94,323.67,509.27
6507,2026-01-01,1,2,5,1,63.04,25.0,38.04
6508,2026-01-01,1,3,4,7,456.71,185.84,270.87
6509,2026-01-01,1,3,5,1,63.6,26.03,37.57
6510,2026-01-01,1,4,2,4,289.97,119.7,170.27
6511,2026-01-01,1,4,3,1,66.22,28.42,37.8
6512,2026-01-01,1,4,4,4,271.39,111.45,159.94
6513,2026-01-01,1,4,5,3,221.39,87.65,133.74
6514,2026-01-01,1,5,2,2,123.13,51.93,71.2
6515,2026-01-01,1,5,3,1,56.81,24.86,31.95
6516,2026-01-01,1,5,4,5,315.39,145.62,169.77
6517,2026-01-01,1,5,5,1,53.33,24.58,28.75
6518,2026-01-01,2,1,1,2,220.28,89.94,130.34
6519,2026-01-01,2,1,2,5,538.75,221.81,316.94
6520,2026-01-01,2,1,4,2,181.72,78.74,102.98
6521,2026-01-01,2,1,5,5,533.08,228.82,304.26
6522,2026-01-01,2,2,1,1,122.69,47.67,75.02
6523,2026-01-01,2,2,2,5,590.14,242.97,347.17
6524,2026-01-01,2,2,4,14,1601.37,657.11,944.26
6525,2026-01-01,2,2,5,4,424.94,180.38,244.56
6526,2026-01-01,2,3,1,3,367.4,145.57,221.83
6527,2026-01-01,2,3,2,2,249.12,96.7,152.42
6528,2026-01-01,2,3,3,1,127.62,48.52,79.1
6529,2026-01-01,2,3,4,15,1606.9,655.52,951.38
6530,2026-01-01,2,4,2,5,531.28,209.11,322.17
6531,2026-01-01,2,4,4,3,345.23,140.11,205.12
6532,2026-01-01,2,5,3,5,466.99,208.33,258.66
6533,2026-01-01,2,5,4,2,195.32,81.45,113.87
6534,2026-01-01,2,5,5,1,88.1,44.67,43.43
6535,2026-01-01,3,1,1,1,46.07,19.88,26.19
6536,2026-01-01,3,1,2,15,722.07,303.26,418.81
6537,2026-01-01,3,1,3,3,143.36,55.88,87.48
6538,2026-01-01,3,1,4,9,467.17,190.51,276.66
6539,2026-01-01,3,1,5,3,129.24,53.59,75.65
6540,2026-01-01,3,2,3,2,99.62,38.41,61.21
6541,2026-01-01,3,2,4,6,310.91,127.22,183.69
6542,2026-01-01,3,2,5,1,50.79,20.06,30.73
6543,2026-01-01,3,3,1,1,53.21,20.98,32.23
6544,2026-01-01,3,3,2,4,220.32,87.58,132.74
6545,2026-01-01,3,3,4,2,96.55,39.91,56.64
6546,2026-01-01,3,3,5,2,106.27,39.89,66.38
6547,2026-01-01,3,4,2,2,129.34,45.89,83.45
6548,2026-01-01,3,4,4,4,216.05,79.62,136.43
6549,2026-01-01,3,5,1,2,107.69,41.4,66.29
6550,2026-01-01,3,5,4,4,186.34,73.81,112.53
6551,2026-01-01,3,5,5,1,41.52,18.4,23.12
6552,2026-01-01,4,1,2,6,470.22,197.49,272.73
6553,2026-01-01,4,1,4,5,412.44,170.55,241.89
6554,2026-01-01,4,1,5,1,80.6,30.2,50.4
6555,2026-01-01,4,2,2,1,92.47,35.06,57.41
6556,2026-01-01,4,2,3,4,342.88,133.48,209.4
6557,2026-01-01,4,2,4,5,461.24,179.01,282.23
6558,2026-01-01,4,2,5,9,737.21,304.75,432.46
6559,2026-01-01,4,3,2,1,88.72,35.2,53.52
6560,2026-01-01,4,3,4,7,592.49,236.19,356.3
6561,2026-01-01,4,3,5,2,163.0,68.6,94.4
6562,2026-01-01,4,4,1,1,101.75,40.53,61.22
6563,2026-01-01,4,4,2,3,295.81,116.15,179.66
6564,2026-01-01,4,4,3,1,86.7,35.29,51.41
6565,2026-01-01,4,4,4,1,85.0,34.16,50.84
6566,2026-01-01,4,5,1,3,254.34,104.76,149.58
6567,2026-01-01,4,5,3,2,138.55,65.81,72.74
6568,2026-01-01,4,5,4,4,279.82,121.24,158.58
6569,2026-01-01,5,1,1,2,173.96,82.06,91.9
6570,2026-01-01,5,1,3,2,171.75,74.75,97.0
6571,2026-01-01,5,1,4,9,827.75,380.26,447.49
6572,2026-01-01,5,1,5,5,442.13,224.72,217.41
6573,2026-01-01,5,2,3,2,162.89,80.97,81.92
6574,2026-01-01,5,2,4,8,768.12,343.77,424.35
6575,2026-01-01,5,2,5,1,93.96,40.92,53.04
6576,2026-01-01,5,3,3,4,413.64,167.0,246.64
6577,2026-01-01,5,3,4,6,584.49,244.79,339.7
6578,2026-01-01,5,4,2,1,108.71,44.81,63.9
6579,2026-01-01,5,4,4,3,279.54,119.21,160.33
6580,2026-01-01,5,4,5,1,92.79,39.76,53.03
6581,2026-01-01,5,5,2,3,272.08,121.99,150.09
6582,2026-01-01,5,5,4,2,153.8,74.22,79.58
6583,2026-01-01,6,1,1,1,68.38,30.51,37.87
6584,2026-01-01,6,1,2,1,69.38,30.91,38.47
6585,2026-01-01,6,1,4,1,67.89,29.02,38.87
6586,2026-01-01,6,1,5,4,250.77,116.88,133.89
6587,2026-01-01,6,2,2,8,598.75,240.76,357.99
6588,2026-01-01,6,2,4,5,380.39,172.42,207.97
6589,2026-01-01,6,2,5,1,73.35,30.64,42.71
6590,2026-01-01,6,3,2,1,78.34,35.94,42.4
6591,2026-01-01,6,3,4,2,156.34,64.14,92.2
6592,2026-01-01,6,3,5,1,80.48,32.03,48.45
6593,2026-01-01,6,4,2,1,83.67,36.88,46.79
6594,2026-01-01,6,4,3,1,75.87,32.89,42.98
6595,2026-01-01,6,4,4,1,71.05,31.3,39.75
6596,2026-01-01,6,5,1,1,72.62,33.55,39.07
6597,2026-01-01,6,5,2,4,306.46,127.8,178.66
6598,2026-01-01,6,5,4,5,308.04,145.68,162.36
6599,2026-01-01,6,5,5,2,130.68,61.67,69.01
6600,2026-01-01,7,1,2,6,256.73,106.91,149.82
6601,2026-01-01,7,1,4,11,501.0,195.0,306.0
6602,2026-01-01,7,1,5,2,90.23,34.73,55.5
6603,2026-01-01,7,2,2,5,237.79,97.46,140.33
6604,2026-01-01,7,2,3,4,185.31,75.96,109.35
6605,2026-01-01,7,2,4,13,588.87,231.74,357.13
6606,2026-01-01,7,2,5,3,135.49,56.13,79.36
6607,2026-01-01,7,3,3,1,48.66,18.84,29.82
6608,2026-01-01,7,3,4,4,180.01,75.43,104.58
6609,2026-01-01,7,3,5,6,288.8,116.93,171.87
6610,2026-01-01,7,4,2,3,165.21,63.75,101.46
6611,2026-01-01,7,4,4,2,93.0,36.06,56.94
6612,2026-01-01,7,4,5,2,105.83,40.09,65.74
6613,2026-01-01,7,5,2,1,43.47,18.1,25.37
6614,2026-01-01,7,5,3,2,84.31,35.46,48.85
6615,2026-01-01,7,5,4,2,76.62,32.5,44.12
6616,2026-01-01,7,5,5,6,271.11,102.97,168.14
6617,2026-01-01,8,1,1,4,176.52,81.35,95.17
6618,2026-01-01,8,1,2,2,91.48,36.57,54.91
6619,2026-01-01,8,1,3,2,92.33,38.33,54.0
6620,2026-01-01,8,1,4,6,289.86,121.92,167.94
6621,2026-01-01,8,1,5,6,292.72,122.67,170.05
6622,2026-01-01,8,2,2,4,205.95,85.89,120.06
6623,2026-01-01,8,2,3,2,95.71,42.59,53.12
6624,2026-01-01,8,2,4,18,891.96,351.09,540.87
6625,2026-01-01,8,3,1,1,58.59,23.19,35.4
6626,2026-01-01,8,3,2,4,198.15,83.55,114.6
6627,2026-01-01,8,3,4,8,376.91,151.41,225.5
6628,2026-01-01,8,4,2,8,410.0,157.73,252.27
6629,2026-01-01,8,4,4,5,257.36,102.56,154.8
6630,2026-01-01,8,5,2,2,87.79,38.81,48.98
6631,2026-01-01,8,5,3,1,45.33,19.13,26.2
6632,2026-01-01,8,5,4,6,251.07,111.66,139.41
6633,2026-01-01,8,5,5,4,171.17,70.85,100.32
6634,2026-01-01,9,1,1,1,70.92,28.23,42.69
6635,2026-01-01,9,1,2,4,266.03,110.42,155.61
6636,2026-01-01,9,1,3,3,171.29,81.79,89.5
6637,2026-01-01,9,1,4,4,258.63,102.5,156.13
6638,2026-01-01,9,1,5,9,604.41,255.57,348.84
6639,2026-01-01,9,2,1,1,73.03,30.54,42.49
6640,2026-01-01,9,2,2,6,421.47,183.47,238.0
6641,2026-01-01,9,2,4,3,206.12,84.04,122.08
6642,2026-01-01,9,2,5,7,470.71,192.5,278.21
6643,2026-01-01,9,3,2,2,155.94,64.06,91.88
6644,2026-01-01,9,3,3,2,150.89,61.54,89.35
6645,2026-01-01,9,3,4,5,351.06,142.1,208.96
6646,2026-01-01,9,4,2,7,511.08,195.85,315.23
6647,2026-01-01,9,4,4,2,142.49,60.43,82.06
6648,2026-01-01,9,4,5,4,326.03,124.63,201.4
6649,2026-01-01,9,5,1,1,66.27,29.81,36.46
6650,2026-01-01,9,5,2,5,336.01,149.2,186.81
6651,2026-01-01,9,5,4,4,269.85,129.48,140.37
6652,2026-01-01,9,5,5,1,56.21,25.49,30.72
6653,2026-01-01,10,1,2,1,57.09,23.15,33.94
6654,2026-01-01,10,1,4,7,407.09,161.31,245.78
6655,2026-01-01,10,2,2,3,188.25,73.74,114.51
6656,2026-01-01,10,2,4,10,625.98,241.6,384.38
6657,2026-01-01,10,2,5,5,292.97,114.58,178.39
6658,2026-01-01,10,3,2,1,61.03,25.35,35.68
6659,2026-01-01,10,3,5,3,169.83,72.82,97.01
6660,2026-01-01,10,4,4,4,242.01,95.86,146.15
6661,2026-01-01,10,4,5,2,135.38,48.08,87.3
6662,2026-01-01,10,5,2,2,120.92,46.71,74.21
6663,2026-01-01,10,5,3,1,57.35,23.31,34.04
6664,2026-01-01,10,5,4,2,95.92,41.21,54.71
6665,2026-01-01,11,1,2,4,155.67,53.9,101.77
6666,2026-01-01,11,1,3,2,72.93,23.77,49.16
6667,2026-01-01,11,1,4,8,309.83,105.44,204.39
6668,2026-01-01,11,1,5,9,366.64,120.49,246.15
6669,2026-01-01,11,2,2,3,132.77,42.75,90.02
6670,2026-01-01,11,2,4,12,498.87,160.15,338.72
6671,2026-01-01,11,2,5,2,83.8,26.23,57.57
6672,2026-01-01,11,3,2,1,47.9,14.86,33.04
6673,2026-01-01,11,3,3,2,89.19,28.07,61.12
6674,2026-01-01,11,3,4,4,168.96,54.12,114.84
6675,2026-01-01,11,4,1,1,49.29,15.41,33.88
6676,2026-01-01,11,4,2,2,107.37,30.62,76.75
6677,2026-01-01,11,4,4,8,356.79,108.54,248.25
6678,2026-01-01,11,5,2,3,102.99,39.21,63.78
6679,2026-01-01,11,5,4,1,36.41,12.57,23.84
6680,2026-01-01,11,5,5,1,33.52,12.65,20.87
6681,2026-01-01,12,1,2,5,365.06,138.33,226.73
6682,2026-01-01,12,1,3,3,217.23,77.67,139.56
6683,2026-01-01,12,1,4,5,422.92,144.45,278.47
6684,2026-01-01,12,1,5,1,62.17,24.21,37.96
6685,2026-01-01,12,2,2,3,247.6,90.06,157.54
6686,2026-01-01,12,2,4,8,697.46,243.42,454.04
6687,2026-01-01,12,2,5,3,217.55,80.52,137.03
6688,2026-01-01,12,3,1,1,87.78,30.88,56.9
6689,2026-01-01,12,3,2,2,189.31,63.33,125.98
6690,2026-01-01,12,3,4,3,248.73,85.97,162.76
6691,2026-01-01,12,3,5,1,87.6,29.1,58.5
6692,2026-01-01,12,4,2,3,294.25,102.37,191.88
6693,2026-01-01,12,5,2,5,347.95,137.39,210.56
6694,2026-01-01,12,5,4,2,136.52,51.44,85.08
6695,2026-01-01,12,5,5,7,502.25,191.62,310.63
6696,2026-01-01,13,1,2,7,377.95,141.61,236.34
6697,2026-01-01,13,1,4,8,429.92,158.32,271.6
6698,2026-01-01,13,1,5,1,46.45,19.0,27.45
6699,2026-01-01,13,2,2,6,353.98,129.87,224.11
6700,2026-01-01,13,2,3,1,59.56,19.84,39.72
6701,2026-01-01,13,2,4,3,159.36,60.01,99.35
6702,2026-01-01,13,2,5,4,202.5,77.48,125.02
6703,2026-01-01,13,3,1,2,110.57,44.33,66.24
6704,2026-01-01,13,3,2,1,62.51,22.5,40.01
6705,2026-01-01,13,3,4,7,379.4,143.09,236.31
6706,2026-01-01,13,3,5,3,168.56,61.9,106.66
6707,2026-01-01,13,4,2,8,466.89,168.16,298.73
6708,2026-01-01,13,4,3,2,129.4,45.44,83.96
6709,2026-01-01,13,4,4,5,288.25,101.24,187.01
6710,2026-01-01,13,5,4,2,108.49,37.5,70.99
6711,2026-01-01,14,1,1,1,28.7,10.8,17.9
6712,2026-01-01,14,1,2,4,105.57,38.75,66.82
6713,2026-01-01,14,1,4,8,204.87,79.96,124.91
6714,2026-01-01,14,1,5,4,119.66,46.05,73.61
6715,2026-01-01,14,2,3,3,78.97,29.32,49.65
6716,2026-01-01,14,2,4,8,233.36,82.32,151.04
6717,2026-01-01,14,2,5,2,49.05,19.55,29.5
6718,2026-01-01,14,3,2,1,29.42,10.52,18.9
6719,2026-01-01,14,3,3,1,28.54,10.81,17.73
6720,2026-01-01,14,3,4,5,137.56,49.87,87.69
6721,2026-01-01,14,3,5,2,55.9,21.48,34.42
6722,2026-01-01,14,4,1,4,102.0,35.89,66.11
6723,2026-01-01,14,4,2,3,95.63,34.69,60.94
6724,2026-01-01,14,4,4,9,264.27,97.57,166.7
6725,2026-01-01,14,4,5,1,28.15,10.81,17.34
6726,2026-01-01,14,5,4,4,96.9,36.75,60.15
6727,2026-01-01,14,5,5,4,102.64,40.88,61.76
6728,2026-01-01,15,1,1,1,53.61,22.16,31.45
6729,2026-01-01,15,1,2,3,164.84,64.12,100.72
6730,2026-01-01,15,1,3,5,253.77,102.15,151.62
6731,2026-01-01,15,1,4,12,672.45,265.28,407.17
6732,2026-01-01,15,1,5,3,154.58,60.34,94.24
6733,2026-01-01,15,2,1,2,126.47,48.23,78.24
6734,2026-01-01,15,2,2,3,165.93,70.64,95.29
6735,2026-01-01,15,2,3,1,57.94,23.04,34.9
6736,2026-01-01,15,2,4,10,556.31,222.42,333.89
6737,2026-01-01,15,2,5,6,340.77,137.24,203.53
6738,2026-01-01,15,3,2,2,118.14,48.36,69.78
6739,2026-01-01,15,3,4,2,107.46,45.3,62.16
6740,2026-01-01,15,4,2,1,63.11,25.64,37.47
6741,2026-01-01,15,4,4,1,55.79,23.18,32.61
6742,2026-01-01,15,4,5,1,62.65,24.72,37.93
6743,2026-01-01,15,5,2,1,53.82,22.94,30.88
6744,2026-01-01,15,5,3,1,44.21,22.72,21.49
6745,2026-01-01,15,5,4,6,310.01,127.34,182.67
6746,2026-01-01,15,5,5,2,94.77,44.21,50.56
6747,2026-02-01,1,1,1,2,126.31,51.96,74.35
6748,2026-02-01,1,1,2,3,183.79,74.01,109.78
6749,2026-02-01,1,1,3,1,57.15,24.05,33.1
6750,2026-02-01,1,1,4,17,1083.65,445.32,638.33
6751,2026-02-01,1,1,5,1,60.85,25.38,35.47
6752,2026-02-01,1,2,2,3,218.64,80.35,138.29
6753,2026-02-01,1,2,4,3,176.13,72.06,104.07
6754,2026-02-01,1,2,5,3,175.58,75.79,99.79
6755,2026-02-01,1,3,2,1,66.75,29.41,37.34
6756,2026-02-01,1,3,3,1,63.29,28.21,35.08
6757,2026-02-01,1,3,4,7,438.65,171.69,266.96
6758,2026-02-01,1,3,5,8,526.24,211.12,315.12
6759,2026-02-01,1,4,1,2,151.39,64.29,87.1
6760,2026-02-01,1,4,3,2,151.58,58.73,92.85
6761,2026-02-01,1,4,4,4,290.37,113.27,177.1
6762,2026-02-01,1,4,5,1,65.31,27.87,37.44
6763,2026-02-01,1,5,4,3,144.75,67.5,77.25
6764,2026-02-01,2,1,2,1,92.61,43.67,48.94
6765,2026-02-01,2,1,3,3,286.48,126.34,160.14
6766,2026-02-01,2,1,4,3,279.93,116.65,163.28
6767,2026-02-01,2,1,5,1,95.64,39.86,55.78
6768,2026-02-01,2,2,2,4,474.14,190.26,283.88
6769,2026-02-01,2,2,4,5,608.55,243.48,365.07
6770,2026-02-01,2,2,5,4,456.41,181.62,274.79
6771,2026-02-01,2,3,2,9,965.92,399.84,566.08
6772,2026-02-01,2,3,4,5,538.73,214.88,323.85
6773,2026-02-01,2,3,5,1,124.89,48.39,76.5
6774,2026-02-01,2,4,4,8,910.15,352.1,558.05
6775,2026-02-01,2,4,5,2,248.92,96.49,152.43
6776,2026-02-01,2,5,2,2,181.67,93.84,87.83
6777,2026-02-01,2,5,3,3,320.01,131.98,188.03
6778,2026-02-01,2,5,4,4,498.02,206.26,291.76
6779,2026-02-01,2,5,5,1,106.36,41.93,64.43
6780,2026-02-01,3,1,2,5,234.45,96.38,138.07
6781,2026-02-01,3,1,4,13,637.22,266.47,370.75
6782,2026-02-01,3,1,5,4,239.11,88.35,150.76
6783,2026-02-01,3,2,1,2,105.86,41.05,64.81
6784,2026-02-01,3,2,2,3,170.91,66.24,104.67
6785,2026-02-01,3,2,3,1,49.5,20.26,29.24
6786,2026-02-01,3,2,4,8,423.46,166.04,257.42
6787,2026-02-01,3,2,5,2,102.83,38.39,64.44
6788,2026-02-01,3,3,1,1,52.83,22.39,30.44
6789,2026-02-01,3,3,2,2,110.19,43.88,66.31
6790,2026-02-01,3,3,3,2,109.99,41.13,68.86
6791,2026-02-01,3,3,4,11,564.43,221.22,343.21
6792,2026-02-01,3,3,5,3,160.17,61.67,98.5
6793,2026-02-01,3,4,1,1,63.56,22.91,40.65
6794,2026-02-01,3,4,2,2,123.58,43.03,80.55
6795,2026-02-01,3,4,4,4,208.68,81.92,126.76
6796,2026-02-01,3,5,2,4,188.13,78.59,109.54
6797,2026-02-01,3,5,3,1,38.68,19.0,19.68
6798,2026-02-01,3,5,4,5,200.9,91.62,109.28
6799,2026-02-01,4,1,1,1,78.38,31.93,46.45
6800,2026-02-01,4,1,2,1,78.27,32.63,45.64
6801,2026-02-01,4,1,3,4,296.01,125.78,170.23
6802,2026-02-01,4,1,4,14,1098.85,460.56,638.29
6803,2026-02-01,4,2,1,1,88.86,36.87,51.99
6804,2026-02-01,4,2,2,4,334.25,139.18,195.07
6805,2026-02-01,4,2,4,8,680.4,271.54,408.86
6806,2026-02-01,4,2,5,3,255.29,97.96,157.33
6807,2026-02-01,4,3,1,2,174.55,73.96,100.59
6808,2026-02-01,4,3,2,1,87.73,34.48,53.25
6809,2026-02-01,4,3,3,1,79.64,35.06,44.58
6810,2026-02-01,4,3,4,4,335.12,125.83,209.29
6811,2026-02-01,4,3,5,1,82.79,36.13,46.66
6812,2026-02-01,4,4,3,1,87.36,35.92,51.44
6813,2026-02-01,4,4,4,1,83.76,33.53,50.23
6814,2026-02-01,4,4,5,2,194.84,72.14,122.7
6815,2026-02-01,4,5,2,1,83.47,34.03,49.44
6816,2026-02-01,4,5,3,1,81.37,33.01,48.36
6817,2026-02-01,4,5,4,5,395.86,180.4,215.46
6818,2026-02-01,4,5,5,2,145.58,65.41,80.17
6819,2026-02-01,5,1,2,4,381.22,164.74,216.48
6820,2026-02-01,5,1,3,2,168.24,70.95,97.29
6821,2026-02-01,5,1,4,6,559.18,249.19,309.99
6822,2026-02-01,5,1,5,1,81.25,35.85,45.4
6823,2026-02-01,5,2,1,1,93.08,44.8,48.28
6824,2026-02-01,5,2,2,1,95.12,43.44,51.68
6825,2026-02-01,5,2,3,1,95.33,41.0,54.33
6826,2026-02-01,5,2,4,7,666.55,300.6,365.95
6827,2026-02-01,5,2,5,2,187.89,82.7,105.19
6828,2026-02-01,5,3,2,3,311.18,129.35,181.83
6829,2026-02-01,5,3,3,2,190.44,85.64,104.8
6830,2026-02-01,5,3,4,5,469.61,197.83,271.78
6831,2026-02-01,5,3,5,2,175.85,81.09,94.76
6832,2026-02-01,5,4,2,3,324.68,141.2,183.48
6833,2026-02-01,5,4,3,3,308.06,131.81,176.25
6834,2026-02-01,5,4,4,5,460.09,202.04,258.05
6835,2026-02-01,5,4,5,1,94.49,44.35,50.14
6836,2026-02-01,5,5,1,1,96.78,43.77,53.01
6837,2026-02-01,5,5,2,3,291.19,126.33,164.86
6838,2026-02-01,5,5,4,6,552.17,258.35,293.82
6839,2026-02-01,5,5,5,2,152.75,75.02,77.73
6840,2026-02-01,6,1,2,1,74.59,30.16,44.43
6841,2026-02-01,6,1,4,6,439.34,196.26,243.08
6842,2026-02-01,6,1,5,2,128.96,55.69,73.27
6843,2026-02-01,6,2,2,3,238.37,97.38,140.99
6844,2026-02-01,6,2,4,3,213.75,89.88,123.87
6845,2026-02-01,6,2,5,2,127.96,60.73,67.23
6846,2026-02-01,6,3,3,4,299.22,141.46,157.76
6847,2026-02-01,6,3,4,3,227.75,95.61,132.14
6848,2026-02-01,6,3,5,2,157.42,67.93,89.49
6849,2026-02-01,6,4,1,1,87.21,37.01,50.2
6850,2026-02-01,6,4,4,4,295.61,127.07,168.54
6851,2026-02-01,6,5,2,2,125.02,63.58,61.44
6852,2026-02-01,6,5,4,3,179.33,86.91,92.42
6853,2026-02-01,6,5,5,3,193.13,90.61,102.52
6854,2026-02-01,7,1,2,5,227.38,91.98,135.4
6855,2026-02-01,7,1,4,11,470.78,195.64,275.14
6856,2026-02-01,7,1,5,5,205.35,84.12,121.23
6857,2026-02-01,7,2,1,2,92.96,39.66,53.3
6858,2026-02-01,7,2,2,5,253.73,98.01,155.72
6859,2026-02-01,7,2,4,9,456.61,175.39,281.22
6860,2026-02-01,7,2,5,4,185.1,74.51,110.59
6861,2026-02-01,7,3,1,1,56.36,20.67,35.69
6862,2026-02-01,7,3,2,4,192.24,79.37,112.87
6863,2026-02-01,7,3,3,5,262.95,99.33,163.62
6864,2026-02-01,7,3,4,6,273.5,106.38,167.12
6865,2026-02-01,7,3,5,7,321.6,130.49,191.11
6866,2026-02-01,7,4,1,4,159.79,62.85,96.94
6867,2026-02-01,7,4,2,1,56.7,20.27,36.43
6868,2026-02-01,7,4,3,2,105.76,42.0,63.76
6869,2026-02-01,7,4,4,8,384.16,143.79,240.37
6870,2026-02-01,7,5,2,2,79.08,36.1,42.98
6871,2026-02-01,7,5,3,1,40.82,17.02,23.8
6872,2026-02-01,7,5,4,2,73.33,33.0,40.33
6873,2026-02-01,8,1,2,6,280.69,117.91,162.78
6874,2026-02-01,8,1,3,1,42.66,18.04,24.62
6875,2026-02-01,8,1,4,9,435.46,176.61,258.85
6876,2026-02-01,8,1,5,3,122.72,52.55,70.17
6877,2026-02-01,8,2,2,1,51.88,22.26,29.62
6878,2026-02-01,8,2,3,3,147.31,60.01,87.3
6879,2026-02-01,8,2,4,3,142.31,54.31,88.0
6880,2026-02-01,8,2,5,1,49.73,19.92,29.81
6881,2026-02-01,8,3,1,2,122.5,46.48,76.02
6882,2026-02-01,8,3,2,5,263.63,110.66,152.97
6883,2026-02-01,8,3,4,1,53.37,19.75,33.62
6884,2026-02-01,8,3,5,1,46.99,19.91,27.08
6885,2026-02-01,8,4,1,2,115.29,46.43,68.86
6886,2026-02-01,8,4,2,2,111.73,43.41,68.32
6887,2026-02-01,8,4,5,3,156.14,63.7,92.44
6888,2026-02-01,8,5,1,2,97.81,42.78,55.03
6889,2026-02-01,8,5,2,5,220.23,96.39,123.84
6890,2026-02-01,8,5,4,7,321.81,144.68,177.13
6891,2026-02-01,8,5,5,2,83.48,37.89,45.59
6892,2026-02-01,9,1,2,1,65.21,29.39,35.82
6893,2026-02-01,9,1,4,5,360.15,158.13,202.02
6894,2026-02-01,9,1,5,1,56.63,27.06,29.57
6895,2026-02-01,9,2,3,1,70.46,29.62,40.84
6896,2026-02-01,9,2,4,6,396.32,168.79,227.53
6897,2026-02-01,9,2,5,5,317.35,135.34,182.01
6898,2026-02-01,9,3,2,5,351.47,130.13,221.34
6899,2026-02-01,9,3,4,3,195.55,84.08,111.47
6900,2026-02-01,9,3,5,2,126.37,58.69,67.68
6901,2026-02-01,9,4,2,1,85.72,33.17,52.55
6902,2026-02-01,9,4,4,5,356.33,148.22,208.11
6903,2026-02-01,9,5,2,2,122.69,59.27,63.42
6904,2026-02-01,9,5,3,1,56.06,27.72,28.34
6905,2026-02-01,9,5,4,4,221.11,107.99,113.12
6906,2026-02-01,10,1,1,1,53.81,22.62,31.19
6907,2026-02-01,10,1,2,3,175.59,67.01,108.58
6908,2026-02-01,10,1,3,3,160.21,63.04,97.17
6909,2026-02-01,10,1,4,1,48.35,18.9,29.45
6910,2026-02-01,10,1,5,4,221.86,86.97,134.89
6911,2026-02-01,10,2,4,8,494.73,197.69,297.04
6912,2026-02-01,10,2,5,1,55.64,22.42,33.22
6913,2026-02-01,10,3,1,1,62.72,26.48,36.24
6914,2026-02-01,10,3,2,4,265.49,102.28,163.21
6915,2026-02-01,10,3,3,1,64.4,23.17,41.23
6916,2026-02-01,10,3,4,2,111.26,45.41,65.85
6917,2026-02-01,10,3,5,1,66.24,24.38,41.86
6918,2026-02-01,10,4,4,1,60.46,23.91,36.55
6919,2026-02-01,10,4,5,3,196.39,76.84,119.55
6920,2026-02-01,10,5,1,1,61.4,24.16,37.24
6921,2026-02-01,10,5,2,1,59.69,23.27,36.42
6922,2026-02-01,10,5,4,5,303.57,126.36,177.21
6923,2026-02-01,11,1,2,1,36.46,13.51,22.95
6924,2026-02-01,11,1,4,8,301.05,102.49,198.56
6925,2026-02-01,11,1,5,3,109.58,36.91,72.67
6926,2026-02-01,11,2,1,3,150.99,45.11,105.88
6927,2026-02-01,11,2,2,2,90.16,28.44,61.72
6928,2026-02-01,11,2,3,4,153.62,52.37,101.25
6929,2026-02-01,11,2,4,5,195.36,62.57,132.79
6930,2026-02-01,11,3,3,2,81.04,27.2,53.84
6931,2026-02-01,11,3,4,4,177.6,53.83,123.77
6932,2026-02-01,11,3,5,3,125.79,39.91,85.88
6933,2026-02-01,11,4,1,1,45.88,16.02,29.86
6934,2026-02-01,11,4,2,1,45.98,15.34,30.64
6935,2026-02-01,11,4,4,5,206.89,66.96,139.93
6936,2026-02-01,11,5,1,2,75.53,27.85,47.68
6937,2026-02-01,11,5,2,3,103.82,40.1,63.72
6938,2026-02-01,11,5,3,2,67.45,25.13,42.32
6939,2026-02-01,11,5,4,15,587.51,199.62,387.89
6940,2026-02-01,12,1,2,1,71.77,27.73,44.04
6941,2026-02-01,12,1,4,4,330.19,119.75,210.44
6942,2026-02-01,12,1,5,2,127.81,51.01,76.8
6943,2026-02-01,12,2,1,2,172.18,61.19,110.99
6944,2026-02-01,12,2,2,2,157.41,59.83,97.58
6945,2026-02-01,12,2,3,1,78.45,28.47,49.98
6946,2026-02-01,12,2,4,3,196.23,77.71,118.52
6947,2026-02-01,12,2,5,8,562.76,215.44,347.32
6948,2026-02-01,12,3,1,3,271.55,92.62,178.93
6949,2026-02-01,12,3,2,1,92.45,31.96,60.49
6950,2026-02-01,12,3,4,5,362.33,136.31,226.02
6951,2026-02-01,12,3,5,4,323.48,114.89,208.59
6952,2026-02-01,12,4,2,1,88.0,30.82,57.18
6953,2026-02-01,12,4,4,5,418.39,146.36,272.03
6954,2026-02-01,12,4,5,3,259.03,88.27,170.76
6955,2026-02-01,12,5,2,4,265.64,113.43,152.21
6956,2026-02-01,12,5,3,1,62.28,28.19,34.09
6957,2026-02-01,12,5,4,2,126.24,52.89,73.35
6958,2026-02-01,12,5,5,5,345.41,130.55,214.86
6959,2026-02-01,13,1,2,3,155.81,60.58,95.23
6960,2026-02-01,13,1,4,4,209.44,85.13,124.31
6961,2026-02-01,13,1,5,4,193.15,72.73,120.42
6962,2026-02-01,13,2,1,2,126.69,45.94,80.75
6963,2026-02-01,13,2,2,5,289.39,107.51,181.88
6964,2026-02-01,13,2,4,6,303.0,117.43,185.57
6965,2026-02-01,13,2,5,6,343.91,123.86,220.05
6966,2026-02-01,13,3,1,2,121.17,46.27,74.9
6967,2026-02-01,13,3,4,4,220.64,81.15,139.49
6968,2026-02-01,13,3,5,4,235.2,85.45,149.75
6969,2026-02-01,13,4,4,6,341.54,120.69,220.85
6970,2026-02-01,13,4,5,2,123.34,42.98,80.36
6971,2026-02-01,13,5,1,1,48.88,20.86,28.02
6972,2026-02-01,13,5,4,2,93.47,37.52,55.95
6973,2026-02-01,14,1,1,1,25.94,10.35,15.59
6974,2026-02-01,14,1,3,1,21.16,8.78,12.38
6975,2026-02-01,14,1,4,4,118.84,43.69,75.15
6976,2026-02-01,14,1,5,2,49.46,19.5,29.96
6977,2026-02-01,14,2,4,4,97.43,37.61,59.82
6978,2026-02-01,14,2,5,7,190.67,70.42,120.25
6979,2026-02-01,14,3,2,3,90.6,32.63,57.97
6980,2026-02-01,14,3,3,1,30.64,10.84,19.8
6981,2026-02-01,14,3,4,7,185.54,69.42,116.12
6982,2026-02-01,14,3,5,1,28.58,9.71,18.87
6983,2026-02-01,14,4,1,1,34.3,11.99,22.31
6984,2026-02-01,14,4,2,1,31.85,11.32,20.53
6985,2026-02-01,14,4,4,3,89.96,31.45,58.51
6986,2026-02-01,14,4,5,3,91.31,32.66,58.65
6987,2026-02-01,14,5,2,2,48.12,20.15,27.97
6988,2026-02-01,14,5,4,8,211.45,87.6,123.85
6989,2026-02-01,15,1,1,3,157.9,72.41,85.49
6990,2026-02-01,15,1,2,3,168.75,67.09,101.66
6991,2026-02-01,15,1,3,1,55.4,22.18,33.22
6992,2026-02-01,15,1,4,8,433.67,179.19,254.48
6993,2026-02-01,15,1,5,1,49.38,19.84,29.54
6994,2026-02-01,15,2,1,1,60.9,24.72,36.18
6995,2026-02-01,15,2,2,6,322.94,137.87,185.07
6996,2026-02-01,15,2,3,1,54.11,21.75,32.36
6997,2026-02-01,15,2,4,8,472.75,185.94,286.81
6998,2026-02-01,15,2,5,4,228.19,87.3,140.89
6999,2026-02-01,15,3,2,4,250.97,95.9,155.07
7000,2026-02-01,15,3,3,1,54.98,22.91,32.07
7001,2026-02-01,15,3,4,6,317.92,131.24,186.68
7002,2026-02-01,15,3,5,2,115.35,45.54,69.81
7003,2026-02-01,15,4,1,1,64.4,25.15,39.25
7004,2026-02-01,15,4,2,3,184.51,76.11,108.4
7005,2026-02-01,15,4,4,3,167.02,66.95,100.07
7006,2026-02-01,15,4,5,5,292.79,117.05,175.74
7007,2026-02-01,15,5,3,1,44.09,21.49,22.6
7008,2026-02-01,15,5,4,11,566.09,254.99,311.1
7009,2026-02-01,15,5,5,2,97.23,43.54,53.69
7010,2026-03-01,1,1,1,2,128.07,52.59,75.48
7011,2026-03-01,1,1,2,5,306.35,131.48,174.87
7012,2026-03-01,1,1,4,5,338.02,137.18,200.84
7013,2026-03-01,1,1,5,7,462.22,195.65,266.57
7014,2026-03-01,1,2,2,6,390.35,161.55,228.8
7015,2026-03-01,1,2,3,3,192.59,80.61,111.98
7016,2026-03-01,1,2,4,5,351.64,140.56,211.08
7017,2026-03-01,1,2,5,3,182.07,76.03,106.04
7018,2026-03-01,1,3,1,3,222.84,96.52,126.32
7019,2026-03-01,1,3,2,1,71.41,29.07,42.34
7020,2026-03-01,1,3,3,5,357.68,136.98,220.7
7021,2026-03-01,1,3,4,12,791.57,321.67,469.9
7022,2026-03-01,1,3,5,2,130.22,52.47,77.75
7023,2026-03-01,1,4,1,2,147.68,64.2,83.48
7024,2026-03-01,1,4,2,1,81.15,30.13,51.02
7025,2026-03-01,1,4,4,4,279.65,115.28,164.37
7026,2026-03-01,1,4,5,2,135.54,54.84,80.7
7027,2026-03-01,1,5,3,2,114.92,50.49,64.43
7028,2026-03-01,1,5,4,11,717.32,291.0,426.32
7029,2026-03-01,2,1,1,1,99.63,46.33,53.3
7030,2026-03-01,2,1,2,5,490.41,217.48,272.93
7031,2026-03-01,2,1,3,1,109.75,43.63,66.12
7032,2026-03-01,2,1,4,5,548.19,243.52,304.67
7033,2026-03-01,2,1,5,2,186.09,82.29,103.8
7034,2026-03-01,2,2,1,1,133.03,48.61,84.42
7035,2026-03-01,2,2,2,1,119.59,50.3,69.29
7036,2026-03-01,2,2,3,1,104.87,45.38,59.49
7037,2026-03-01,2,2,4,7,751.72,301.44,450.28
7038,2026-03-01,2,2,5,4,434.27,168.65,265.62
7039,2026-03-01,2,3,1,1,111.92,49.96,61.96
7040,2026-03-01,2,3,3,2,229.63,88.54,141.09
7041,2026-03-01,2,3,4,9,950.27,390.64,559.63
7042,2026-03-01,2,4,2,1,135.92,53.56,82.36
7043,2026-03-01,2,4,4,2,244.16,95.72,148.44
7044,2026-03-01,2,4,5,2,262.21,97.01,165.2
7045,2026-03-01,2,5,1,1,95.8,45.18,50.62
7046,2026-03-01,2,5,2,3,303.44,136.13,167.31
7047,2026-03-01,2,5,3,2,207.66,88.74,118.92
7048,2026-03-01,2,5,4,5,490.02,213.35,276.67
7049,2026-03-01,2,5,5,1,108.32,43.42,64.9
7050,2026-03-01,3,1,1,2,102.01,39.36,62.65
7051,2026-03-01,3,1,3,3,123.06,54.69,68.37
7052,2026-03-01,3,1,4,10,480.12,196.04,284.08
7053,2026-03-01,3,1,5,5,216.18,92.97,123.21
7054,2026-03-01,3,2,1,1,54.9,21.06,33.84
7055,2026-03-01,3,2,2,2,106.59,43.96,62.63
7056,2026-03-01,3,2,3,1,55.71,19.85,35.86
7057,2026-03-01,3,2,4,18,910.17,367.94,542.23
7058,2026-03-01,3,2,5,1,55.84,20.06,35.78
7059,2026-03-01,3,3,2,1,61.21,21.51,39.7
7060,2026-03-01,3,3,3,1,52.12,21.25,30.87
7061,2026-03-01,3,3,4,13,666.16,261.09,405.07
7062,2026-03-01,3,3,5,4,226.63,85.85,140.78
7063,2026-03-01,3,4,1,2,125.07,48.57,76.5
7064,2026-03-01,3,4,3,3,180.13,67.03,113.1
7065,2026-03-01,3,4,4,1,50.09,20.49,29.6
7066,2026-03-01,3,5,4,10,443.8,196.47,247.33
7067,2026-03-01,3,5,5,5,228.26,93.13,135.13
7068,2026-03-01,4,1,2,1,73.28,32.1,41.18
7069,2026-03-01,4,1,3,1,80.81,30.67,50.14
7070,2026-03-01,4,1,4,7,538.51,228.48,310.03
7071,2026-03-01,4,1,5,2,143.16,59.97,83.19
7072,2026-03-01,4,2,1,1,93.03,38.07,54.96
7073,2026-03-01,4,2,2,1,87.18,33.91,53.27
7074,2026-03-01,4,2,4,3,222.97,91.33,131.64
7075,2026-03-01,4,2,5,1,73.64,31.51,42.13
7076,2026-03-01,4,3,1,2,205.67,78.28,127.39
7077,2026-03-01,4,3,2,1,96.05,37.46,58.59
7078,2026-03-01,4,3,4,6,469.61,190.85,278.76
7079,2026-03-01,4,3,5,6,544.98,207.33,337.65
7080,2026-03-01,4,4,2,5,461.64,182.88,278.76
7081,2026-03-01,4,4,4,10,852.81,331.4,521.41
7082,2026-03-01,4,4,5,2,178.21,67.65,110.56
7083,2026-03-01,4,5,2,4,304.6,133.18,171.42
7084,2026-03-01,4,5,4,4,276.29,125.57,150.72
7085,2026-03-01,5,1,2,9,878.02,386.91,491.11
7086,2026-03-01,5,1,3,3,219.3,108.08,111.22
7087,2026-03-01,5,1,4,8,692.95,318.94,374.01
7088,2026-03-01,5,1,5,8,776.55,335.18,441.37
7089,2026-03-01,5,2,2,4,390.87,179.36,211.51
7090,2026-03-01,5,2,3,4,380.75,165.33,215.42
7091,2026-03-01,5,2,4,5,422.94,191.14,231.8
7092,2026-03-01,5,2,5,1,85.25,39.68,45.57
7093,2026-03-01,5,3,3,3,262.95,124.4,138.55
7094,2026-03-01,5,3,4,4,368.32,159.52,208.8
7095,2026-03-01,5,3,5,4,359.46,162.73,196.73
7096,2026-03-01,5,4,2,1,110.61,49.45,61.16
7097,2026-03-01,5,4,4,6,590.52,252.04,338.48
7098,2026-03-01,5,4,5,4,409.74,179.81,229.93
7099,2026-03-01,5,5,2,2,155.66,85.2,70.46
7100,2026-03-01,5,5,3,2,174.55,82.02,92.53
7101,2026-03-01,5,5,4,6,542.54,265.18,277.36
7102,2026-03-01,5,5,5,3,235.97,118.24,117.73
7103,2026-03-01,6,1,2,2,140.2,60.67,79.53
7104,2026-03-01,6,1,4,2,137.36,59.21,78.15
7105,2026-03-01,6,1,5,3,213.79,88.76,125.03
7106,2026-03-01,6,2,2,2,169.15,71.88,97.27
7107,2026-03-01,6,2,3,1,68.53,32.53,36.0
7108,2026-03-01,6,2,4,5,337.62,150.9,186.72
7109,2026-03-01,6,2,5,1,74.6,32.12,42.48
7110,2026-03-01,6,3,2,1,82.65,37.03,45.62
7111,2026-03-01,6,3,4,4,292.26,124.41,167.85
7112,2026-03-01,6,3,5,1,76.55,33.33,43.22
7113,2026-03-01,6,4,4,1,74.89,32.42,42.47
7114,2026-03-01,6,4,5,1,78.32,32.93,45.39
7115,2026-03-01,6,5,2,7,499.35,228.87,270.48
7116,2026-03-01,6,5,4,3,195.08,84.27,110.81
7117,2026-03-01,6,5,5,2,140.2,60.31,79.89
7118,2026-03-01,7,1,1,1,40.48,18.49,21.99
7119,2026-03-01,7,1,2,9,423.48,163.88,259.6
7120,2026-03-01,7,1,4,6,264.7,111.36,153.34
7121,2026-03-01,7,1,5,4,163.79,67.44,96.35
7122,2026-03-01,7,2,2,3,152.81,58.75,94.06
7123,2026-03-01,7,2,3,6,269.12,104.12,165.0
7124,2026-03-01,7,2,4,4,210.32,83.3,127.02
7125,2026-03-01,7,2,5,2,94.84,35.36,59.48
7126,2026-03-01,7,3,2,2,100.65,40.27,60.38
7127,2026-03-01,7,3,3,1,48.83,18.99,29.84
7128,2026-03-01,7,3,4,3,141.65,54.2,87.45
7129,2026-03-01,7,3,5,2,93.78,37.0,56.78
7130,2026-03-01,7,4,3,6,302.81,119.12,183.69
7131,2026-03-01,7,4,4,1,47.8,18.75,29.05
7132,2026-03-01,7,4,5,2,102.85,39.02,63.83
7133,2026-03-01,7,5,4,5,209.79,85.76,124.03
7134,2026-03-01,7,5,5,1,40.79,17.68,23.11
7135,2026-03-01,8,1,1,2,86.43,41.66,44.77
7136,2026-03-01,8,1,2,3,130.79,56.85,73.94
7137,2026-03-01,8,1,3,4,186.62,74.72,111.9
7138,2026-03-01,8,1,4,7,361.35,141.53,219.82
7139,2026-03-01,8,1,5,6,297.94,123.61,174.33
7140,2026-03-01,8,2,2,2,109.74,42.19,67.55
7141,2026-03-01,8,2,4,12,605.35,243.99,361.36
7142,2026-03-01,8,2,5,3,141.12,58.69,82.43
7143,2026-03-01,8,3,1,4,195.69,89.1,106.59
7144,2026-03-01,8,3,3,1,54.74,22.08,32.66
7145,2026-03-01,8,3,4,4,188.2,75.7,112.5
7146,2026-03-01,8,3,5,2,96.97,39.55,57.42
7147,2026-03-01,8,4,1,1,59.18,23.06,36.12
7148,2026-03-01,8,4,3,1,55.92,21.19,34.73
7149,2026-03-01,8,4,4,3,147.67,59.66,88.01
7150,2026-03-01,8,4,5,5,259.28,104.83,154.45
7151,2026-03-01,8,5,3,1,40.48,19.55,20.93
7152,2026-03-01,8,5,4,7,305.76,142.55,163.21
7153,2026-03-01,8,5,5,2,78.94,35.91,43.03
7154,2026-03-01,9,1,2,12,840.44,368.24,472.2
7155,2026-03-01,9,1,3,1,63.37,26.54,36.83
7156,2026-03-01,9,1,4,8,583.18,256.14,327.04
7157,2026-03-01,9,2,3,1,64.73,28.33,36.4
7158,2026-03-01,9,2,4,6,458.52,181.49,277.03
7159,2026-03-01,9,2,5,4,288.26,117.61,170.65
7160,2026-03-01,9,3,1,1,80.1,34.49,45.61
7161,2026-03-01,9,3,4,6,406.44,175.08,231.36
7162,2026-03-01,9,3,5,3,199.65,91.19,108.46
7163,2026-03-01,9,4,2,3,231.66,98.39,133.27
7164,2026-03-01,9,4,4,3,204.83,89.79,115.04
7165,2026-03-01,9,4,5,8,571.87,236.85,335.02
7166,2026-03-01,9,5,2,2,138.66,59.63,79.03
7167,2026-03-01,9,5,3,1,58.05,28.42,29.63
7168,2026-03-01,9,5,4,3,166.67,80.39,86.28
7169,2026-03-01,9,5,5,1,57.59,26.91,30.68
7170,2026-03-01,10,1,3,2,113.77,45.39,68.38
7171,2026-03-01,10,1,4,6,359.49,143.84,215.65
7172,2026-03-01,10,1,5,3,158.12,62.13,95.99
7173,2026-03-01,10,2,1,1,62.0,26.3,35.7
7174,2026-03-01,10,2,2,3,197.68,72.54,125.14
7175,2026-03-01,10,2,3,4,226.63,93.49,133.14
7176,2026-03-01,10,2,4,2,110.5,46.04,64.46
7177,2026-03-01,10,3,2,2,133.76,53.7,80.06
7178,2026-03-01,10,3,4,12,752.85,300.1,452.75
7179,2026-03-01,10,3,5,2,120.84,47.1,73.74
7180,2026-03-01,10,4,2,2,136.72,54.03,82.69
7181,2026-03-01,10,4,4,3,200.11,73.85,126.26
7182,2026-03-01,10,5,4,4,188.63,87.38,101.25
7183,2026-03-01,10,5,5,1,55.17,22.28,32.89
7184,2026-03-01,11,1,1,6,237.64,84.04,153.6
7185,2026-03-01,11,1,2,1,40.26,13.29,26.97
7186,2026-03-01,11,1,3,5,234.72,74.25,160.47
7187,2026-03-01,11,1,4,9,360.96,121.24,239.72
7188,2026-03-01,11,1,5,3,109.53,38.1,71.43
7189,2026-03-01,11,2,2,3,138.48,43.2,95.28
7190,2026-03-01,11,2,3,3,111.66,40.58,71.08
7191,2026-03-01,11,2,4,6,233.65,75.0,158.65
7192,2026-03-01,11,3,3,1,46.58,14.23,32.35
7193,2026-03-01,11,3,4,9,351.97,119.3,232.67
7194,2026-03-01,11,3,5,2,86.69,27.29,59.4
7195,2026-03-01,11,4,1,1,48.0,15.7,32.3
7196,2026-03-01,11,4,2,1,46.31,14.24,32.07
7197,2026-03-01,11,4,3,2,94.87,29.81,65.06
7198,2026-03-01,11,4,4,1,43.85,13.19,30.66
7199,2026-03-01,11,4,5,3,131.64,41.18,90.46
7200,2026-03-01,11,5,4,10,360.05,135.85,224.2
7201,2026-03-01,12,1,1,3,245.25,85.63,159.62
7202,2026-03-01,12,1,2,3,216.61,85.97,130.64
7203,2026-03-01,12,1,3,1,74.36,28.03,46.33
7204,2026-03-01,12,1,4,7,507.82,192.8,315.02
7205,2026-03-01,12,2,2,3,248.31,89.67,158.64
7206,2026-03-01,12,2,4,9,718.2,278.09,440.11
7207,2026-03-01,12,2,5,3,226.49,84.68,141.81
7208,2026-03-01,12,3,1,2,184.17,68.63,115.54
7209,2026-03-01,12,3,3,3,264.84,91.65,173.19
7210,2026-03-01,12,3,4,6,456.12,166.89,289.23
7211,2026-03-01,12,3,5,3,253.53,87.1,166.43
7212,2026-03-01,12,4,4,7,539.38,201.05,338.33
7213,2026-03-01,12,4,5,1,83.58,30.47,53.11
7214,2026-03-01,12,5,2,2,145.72,57.94,87.78
7215,2026-03-01,12,5,3,1,69.27,27.71,41.56
7216,2026-03-01,12,5,4,6,417.06,160.32,256.74
7217,2026-03-01,13,1,1,1,49.65,20.13,29.52
7218,2026-03-01,13,1,2,1,54.7,18.79,35.91
7219,2026-03-01,13,1,3,3,144.98,56.93,88.05
7220,2026-03-01,13,1,4,1,49.24,17.95,31.29
7221,2026-03-01,13,1,5,2,94.64,37.92,56.72
7222,2026-03-01,13,2,3,1,56.54,20.97,35.57
7223,2026-03-01,13,2,4,3,154.2,57.54,96.66
7224,2026-03-01,13,2,5,3,163.17,62.06,101.11
7225,2026-03-01,13,3,1,3,189.58,68.28,121.3
7226,2026-03-01,13,3,2,1,58.9,22.65,36.25
7227,2026-03-01,13,3,3,1,61.59,21.26,40.33
7228,2026-03-01,13,3,4,2,114.27,40.73,73.54
7229,2026-03-01,13,4,4,2,115.09,43.34,71.75
7230,2026-03-01,13,4,5,1,61.84,21.17,40.67
7231,2026-03-01,13,5,2,1,54.82,21.8,33.02
7232,2026-03-01,13,5,3,1,52.67,20.67,32.0
7233,2026-03-01,13,5,4,1,49.44,19.52,29.92
7234,2026-03-01,14,1,1,2,55.65,20.8,34.85
7235,2026-03-01,14,1,2,4,100.4,39.48,60.92
7236,2026-03-01,14,1,3,2,42.88,17.96,24.92
7237,2026-03-01,14,1,4,13,343.22,133.65,209.57
7238,2026-03-01,14,1,5,10,267.91,98.33,169.58
7239,2026-03-01,14,2,1,1,31.34,11.34,20.0
7240,2026-03-01,14,2,2,10,290.65,105.43,185.22
7241,2026-03-01,14,2,4,8,230.87,84.32,146.55
7242,2026-03-01,14,2,5,3,84.94,31.0,53.94
7243,2026-03-01,14,3,1,2,64.94,23.83,41.11
7244,2026-03-01,14,3,3,2,59.69,21.09,38.6
7245,2026-03-01,14,3,4,9,240.99,93.61,147.38
7246,2026-03-01,14,3,5,1,29.85,9.71,20.14
7247,2026-03-01,14,4,1,1,31.14,11.63,19.51
7248,2026-03-01,14,4,3,1,31.35,11.67,19.68
7249,2026-03-01,14,4,4,5,146.27,49.77,96.5
7250,2026-03-01,14,4,5,3,84.22,33.24,50.98
7251,2026-03-01,14,5,2,4,104.36,41.08,63.28
7252,2026-03-01,14,5,4,5,137.02,56.55,80.47
7253,2026-03-01,14,5,5,3,70.25,28.0,42.25
7254,2026-03-01,15,1,1,2,118.74,46.47,72.27
7255,2026-03-01,15,1,2,4,210.32,88.97,121.35
7256,2026-03-01,15,1,3,4,209.26,86.62,122.64
7257,2026-03-01,15,1,4,5,288.74,119.31,169.43
7258,2026-03-01,15,1,5,5,280.41,115.55,164.86
7259,2026-03-01,15,2,1,1,55.19,24.08,31.11
7260,2026-03-01,15,2,2,5,300.86,122.78,178.08
7261,2026-03-01,15,2,3,5,253.18,108.53,144.65
7262,2026-03-01,15,2,4,13,704.31,292.84,411.47
7263,2026-03-01,15,2,5,3,162.5,65.29,97.21
7264,2026-03-01,15,3,1,1,59.62,26.12,33.5
7265,2026-03-01,15,3,2,1,60.25,24.5,35.75
7266,2026-03-01,15,3,3,6,363.24,145.19,218.05
7267,2026-03-01,15,3,4,9,497.87,204.3,293.57
7268,2026-03-01,15,3,5,1,53.18,23.01,30.17
7269,2026-03-01,15,4,1,1,68.65,25.3,43.35
7270,2026-03-01,15,4,2,6,304.77,127.35,177.42
7271,2026-03-01,15,4,3,4,232.85,94.48,138.37
7272,2026-03-01,15,4,4,3,161.89,67.47,94.42
7273,2026-03-01,15,4,5,7,377.15,149.79,227.36
7274,2026-03-01,15,5,4,8,464.42,185.5,278.92
7275,2026-04-01,1,1,1,1,59.18,26.35,32.83
7276,2026-04-01,1,1,4,5,327.21,133.04,194.17
7277,2026-04-01,1,1,5,7,483.68,192.2,291.48
7278,2026-04-01,1,2,1,1,66.42,28.14,38.28
7279,2026-04-01,1,2,2,1,66.43,27.76,38.67
7280,2026-04-01,1,2,3,2,123.97,50.09,73.88
7281,2026-04-01,1,2,4,10,646.71,268.39,378.32
7282,2026-04-01,1,2,5,1,70.91,25.85,45.06
7283,2026-04-01,1,3,2,1,70.24,30.68,39.56
7284,2026-04-01,1,3,3,1,71.32,28.27,43.05
7285,2026-04-01,1,3,5,2,129.46,53.29,76.17
7286,2026-04-01,1,4,1,2,160.73,60.58,100.15
7287,2026-04-01,1,4,2,1,69.49,29.89,39.6
7288,2026-04-01,1,4,3,1,73.19,29.23,43.96
7289,2026-04-01,1,4,4,6,412.78,162.55,250.23
7290,2026-04-01,1,4,5,1,73.8,28.59,45.21
7291,2026-04-01,1,5,2,3,185.14,83.32,101.82
7292,2026-04-01,1,5,4,8,495.21,225.97,269.24
7293,2026-04-01,1,5,5,3,166.08,73.22,92.86
7294,2026-04-01,2,1,3,4,388.94,173.06,215.88
7295,2026-04-01,2,1,4,8,917.13,386.89,530.24
7296,2026-04-01,2,1,5,7,756.64,308.69,447.95
7297,2026-04-01,2,2,2,4,449.33,185.84,263.49
7298,2026-04-01,2,2,4,6,636.67,269.95,366.72
7299,2026-04-01,2,2,5,6,575.21,250.11,325.1
7300,2026-04-01,2,3,3,2,223.74,92.23,131.51
7301,2026-04-01,2,3,4,5,511.46,230.33,281.13
7302,2026-04-01,2,3,5,1,110.5,46.1,64.4
7303,2026-04-01,2,4,2,5,603.98,250.55,353.43
7304,2026-04-01,2,4,4,3,367.1,137.59,229.51
7305,2026-04-01,2,4,5,1,115.68,46.91,68.77
7306,2026-04-01,2,5,1,1,112.08,48.31,63.77
7307,2026-04-01,2,5,2,6,659.01,278.45,380.56
7308,2026-04-01,2,5,4,6,628.24,289.52,338.72
7309,2026-04-01,2,5,5,3,291.33,131.15,160.18
7310,2026-04-01,3,1,1,7,332.02,142.36,189.66
7311,2026-04-01,3,1,2,1,46.56,19.58,26.98
7312,2026-04-01,3,1,3,4,201.55,75.23,126.32
7313,2026-04-01,3,1,4,16,770.47,314.15,456.32
7314,2026-04-01,3,1,5,4,227.18,89.54,137.64
7315,2026-04-01,3,2,2,4,213.27,87.47,125.8
7316,2026-04-01,3,2,3,1,51.58,21.08,30.5
7317,2026-04-01,3,2,4,9,463.92,182.92,281.0
7318,2026-04-01,3,2,5,4,193.45,75.43,118.02
7319,2026-04-01,3,3,2,1,58.35,22.38,35.97
7320,2026-04-01,3,3,3,1,48.06,21.0,27.06
7321,2026-04-01,3,3,4,5,258.44,101.69,156.75
7322,2026-04-01,3,4,1,2,130.51,49.06,81.45
7323,2026-04-01,3,4,2,2,120.46,45.9,74.56
7324,2026-04-01,3,4,4,3,159.14,59.69,99.45
7325,2026-04-01,3,4,5,1,55.48,20.92,34.56
7326,2026-04-01,3,5,1,3,149.7,62.25,87.45
7327,2026-04-01,3,5,4,1,39.54,17.52,22.02
7328,2026-04-01,3,5,5,3,130.96,56.52,74.44
7329,2026-04-01,4,1,1,2,156.23,70.42,85.81
7330,2026-04-01,4,1,2,2,158.38,64.55,93.83
7331,2026-04-01,4,1,4,10,800.67,327.34,473.33
7332,2026-04-01,4,1,5,10,757.31,317.85,439.46
7333,2026-04-01,4,2,1,1,95.08,36.53,58.55
7334,2026-04-01,4,2,2,3,240.44,105.49,134.95
7335,2026-04-01,4,2,4,6,456.4,192.22,264.18
7336,2026-04-01,4,2,5,4,318.74,125.38,193.36
7337,2026-04-01,4,3,1,1,93.89,37.04,56.85
7338,2026-04-01,4,3,2,1,81.78,38.27,43.51
7339,2026-04-01,4,3,3,1,84.37,35.01,49.36
7340,2026-04-01,4,3,4,5,406.23,161.73,244.5
7341,2026-04-01,4,3,5,2,172.13,68.51,103.62
7342,2026-04-01,4,4,2,2,200.9,77.69,123.21
7343,2026-04-01,4,4,3,1,92.03,34.13,57.9
7344,2026-04-01,4,4,4,3,265.51,103.65,161.86
7345,2026-04-01,4,4,5,4,363.46,140.05,223.41
7346,2026-04-01,4,5,2,1,87.3,34.99,52.31
7347,2026-04-01,4,5,3,3,218.73,96.65,122.08
7348,2026-04-01,4,5,4,4,271.99,127.14,144.85
7349,2026-04-01,4,5,5,6,464.62,195.48,269.14
7350,2026-04-01,5,1,2,3,249.27,123.5,125.77
7351,2026-04-01,5,1,3,1,92.61,39.15,53.46
7352,2026-04-01,5,1,4,13,1169.0,558.48,610.52
7353,2026-04-01,5,1,5,7,608.17,290.3,317.87
7354,2026-04-01,5,2,2,3,297.07,134.5,162.57
7355,2026-04-01,5,2,4,9,829.77,390.72,439.05
7356,2026-04-01,5,2,5,11,950.92,447.18,503.74
7357,2026-04-01,5,3,2,1,108.94,45.38,63.56
7358,2026-04-01,5,3,3,3,270.53,135.25,135.28
7359,2026-04-01,5,3,4,6,570.85,253.54,317.31
7360,2026-04-01,5,3,5,3,269.08,125.86,143.22
7361,2026-04-01,5,4,1,1,103.34,46.52,56.82
7362,2026-04-01,5,4,3,1,99.76,43.62,56.14
7363,2026-04-01,5,4,4,2,190.56,82.2,108.36
7364,2026-04-01,5,4,5,1,104.8,44.26,60.54
7365,2026-04-01,5,5,2,2,184.96,84.38,100.58
7366,2026-04-01,5,5,3,1,95.42,41.64,53.78
7367,2026-04-01,5,5,4,7,645.23,310.64,334.59
7368,2026-04-01,6,1,2,2,135.34,60.36,74.98
7369,2026-04-01,6,1,3,1,66.23,29.59,36.64
7370,2026-04-01,6,1,4,8,602.22,268.22,334.0
7371,2026-04-01,6,1,5,2,128.65,59.61,69.04
7372,2026-04-01,6,2,1,1,75.14,33.84,41.3
7373,2026-04-01,6,2,2,4,310.62,137.87,172.75
7374,2026-04-01,6,2,3,1,65.96,32.51,33.45
7375,2026-04-01,6,2,4,3,201.74,90.09,111.65
7376,2026-04-01,6,2,5,1,73.53,33.29,40.24
7377,2026-04-01,6,3,2,3,249.03,113.46,135.57
7378,2026-04-01,6,3,4,3,204.4,93.42,110.98
7379,2026-04-01,6,4,2,3,268.95,110.17,158.78
7380,2026-04-01,6,4,3,1,84.53,34.79,49.74
7381,2026-04-01,6,4,4,3,225.2,100.39,124.81
7382,2026-04-01,6,4,5,2,156.86,71.75,85.11
7383,2026-04-01,6,5,1,1,64.13,32.08,32.05
7384,2026-04-01,6,5,2,1,72.01,34.51,37.5
7385,2026-04-01,6,5,5,2,121.05,64.02,57.03
7386,2026-04-01,7,1,1,1,42.53,18.08,24.45
7387,2026-04-01,7,1,2,3,123.43,53.39,70.04
7388,2026-04-01,7,1,3,5,210.83,87.19,123.64
7389,2026-04-01,7,1,4,12,539.71,214.88,324.83
7390,2026-04-01,7,1,5,8,358.43,150.78,207.65
7391,2026-04-01,7,2,2,8,385.55,160.05,225.5
7392,2026-04-01,7,2,4,6,287.16,109.02,178.14
7393,2026-04-01,7,2,5,2,93.89,36.87,57.02
7394,2026-04-01,7,3,2,1,50.62,20.11,30.51
7395,2026-04-01,7,3,3,4,188.34,75.14,113.2
7396,2026-04-01,7,3,4,8,363.43,141.6,221.83
7397,2026-04-01,7,3,5,1,47.19,19.18,28.01
7398,2026-04-01,7,4,2,1,55.62,21.12,34.5
7399,2026-04-01,7,4,4,2,93.01,35.24,57.77
7400,2026-04-01,7,4,5,5,253.36,95.89,157.47
7401,2026-04-01,7,5,1,1,46.89,18.64,28.25
7402,2026-04-01,7,5,2,3,130.03,56.13,73.9
7403,2026-04-01,7,5,4,2,73.96,33.75,40.21
7404,2026-04-01,7,5,5,3,106.42,52.8,53.62
7405,2026-04-01,8,1,1,2,90.12,38.92,51.2
7406,2026-04-01,8,1,2,7,351.36,141.01,210.35
7407,2026-04-01,8,1,4,6,275.95,115.39,160.56
7408,2026-04-01,8,1,5,3,114.18,53.46,60.72
7409,2026-04-01,8,2,2,2,99.85,41.14,58.71
7410,2026-04-01,8,2,3,4,206.0,81.56,124.44
7411,2026-04-01,8,2,4,12,589.92,241.46,348.46
7412,2026-04-01,8,2,5,8,370.61,155.32,215.29
7413,2026-04-01,8,3,1,3,174.9,70.65,104.25
7414,2026-04-01,8,3,2,3,164.34,66.09,98.25
7415,2026-04-01,8,3,3,1,49.11,19.99,29.12
7416,2026-04-01,8,3,4,8,370.09,152.05,218.04
7417,2026-04-01,8,3,5,4,196.6,83.8,112.8
7418,2026-04-01,8,4,2,1,55.66,21.52,34.14
7419,2026-04-01,8,4,3,1,58.53,21.04,37.49
7420,2026-04-01,8,4,4,1,49.75,21.05,28.7
7421,2026-04-01,8,4,5,3,161.13,62.81,98.32
7422,2026-04-01,8,5,2,3,152.86,60.28,92.58
7423,2026-04-01,8,5,3,1,38.32,20.15,18.17
7424,2026-04-01,8,5,4,7,319.12,146.2,172.92
7425,2026-04-01,8,5,5,5,202.34,92.25,110.09
7426,2026-04-01,9,1,4,8,542.24,231.04,311.2
7427,2026-04-01,9,1,5,1,63.45,25.82,37.63
7428,2026-04-01,9,2,1,4,314.12,129.51,184.61
7429,2026-04-01,9,2,2,1,72.52,30.54,41.98
7430,2026-04-01,9,2,3,2,124.63,56.03,68.6
7431,2026-04-01,9,2,4,9,615.8,266.08,349.72
7432,2026-04-01,9,4,1,2,161.69,67.61,94.08
7433,2026-04-01,9,4,3,1,75.29,30.54,44.75
7434,2026-04-01,9,5,4,15,951.54,436.63,514.91
7435,2026-04-01,9,5,5,1,66.57,28.35,38.22
7436,2026-04-01,10,1,1,1,59.86,24.25,35.61
7437,2026-04-01,10,1,2,1,62.14,24.74,37.4
7438,2026-04-01,10,1,3,1,48.72,23.08,25.64
7439,2026-04-01,10,1,4,4,255.69,105.88,149.81
7440,2026-04-01,10,1,5,2,101.93,41.0,60.93
7441,2026-04-01,10,2,2,4,252.27,96.95,155.32
7442,2026-04-01,10,2,4,1,54.64,21.83,32.81
7443,2026-04-01,10,2,5,1,58.8,22.19,36.61
7444,2026-04-01,10,3,3,2,121.33,49.98,71.35
7445,2026-04-01,10,3,4,4,248.03,96.92,151.11
7446,2026-04-01,10,3,5,2,122.58,48.54,74.04
7447,2026-04-01,10,4,1,1,76.59,27.36,49.23
7448,2026-04-01,10,4,2,5,275.6,107.53,168.07
7449,2026-04-01,10,4,4,7,432.22,170.09,262.13
7450,2026-04-01,10,4,5,3,196.56,78.67,117.89
7451,2026-04-01,10,5,2,5,315.8,121.95,193.85
7452,2026-04-01,10,5,5,1,46.98,23.15,23.83
7453,2026-04-01,11,1,2,4,153.56,53.33,100.23
7454,2026-04-01,11,1,4,6,236.73,82.44,154.29
7455,2026-04-01,11,1,5,3,146.67,48.46,98.21
7456,2026-04-01,11,2,1,1,45.47,14.06,31.41
7457,2026-04-01,11,2,2,3,126.24,41.93,84.31
7458,2026-04-01,11,2,3,1,43.14,12.94,30.2
7459,2026-04-01,11,2,4,10,384.94,129.23,255.71
7460,2026-04-01,11,2,5,2,77.82,27.05,50.77
7461,2026-04-01,11,3,4,10,411.38,131.77,279.61
7462,2026-04-01,11,4,4,2,85.39,27.27,58.12
7463,2026-04-01,11,5,1,1,40.96,14.77,26.19
7464,2026-04-01,11,5,2,2,68.22,27.12,41.1
7465,2026-04-01,11,5,4,8,309.91,108.91,201.0
7466,2026-04-01,11,5,5,1,38.89,13.52,25.37
7467,2026-04-01,12,1,2,1,72.67,28.24,44.43
7468,2026-04-01,12,1,4,9,695.44,256.63,438.81
7469,2026-04-01,12,1,5,5,403.09,151.81,251.28
7470,2026-04-01,12,2,1,4,345.07,121.11,223.96
7471,2026-04-01,12,2,2,2,169.09,60.7,108.39
7472,2026-04-01,12,2,4,5,369.19,134.64,234.55
7473,2026-04-01,12,3,2,2,181.72,65.12,116.6
7474,2026-04-01,12,3,3,3,237.26,89.11,148.15
7475,2026-04-01,12,3,4,3,231.74,84.92,146.82
7476,2026-04-01,12,4,3,1,87.42,30.82,56.6
7477,2026-04-01,12,4,4,4,322.51,115.85,206.66
7478,2026-04-01,12,4,5,2,171.87,61.02,110.85
7479,2026-04-01,12,5,3,3,217.48,83.03,134.45
7480,2026-04-01,12,5,4,3,252.66,100.87,151.79
7481,2026-04-01,12,5,5,2,128.1,54.75,73.35
7482,2026-04-01,13,1,1,1,56.44,19.77,36.67
7483,2026-04-01,13,1,2,2,98.55,39.12,59.43
7484,2026-04-01,13,1,3,1,51.61,18.73,32.88
7485,2026-04-01,13,1,4,9,471.58,177.73,293.85
7486,2026-04-01,13,1,5,3,142.11,54.3,87.81
7487,2026-04-01,13,2,1,3,170.53,69.05,101.48
7488,2026-04-01,13,2,2,4,231.11,92.07,139.04
7489,2026-04-01,13,2,3,2,113.94,41.67,72.27
7490,2026-04-01,13,2,4,5,270.28,100.1,170.18
7491,2026-04-01,13,2,5,3,160.87,59.54,101.33
7492,2026-04-01,13,3,2,3,175.61,65.13,110.48
7493,2026-04-01,13,3,3,8,443.38,163.72,279.66
7494,2026-04-01,13,3,4,5,265.96,104.93,161.03
7495,2026-04-01,13,3,5,1,54.74,20.78,33.96
7496,2026-04-01,13,4,3,1,62.69,22.37,40.32
7497,2026-04-01,13,4,4,1,62.53,20.85,41.68
7498,2026-04-01,13,4,5,6,363.91,130.44,233.47
7499,2026-04-01,13,5,1,2,95.61,42.55,53.06
7500,2026-04-01,13,5,4,4,178.11,77.08,101.03
7501,2026-04-01,13,5,5,1,47.62,19.12,28.5
7502,2026-04-01,14,1,1,1,24.83,9.64,15.19
7503,2026-04-01,14,1,2,3,78.78,30.83,47.95
7504,2026-04-01,14,1,4,15,383.76,155.72,228.04
7505,2026-04-01,14,1,5,4,92.97,37.06,55.91
7506,2026-04-01,14,2,2,4,115.64,42.88,72.76
7507,2026-04-01,14,2,3,1,28.43,10.0,18.43
7508,2026-04-01,14,2,4,7,200.33,75.16,125.17
7509,2026-04-01,14,2,5,8,216.67,80.9,135.77
7510,2026-04-01,14,3,2,1,31.12,11.57,19.55
7511,2026-04-01,14,3,3,5,143.83,54.01,89.82
7512,2026-04-01,14,3,4,7,193.01,69.74,123.27
7513,2026-04-01,14,4,2,5,135.91,46.48,89.43
7514,2026-04-01,14,4,3,1,27.75,10.97,16.78
7515,2026-04-01,14,4,4,7,194.85,71.31,123.54
7516,2026-04-01,14,5,2,1,26.65,10.43,16.22
7517,2026-04-01,14,5,3,1,23.16,10.03,13.13
7518,2026-04-01,14,5,4,5,132.22,54.7,77.52
7519,2026-04-01,15,1,2,2,110.31,45.11,65.2
7520,2026-04-01,15,1,3,4,230.15,86.73,143.42
7521,2026-04-01,15,1,4,8,429.44,189.71,239.73
7522,2026-04-01,15,1,5,4,193.94,84.6,109.34
7523,2026-04-01,15,2,1,1,59.78,25.04,34.74
7524,2026-04-01,15,2,2,2,118.99,49.41,69.58
7525,2026-04-01,15,2,3,1,51.29,23.59,27.7
7526,2026-04-01,15,2,4,6,310.29,129.94,180.35
7527,2026-04-01,15,2,5,4,192.53,84.76,107.77
7528,2026-04-01,15,3,1,1,64.88,25.01,39.87
7529,2026-04-01,15,3,2,1,64.62,24.61,40.01
7530,2026-04-01,15,3,4,4,228.07,92.8,135.27
7531,2026-04-01,15,4,2,1,68.05,25.98,42.07
7532,2026-04-01,15,4,3,1,59.75,25.48,34.27
7533,2026-04-01,15,4,4,3,178.69,68.41,110.28
7534,2026-04-01,15,4,5,2,127.91,49.79,78.12
7535,2026-04-01,15,5,3,1,54.61,22.67,31.94
7536,2026-04-01,15,5,4,5,264.91,118.08,146.83
7537,2026-04-01,15,5,5,3,137.03,64.37,72.66
7538,2026-05-01,1,1,2,3,175.58,73.88,101.7
7539,2026-05-01,1,1,3,4,246.64,103.05,143.59
7540,2026-05-01,1,1,4,10,603.8,262.81,340.99
7541,2026-05-01,1,1,5,12,805.64,319.75,485.89
7542,2026-05-01,1,2,3,2,126.41,53.22,73.19
7543,2026-05-01,1,2,4,9,600.85,244.06,356.79
7544,2026-05-01,1,2,5,3,178.84,77.0,101.84
7545,2026-05-01,1,3,2,2,150.2,57.69,92.51
7546,2026-05-01,1,3,4,10,623.51,267.39,356.12
7547,2026-05-01,1,3,5,3,199.06,81.16,117.9
7548,2026-05-01,1,4,1,1,87.06,32.34,54.72
7549,2026-05-01,1,4,2,3,232.04,91.17,140.87
7550,2026-05-01,1,4,4,5,346.04,142.93,203.11
7551,2026-05-01,1,4,5,5,348.11,137.63,210.48
7552,2026-05-01,1,5,1,2,106.34,54.35,51.99
7553,2026-05-01,1,5,2,1,60.46,27.25,33.21
7554,2026-05-01,1,5,4,3,156.85,72.4,84.45
7555,2026-05-01,1,5,5,3,170.17,75.93,94.24
7556,2026-05-01,2,1,2,3,320.32,134.05,186.27
7557,2026-05-01,2,1,3,2,186.08,83.61,102.47
7558,2026-05-01,2,1,4,9,964.02,406.54,557.48
7559,2026-05-01,2,1,5,3,360.35,161.25,199.1
7560,2026-05-01,2,2,3,2,220.56,88.59,131.97
7561,2026-05-01,2,2,4,8,934.05,365.08,568.97
7562,2026-05-01,2,2,5,2,229.0,88.02,140.98
7563,2026-05-01,2,3,1,2,241.35,110.33,131.02
7564,2026-05-01,2,3,2,5,628.38,247.87,380.51
7565,2026-05-01,2,3,4,5,538.62,233.1,305.52
7566,2026-05-01,2,3,5,3,324.35,137.73,186.62
7567,2026-05-01,2,4,1,2,255.36,110.65,144.71
7568,2026-05-01,2,4,3,1,125.89,48.52,77.37
7569,2026-05-01,2,4,4,7,773.2,316.94,456.26
7570,2026-05-01,2,5,2,1,110.48,45.49,64.99
7571,2026-05-01,2,5,4,1,97.62,42.79,54.83
7572,2026-05-01,2,5,5,3,268.29,121.89,146.4
7573,2026-05-01,3,1,1,3,143.54,63.25,80.29
7574,2026-05-01,3,1,2,4,192.38,79.31,113.07
7575,2026-05-01,3,1,4,3,144.78,54.83,89.95
7576,2026-05-01,3,1,5,6,316.06,120.47,195.59
7577,2026-05-01,3,2,1,1,49.85,20.87,28.98
7578,2026-05-01,3,2,2,2,106.44,45.31,61.13
7579,2026-05-01,3,2,3,3,151.93,59.86,92.07
7580,2026-05-01,3,2,4,9,478.65,191.57,287.08
7581,2026-05-01,3,2,5,2,103.78,39.6,64.18
7582,2026-05-01,3,3,1,4,245.45,89.86,155.59
7583,2026-05-01,3,3,2,3,173.92,65.95,107.97
7584,2026-05-01,3,3,3,2,95.84,40.04,55.8
7585,2026-05-01,3,3,4,4,208.86,79.69,129.17
7586,2026-05-01,3,3,5,1,53.92,20.6,33.32
7587,2026-05-01,3,4,2,6,298.24,119.23,179.01
7588,2026-05-01,3,4,4,4,196.56,78.95,117.61
7589,2026-05-01,3,4,5,4,213.41,82.39,131.02
7590,2026-05-01,3,5,1,1,43.99,21.25,22.74
7591,2026-05-01,3,5,2,3,149.16,62.17,86.99
7592,2026-05-01,3,5,3,3,140.6,54.35,86.25
7593,2026-05-01,3,5,4,3,125.95,54.05,71.9
7594,2026-05-01,3,5,5,1,49.0,18.17,30.83
7595,2026-05-01,4,1,1,2,162.42,66.19,96.23
7596,2026-05-01,4,1,2,5,367.31,154.39,212.92
7597,2026-05-01,4,1,3,1,72.17,31.78,40.39
7598,2026-05-01,4,1,4,3,217.99,88.45,129.54
7599,2026-05-01,4,1,5,4,284.62,126.68,157.94
7600,2026-05-01,4,2,1,2,166.22,75.53,90.69
7601,2026-05-01,4,2,2,2,160.83,66.81,94.02
7602,2026-05-01,4,2,3,4,339.77,132.74,207.03
7603,2026-05-01,4,2,4,5,401.8,154.69,247.11
7604,2026-05-01,4,3,1,1,86.17,36.57,49.6
7605,2026-05-01,4,3,2,7,580.31,249.9,330.41
7606,2026-05-01,4,3,3,5,440.98,173.09,267.89
7607,2026-05-01,4,3,4,2,154.75,64.43,90.32
7608,2026-05-01,4,3,5,7,627.22,245.87,381.35
7609,2026-05-01,4,4,1,1,101.06,40.31,60.75
7610,2026-05-01,4,4,2,2,172.57,72.89,99.68
7611,2026-05-01,4,4,3,1,89.49,34.99,54.5
7612,2026-05-01,4,4,4,6,501.23,203.48,297.75
7613,2026-05-01,4,4,5,7,619.85,247.86,371.99
7614,2026-05-01,4,5,1,5,423.01,180.25,242.76
7615,2026-05-01,4,5,2,2,161.1,69.02,92.08
7616,2026-05-01,4,5,3,4,292.18,128.57,163.61
7617,2026-05-01,4,5,4,5,430.92,184.33,246.59
7618,2026-05-01,4,5,5,6,425.97,183.97,242.0
7619,2026-05-01,5,1,2,2,160.41,78.7,81.71
7620,2026-05-01,5,1,3,4,420.75,181.06,239.69
7621,2026-05-01,5,1,4,16,1451.45,650.61,800.84
7622,2026-05-01,5,1,5,9,828.21,370.5,457.71
7623,2026-05-01,5,2,1,1,100.48,47.09,53.39
7624,2026-05-01,5,2,2,5,509.83,224.92,284.91
7625,2026-05-01,5,2,4,7,678.6,302.99,375.61
7626,2026-05-01,5,2,5,7,669.87,299.24,370.63
7627,2026-05-01,5,3,2,2,199.63,86.74,112.89
7628,2026-05-01,5,3,3,2,187.66,81.61,106.05
7629,2026-05-01,5,3,4,4,388.79,169.19,219.6
7630,2026-05-01,5,3,5,7,685.65,291.92,393.73
7631,2026-05-01,5,4,2,1,109.65,47.2,62.45
7632,2026-05-01,5,4,3,1,107.53,44.23,63.3
7633,2026-05-01,5,4,4,7,648.92,291.68,357.24
7634,2026-05-01,5,4,5,2,197.1,88.66,108.44
7635,2026-05-01,5,5,1,3,288.41,135.21,153.2
7636,2026-05-01,5,5,2,4,327.01,177.33,149.68
7637,2026-05-01,5,5,3,1,83.53,39.75,43.78
7638,2026-05-01,5,5,4,1,73.36,36.74,36.62
7639,2026-05-01,5,5,5,7,654.85,314.17,340.68
7640,2026-05-01,6,1,3,1,61.87,31.17,30.7
7641,2026-05-01,6,1,4,6,475.32,211.24,264.08
7642,2026-05-01,6,1,5,2,118.27,58.05,60.22
7643,2026-05-01,6,2,1,1,84.6,36.0,48.6
7644,2026-05-01,6,2,2,2,156.62,66.69,89.93
7645,2026-05-01,6,2,3,3,212.33,96.56,115.77
7646,2026-05-01,6,2,4,7,514.06,218.8,295.26
7647,2026-05-01,6,2,5,1,74.97,33.68,41.29
7648,2026-05-01,6,3,1,1,83.96,36.25,47.71
7649,2026-05-01,6,3,4,1,78.0,33.51,44.49
7650,2026-05-01,6,3,5,5,365.13,165.12,200.01
7651,2026-05-01,6,4,1,1,90.06,36.8,53.26
7652,2026-05-01,6,4,2,1,87.19,38.12,49.07
7653,2026-05-01,6,4,4,3,224.58,97.92,126.66
7654,2026-05-01,6,4,5,6,498.15,216.87,281.28
7655,2026-05-01,6,5,2,2,126.21,66.79,59.42
7656,2026-05-01,6,5,5,1,71.43,31.03,40.4
7657,2026-05-01,7,1,1,2,83.31,36.37,46.94
7658,2026-05-01,7,1,2,2,87.14,34.63,52.51
7659,2026-05-01,7,1,3,2,85.95,35.63,50.32
7660,2026-05-01,7,1,4,9,386.75,161.76,224.99
7661,2026-05-01,7,1,5,4,159.87,68.19,91.68
7662,2026-05-01,7,2,1,1,50.53,19.74,30.79
7663,2026-05-01,7,2,3,4,177.72,73.67,104.05
7664,2026-05-01,7,2,4,5,252.64,100.46,152.18
7665,2026-05-01,7,2,5,5,220.05,91.0,129.05
7666,2026-05-01,7,3,1,1,55.57,21.79,33.78
7667,2026-05-01,7,3,2,4,197.93,80.65,117.28
7668,2026-05-01,7,3,3,2,100.51,37.78,62.73
7669,2026-05-01,7,3,4,8,365.48,143.71,221.77
7670,2026-05-01,7,3,5,3,144.19,56.66,87.53
7671,2026-05-01,7,4,2,5,260.74,99.29,161.45
7672,2026-05-01,7,4,3,4,208.19,78.99,129.2
7673,2026-05-01,7,4,4,6,275.93,109.31,166.62
7674,2026-05-01,7,4,5,9,457.65,174.46,283.19
7675,2026-05-01,7,5,1,1,47.33,19.49,27.84
7676,2026-05-01,7,5,2,3,129.89,57.25,72.64
7677,2026-05-01,7,5,4,5,192.39,86.87,105.52
7678,2026-05-01,7,5,5,1,41.33,16.75,24.58
7679,2026-05-01,8,1,1,5,246.04,96.55,149.49
7680,2026-05-01,8,1,2,4,175.79,74.69,101.1
7681,2026-05-01,8,1,3,1,42.31,17.37,24.94
7682,2026-05-01,8,1,4,9,456.33,192.34,263.99
7683,2026-05-01,8,1,5,4,231.6,90.5,141.1
7684,2026-05-01,8,2,1,4,203.36,84.68,118.68
7685,2026-05-01,8,2,2,2,106.84,44.74,62.1
7686,2026-05-01,8,2,4,2,81.28,36.33,44.95
7687,2026-05-01,8,2,5,5,233.04,98.63,134.41
7688,2026-05-01,8,3,1,1,57.17,22.65,34.52
7689,2026-05-01,8,3,2,1,49.39,21.54,27.85
7690,2026-05-01,8,3,3,2,99.62,42.89,56.73
7691,2026-05-01,8,3,4,8,421.92,168.03,253.89
7692,2026-05-01,8,3,5,2,100.16,42.44,57.72
7693,2026-05-01,8,4,1,5,231.41,93.26,138.15
7694,2026-05-01,8,4,2,1,56.71,23.5,33.21
7695,2026-05-01,8,4,3,3,158.78,67.31,91.47
7696,2026-05-01,8,4,4,4,201.51,80.7,120.81
7697,2026-05-01,8,4,5,2,109.93,42.28,67.65
7698,2026-05-01,8,5,2,7,314.09,136.59,177.5
7699,2026-05-01,8,5,3,2,85.27,39.84,45.43
7700,2026-05-01,8,5,4,4,173.26,73.05,100.21
7701,2026-05-01,8,5,5,1,42.91,19.73,23.18
7702,2026-05-01,9,1,1,1,67.77,29.13,38.64
7703,2026-05-01,9,1,2,5,324.44,142.1,182.34
7704,2026-05-01,9,1,3,1,61.63,27.53,34.1
7705,2026-05-01,9,1,4,3,177.64,75.37,102.27
7706,2026-05-01,9,1,5,3,181.49,77.67,103.82
7707,2026-05-01,9,2,1,1,83.68,32.02,51.66
7708,2026-05-01,9,2,3,3,216.31,87.57,128.74
7709,2026-05-01,9,2,4,13,915.98,394.47,521.51
7710,2026-05-01,9,2,5,2,122.47,57.67,64.8
7711,2026-05-01,9,3,3,1,66.82,30.42,36.4
7712,2026-05-01,9,3,4,8,497.65,223.52,274.13
7713,2026-05-01,9,3,5,2,140.93,60.62,80.31
7714,2026-05-01,9,4,4,1,72.99,29.86,43.13
7715,2026-05-01,9,4,5,3,222.12,92.13,129.99
7716,2026-05-01,9,5,1,4,269.65,126.8,142.85
7717,2026-05-01,9,5,2,1,57.28,29.13,28.15
7718,2026-05-01,9,5,4,2,108.53,50.97,57.56
7719,2026-05-01,9,5,5,5,297.85,136.97,160.88
7720,2026-05-01,10,1,2,2,106.99,47.32,59.67
7721,2026-05-01,10,1,4,7,428.66,171.11,257.55
7722,2026-05-01,10,1,5,2,101.56,42.54,59.02
7723,2026-05-01,10,2,2,1,66.44,24.73,41.71
7724,2026-05-01,10,2,3,2,119.79,47.35,72.44
7725,2026-05-01,10,2,4,4,272.77,109.99,162.78
7726,2026-05-01,10,2,5,2,111.21,46.19,65.02
7727,2026-05-01,10,3,2,4,284.84,108.72,176.12
7728,2026-05-01,10,3,3,1,61.43,26.2,35.23
7729,2026-05-01,10,3,4,6,346.09,141.55,204.54
7730,2026-05-01,10,3,5,2,123.64,51.22,72.42
7731,2026-05-01,10,4,2,1,67.22,27.48,39.74
7732,2026-05-01,10,4,3,1,71.76,25.71,46.05
7733,2026-05-01,10,4,4,2,130.27,48.23,82.04
7734,2026-05-01,10,4,5,2,133.44,51.02,82.42
7735,2026-05-01,10,5,2,2,105.26,46.61,58.65
7736,2026-05-01,10,5,4,2,92.53,44.17,48.36
7737,2026-05-01,10,5,5,2,96.85,44.63,52.22
7738,2026-05-01,11,1,1,5,198.26,68.26,130.0
7739,2026-05-01,11,1,2,3,122.34,39.95,82.39
7740,2026-05-01,11,1,3,2,77.32,25.43,51.89
7741,2026-05-01,11,1,4,9,378.85,130.56,248.29
7742,2026-05-01,11,1,5,1,37.69,12.25,25.44
7743,2026-05-01,11,2,1,2,82.93,29.46,53.47
7744,2026-05-01,11,2,3,3,115.09,39.9,75.19
7745,2026-05-01,11,2,4,3,111.79,36.83,74.96
7746,2026-05-01,11,2,5,1,41.64,13.22,28.42
7747,2026-05-01,11,3,3,4,182.55,54.91,127.64
7748,2026-05-01,11,3,4,11,438.9,143.06,295.84
7749,2026-05-01,11,4,2,1,50.4,15.81,34.59
7750,2026-05-01,11,4,3,2,93.52,28.97,64.55
7751,2026-05-01,11,4,4,8,333.4,107.32,226.08
7752,2026-05-01,11,4,5,3,135.75,44.04,91.71
7753,2026-05-01,11,5,1,1,36.04,14.29,21.75
7754,2026-05-01,11,5,2,1,34.94,13.36,21.58
7755,2026-05-01,11,5,4,2,73.65,24.4,49.25
7756,2026-05-01,11,5,5,2,71.15,23.93,47.22
7757,2026-05-01,12,1,2,6,437.65,170.43,267.22
7758,2026-05-01,12,1,3,1,78.19,26.67,51.52
7759,2026-05-01,12,1,4,6,457.5,178.68,278.82
7760,2026-05-01,12,1,5,2,138.04,50.26,87.78
7761,2026-05-01,12,2,1,2,171.04,63.21,107.83
7762,2026-05-01,12,2,2,4,309.54,116.36,193.18
7763,2026-05-01,12,2,3,3,250.46,87.16,163.3
7764,2026-05-01,12,2,4,8,679.04,247.63,431.41
7765,2026-05-01,12,2,5,4,295.76,109.74,186.02
7766,2026-05-01,12,3,1,1,95.59,35.34,60.25
7767,2026-05-01,12,3,2,4,356.1,124.93,231.17
7768,2026-05-01,12,3,4,10,792.73,286.38,506.35
7769,2026-05-01,12,4,1,8,625.76,223.89,401.87
7770,2026-05-01,12,4,2,3,268.41,101.01,167.4
7771,2026-05-01,12,4,4,6,492.61,179.63,312.98
7772,2026-05-01,12,5,1,3,207.12,92.48,114.64
7773,2026-05-01,12,5,2,5,406.03,145.4,260.63
7774,2026-05-01,12,5,3,1,68.56,26.78,41.78
7775,2026-05-01,12,5,4,7,516.6,207.06,309.54
7776,2026-05-01,12,5,5,5,344.08,135.39,208.69
7777,2026-05-01,13,1,1,1,57.79,20.68,37.11
7778,2026-05-01,13,1,2,6,293.3,116.69,176.61
7779,2026-05-01,13,1,3,7,325.24,137.57,187.67
7780,2026-05-01,13,1,4,5,267.47,104.05,163.42
7781,2026-05-01,13,1,5,5,298.67,106.38,192.29
7782,2026-05-01,13,2,1,3,171.7,67.25,104.45
7783,2026-05-01,13,2,2,1,56.94,20.75,36.19
7784,2026-05-01,13,2,3,3,173.1,62.94,110.16
7785,2026-05-01,13,2,4,6,304.09,118.89,185.2
7786,2026-05-01,13,2,5,4,203.44,78.57,124.87
7787,2026-05-01,13,3,1,1,56.91,23.01,33.9
7788,2026-05-01,13,3,2,2,114.29,43.47,70.82
7789,2026-05-01,13,3,3,5,279.04,107.93,171.11
7790,2026-05-01,13,3,4,4,224.88,83.83,141.05
7791,2026-05-01,13,3,5,2,106.35,41.61,64.74
7792,2026-05-01,13,4,3,1,63.01,21.49,41.52
7793,2026-05-01,13,4,4,5,306.08,106.43,199.65
7794,2026-05-01,13,5,2,1,52.33,21.93,30.4
7795,2026-05-01,13,5,4,3,140.47,55.87,84.6
7796,2026-05-01,13,5,5,4,194.19,78.04,116.15
7797,2026-05-01,14,1,1,2,54.72,20.75,33.97
7798,2026-05-01,14,1,2,3,72.28,28.77,43.51
7799,2026-05-01,14,1,4,3,75.98,27.7,48.28
7800,2026-05-01,14,1,5,11,293.02,116.09,176.93
7801,2026-05-01,14,2,2,2,59.52,22.21,37.31
7802,2026-05-01,14,2,3,4,104.1,39.82,64.28
7803,2026-05-01,14,2,4,15,415.17,155.44,259.73
7804,2026-05-01,14,3,2,2,59.37,22.48,36.89
7805,2026-05-01,14,3,3,1,30.85,11.3,19.55
7806,2026-05-01,14,3,4,8,211.47,79.85,131.62
7807,2026-05-01,14,4,1,2,65.94,23.29,42.65
7808,2026-05-01,14,4,4,5,143.98,52.97,91.01
7809,2026-05-01,14,4,5,5,140.63,54.42,86.21
7810,2026-05-01,14,5,1,2,50.39,23.26,27.13
7811,2026-05-01,14,5,2,3,81.12,32.31,48.81
7812,2026-05-01,14,5,3,2,52.01,19.2,32.81
7813,2026-05-01,14,5,4,4,90.16,37.86,52.3
7814,2026-05-01,14,5,5,2,46.12,20.11,26.01
7815,2026-05-01,15,1,1,1,53.73,23.06,30.67
7816,2026-05-01,15,1,2,3,155.62,68.83,86.79
7817,2026-05-01,15,1,3,7,396.33,166.0,230.33
7818,2026-05-01,15,1,4,4,224.76,97.35,127.41
7819,2026-05-01,15,1,5,4,239.46,98.63,140.83
7820,2026-05-01,15,2,1,2,118.95,47.9,71.05
7821,2026-05-01,15,2,2,5,294.42,117.84,176.58
7822,2026-05-01,15,2,3,1,53.42,23.1,30.32
7823,2026-05-01,15,2,4,15,854.74,341.65,513.09
7824,2026-05-01,15,2,5,6,324.71,136.04,188.67
7825,2026-05-01,15,3,2,1,56.22,24.97,31.25
7826,2026-05-01,15,3,4,6,347.4,138.62,208.78
7827,2026-05-01,15,3,5,4,220.98,94.61,126.37
7828,2026-05-01,15,4,2,5,252.56,105.89,146.67
7829,2026-05-01,15,4,3,1,62.54,23.69,38.85
7830,2026-05-01,15,4,4,10,602.15,235.56,366.59
7831,2026-05-01,15,4,5,3,169.69,68.4,101.29
7832,2026-05-01,15,5,1,2,99.91,47.67,52.24
7833,2026-05-01,15,5,2,3,166.75,72.12,94.63
7834,2026-05-01,15,5,4,6,327.08,145.26,181.82
7835,2026-05-01,15,5,5,5,239.26,106.67,132.59
7836,2026-06-01,1,1,1,1,64.94,27.21,37.73
7837,2026-06-01,1,1,2,4,242.77,105.82,136.95
7838,2026-06-01,1,1,3,1,62.46,24.5,37.96
7839,2026-06-01,1,1,4,10,631.7,271.37,360.33
7840,2026-06-01,1,1,5,1,60.33,23.52,36.81
7841,2026-06-01,1,2,1,2,134.87,55.27,79.6
7842,2026-06-01,1,2,2,8,546.19,232.3,313.89
7843,2026-06-01,1,2,3,3,201.2,80.09,121.11
7844,2026-06-01,1,2,4,8,513.34,223.1,290.24
7845,2026-06-01,1,3,1,5,300.48,127.3,173.18
7846,2026-06-01,1,3,2,1,76.0,30.25,45.75
7847,2026-06-01,1,3,3,4,289.38,110.56,178.82
7848,2026-06-01,1,3,4,11,702.81,290.99,411.82
7849,2026-06-01,1,3,5,2,150.35,55.58,94.77
7850,2026-06-01,1,4,2,6,375.65,147.44,228.21
7851,2026-06-01,1,4,3,2,145.86,58.08,87.78
7852,2026-06-01,1,4,4,8,526.19,209.97,316.22
7853,2026-06-01,1,4,5,2,131.05,57.03,74.02
7854,2026-06-01,1,5,1,1,57.16,27.96,29.2
7855,2026-06-01,1,5,3,6,332.73,154.73,178.0
7856,2026-06-01,1,5,4,4,254.62,116.77,137.85
7857,2026-06-01,1,5,5,1,58.74,25.81,32.93
7858,2026-06-01,2,1,1,3,317.66,138.96,178.7
7859,2026-06-01,2,1,2,5,487.77,217.43,270.34
7860,2026-06-01,2,1,4,4,439.24,192.44,246.8
7861,2026-06-01,2,2,1,1,110.88,49.88,61.0
7862,2026-06-01,2,2,2,2,227.32,100.09,127.23
7863,2026-06-01,2,2,3,1,111.38,46.4,64.98
7864,2026-06-01,2,2,4,4,426.45,167.21,259.24
7865,2026-06-01,2,2,5,3,331.76,131.76,200.0
7866,2026-06-01,2,3,1,3,386.52,159.15,227.37
7867,2026-06-01,2,3,2,2,241.52,105.64,135.88
7868,2026-06-01,2,3,3,1,115.04,48.3,66.74
7869,2026-06-01,2,3,4,7,781.59,321.77,459.82
7870,2026-06-01,2,3,5,2,233.62,92.68,140.94
7871,2026-06-01,2,4,2,2,263.86,106.09,157.77
7872,2026-06-01,2,4,4,4,492.66,196.46,296.2
7873,2026-06-01,2,4,5,1,122.04,51.14,70.9
7874,2026-06-01,2,5,2,2,216.31,94.56,121.75
7875,2026-06-01,2,5,4,10,1039.17,445.42,593.75
7876,2026-06-01,2,5,5,1,100.95,45.41,55.54
7877,2026-06-01,3,1,1,4,184.98,78.17,106.81
7878,2026-06-01,3,1,2,2,86.62,38.06,48.56
7879,2026-06-01,3,1,3,1,42.86,17.87,24.99
7880,2026-06-01,3,1,4,9,454.9,188.03,266.87
7881,2026-06-01,3,1,5,5,210.24,94.3,115.94
7882,2026-06-01,3,2,2,3,171.48,66.5,104.98
7883,2026-06-01,3,2,3,4,214.26,81.25,133.01
7884,2026-06-01,3,2,4,5,277.61,109.72,167.89
7885,2026-06-01,3,2,5,4,205.94,79.73,126.21
7886,2026-06-01,3,3,1,3,170.84,69.56,101.28
7887,2026-06-01,3,3,2,3,173.56,68.06,105.5
7888,2026-06-01,3,3,3,2,113.67,43.23,70.44
7889,2026-06-01,3,3,4,2,99.59,39.27,60.32
7890,2026-06-01,3,3,5,5,264.79,100.65,164.14
7891,2026-06-01,3,4,2,3,178.7,68.13,110.57
7892,2026-06-01,3,4,3,1,54.26,20.49,33.77
7893,2026-06-01,3,4,4,2,104.83,42.57,62.26
7894,2026-06-01,3,5,1,2,101.14,44.99,56.15
7895,2026-06-01,3,5,2,5,240.67,101.76,138.91
7896,2026-06-01,3,5,4,8,361.2,162.15,199.05
7897,2026-06-01,3,5,5,1,39.12,18.94,20.18
7898,2026-06-01,4,1,1,2,164.66,69.12,95.54
7899,2026-06-01,4,1,2,8,689.21,288.19,401.02
7900,2026-06-01,4,1,3,4,322.66,127.24,195.42
7901,2026-06-01,4,1,4,7,577.48,239.94,337.54
7902,2026-06-01,4,1,5,2,144.06,58.98,85.08
7903,2026-06-01,4,2,1,2,182.71,71.45,111.26
7904,2026-06-01,4,2,2,6,505.96,206.59,299.37
7905,2026-06-01,4,2,4,3,215.95,88.44,127.51
7906,2026-06-01,4,2,5,3,249.19,100.16,149.03
7907,2026-06-01,4,3,1,1,88.37,37.88,50.49
7908,2026-06-01,4,3,2,2,171.31,71.79,99.52
7909,2026-06-01,4,3,3,1,79.78,36.34,43.44
7910,2026-06-01,4,3,4,2,165.41,67.26,98.15
7911,2026-06-01,4,3,5,2,175.5,66.24,109.26
7912,2026-06-01,4,4,2,1,99.07,40.46,58.61
7913,2026-06-01,4,4,3,1,92.02,37.55,54.47
7914,2026-06-01,4,4,4,3,248.75,96.2,152.55
7915,2026-06-01,4,4,5,4,362.27,138.56,223.71
7916,2026-06-01,4,5,2,1,83.34,33.88,49.46
7917,2026-06-01,4,5,3,2,140.32,65.61,74.71
7918,2026-06-01,4,5,4,9,711.0,318.26,392.74
7919,2026-06-01,4,5,5,2,137.93,62.49,75.44
7920,2026-06-01,5,1,2,7,597.59,288.8,308.79
7921,2026-06-01,5,1,3,4,322.83,148.36,174.47
7922,2026-06-01,5,1,4,8,695.13,326.56,368.57
7923,2026-06-01,5,2,2,2,179.77,84.41,95.36
7924,2026-06-01,5,2,3,1,87.77,41.34,46.43
7925,2026-06-01,5,2,4,5,489.35,223.74,265.61
7926,2026-06-01,5,2,5,3,269.24,122.2,147.04
7927,2026-06-01,5,3,1,5,404.65,193.1,211.55
7928,2026-06-01,5,3,2,10,925.04,415.83,509.21
7929,2026-06-01,5,3,3,3,295.54,132.13,163.41
7930,2026-06-01,5,3,4,7,636.04,279.38,356.66
7931,2026-06-01,5,3,5,3,289.11,125.71,163.4
7932,2026-06-01,5,4,2,2,204.39,90.45,113.94
7933,2026-06-01,5,4,3,1,99.2,46.1,53.1
7934,2026-06-01,5,4,4,4,392.68,171.65,221.03
7935,2026-06-01,5,4,5,3,296.67,132.69,163.98
7936,2026-06-01,5,5,2,2,151.96,86.33,65.63
7937,2026-06-01,5,5,4,6,532.82,262.64,270.18
7938,2026-06-01,5,5,5,2,164.1,81.21,82.89
7939,2026-06-01,6,1,1,5,364.83,164.4,200.43
7940,2026-06-01,6,1,2,4,305.69,125.85,179.84
7941,2026-06-01,6,1,3,4,270.75,119.22,151.53
7942,2026-06-01,6,1,4,9,637.27,290.57,346.7
7943,2026-06-01,6,1,5,4,316.56,145.13,171.43
7944,2026-06-01,6,2,2,2,144.99,69.13,75.86
7945,2026-06-01,6,2,3,4,296.57,128.8,167.77
7946,2026-06-01,6,2,4,7,490.1,221.37,268.73
7947,2026-06-01,6,2,5,2,143.94,61.1,82.84
7948,2026-06-01,6,3,2,1,86.48,37.58,48.9
7949,2026-06-01,6,3,3,1,73.78,35.65,38.13
7950,2026-06-01,6,3,4,3,204.54,93.21,111.33
7951,2026-06-01,6,3,5,1,77.66,34.19,43.47
7952,2026-06-01,6,4,3,4,326.41,139.57,186.84
7953,2026-06-01,6,4,4,2,160.08,63.11,96.97
7954,2026-06-01,6,4,5,3,235.81,106.43,129.38
7955,2026-06-01,6,5,2,2,145.9,64.7,81.2
7956,2026-06-01,6,5,3,1,69.26,32.03,37.23
7957,2026-06-01,6,5,4,2,124.33,59.6,64.73
7958,2026-06-01,6,5,5,1,67.08,30.26,36.82
7959,2026-06-01,7,1,1,5,229.51,94.25,135.26
7960,2026-06-01,7,1,2,3,137.66,50.2,87.46
7961,2026-06-01,7,1,4,15,638.57,279.33,359.24
7962,2026-06-01,7,1,5,12,516.75,220.26,296.49
7963,2026-06-01,7,2,1,5,231.99,100.15,131.84
7964,2026-06-01,7,2,2,9,415.46,171.19,244.27
7965,2026-06-01,7,2,3,1,42.26,19.59,22.67
7966,2026-06-01,7,2,4,13,587.06,241.87,345.19
7967,2026-06-01,7,3,1,1,55.95,20.64,35.31
7968,2026-06-01,7,3,3,1,49.11,19.32,29.79
7969,2026-06-01,7,3,4,7,330.97,131.74,199.23
7970,2026-06-01,7,3,5,6,295.53,118.68,176.85
7971,2026-06-01,7,4,2,1,53.6,20.69,32.91
7972,2026-06-01,7,4,3,1,53.4,20.59,32.81
7973,2026-06-01,7,4,4,6,282.0,113.6,168.4
7974,2026-06-01,7,4,5,1,50.61,20.21,30.4
7975,2026-06-01,7,5,3,3,130.72,53.29,77.43
7976,2026-06-01,7,5,4,3,108.68,48.99,59.69
7977,2026-06-01,7,5,5,3,121.06,51.62,69.44
7978,2026-06-01,8,1,1,4,193.06,79.61,113.45
7979,2026-06-01,8,1,2,3,137.13,56.11,81.02
7980,2026-06-01,8,1,3,2,91.46,37.86,53.6
7981,2026-06-01,8,1,4,16,778.09,327.13,450.96
7982,2026-06-01,8,1,5,1,37.25,17.52,19.73
7983,2026-06-01,8,2,1,2,100.4,40.37,60.03
7984,2026-06-01,8,2,2,3,156.32,62.05,94.27
7985,2026-06-01,8,2,3,2,98.99,38.62,60.37
7986,2026-06-01,8,2,4,11,564.69,228.83,335.86
7987,2026-06-01,8,2,5,5,234.07,96.65,137.42
7988,2026-06-01,8,3,1,8,364.7,152.9,211.8
7989,2026-06-01,8,3,2,2,106.42,43.83,62.59
7990,2026-06-01,8,3,3,3,144.65,62.82,81.83
7991,2026-06-01,8,3,4,4,190.52,78.14,112.38
7992,2026-06-01,8,3,5,4,196.22,80.01,116.21
7993,2026-06-01,8,4,2,2,119.49,47.35,72.14
7994,2026-06-01,8,4,4,3,150.15,59.61,90.54
7995,2026-06-01,8,5,2,1,45.32,21.08,24.24
7996,2026-06-01,8,5,4,5,207.4,93.2,114.2
7997,2026-06-01,8,5,5,1,47.3,19.4,27.9
7998,2026-06-01,9,1,1,2,127.81,57.55,70.26
7999,2026-06-01,9,1,2,4,276.91,120.29,156.62
8000,2026-06-01,9,1,3,2,111.31,52.96,58.35
8001,2026-06-01,9,1,4,5,352.79,151.21,201.58
8002,2026-06-01,9,2,1,1,76.19,31.19,45.0
8003,2026-06-01,9,2,2,1,71.75,32.25,39.5
8004,2026-06-01,9,2,4,2,132.42,57.64,74.78
8005,2026-06-01,9,2,5,3,201.81,85.3,116.51
8006,2026-06-01,9,3,1,1,76.58,32.71,43.87
8007,2026-06-01,9,3,2,2,158.1,64.34,93.76
8008,2026-06-01,9,3,3,2,145.58,59.04,86.54
8009,2026-06-01,9,3,4,5,328.28,139.26,189.02
8010,2026-06-01,9,3,5,1,71.18,29.44,41.74
8011,2026-06-01,9,4,2,2,146.09,62.65,83.44
8012,2026-06-01,9,4,4,6,422.33,178.9,243.43
8013,2026-06-01,9,5,2,1,65.66,29.15,36.51
8014,2026-06-01,9,5,3,1,70.33,28.67,41.66
8015,2026-06-01,9,5,4,5,283.53,142.47,141.06
8016,2026-06-01,9,5,5,1,60.34,27.45,32.89
8017,2026-06-01,10,1,1,2,117.39,46.12,71.27
8018,2026-06-01,10,1,4,3,149.17,62.78,86.39
8019,2026-06-01,10,1,5,2,100.86,42.52,58.34
8020,2026-06-01,10,2,2,6,382.24,150.1,232.14
8021,2026-06-01,10,2,3,3,185.09,74.47,110.62
8022,2026-06-01,10,2,4,6,323.12,134.13,188.99
8023,2026-06-01,10,2,5,6,318.76,137.59,181.17
8024,2026-06-01,10,3,1,1,70.82,27.41,43.41
8025,2026-06-01,10,3,2,1,62.81,26.41,36.4
8026,2026-06-01,10,4,2,2,138.55,53.09,85.46
8027,2026-06-01,10,4,4,5,308.37,125.69,182.68
8028,2026-06-01,10,4,5,1,62.38,26.04,36.34
8029,2026-06-01,10,5,3,1,48.15,21.8,26.35
8030,2026-06-01,10,5,4,2,108.68,42.2,66.48
8031,2026-06-01,11,1,1,1,42.05,13.06,28.99
8032,2026-06-01,11,1,2,1,44.33,13.73,30.6
8033,2026-06-01,11,1,3,1,34.92,12.61,22.31
8034,2026-06-01,11,1,4,10,386.83,130.73,256.1
8035,2026-06-01,11,1,5,2,76.97,25.06,51.91
8036,2026-06-01,11,2,1,4,183.33,57.85,125.48
8037,2026-06-01,11,2,2,2,93.86,28.91,64.95
8038,2026-06-01,11,2,3,5,195.05,68.69,126.36
8039,2026-06-01,11,2,4,5,215.46,66.23,149.23
8040,2026-06-01,11,2,5,4,164.33,51.48,112.85
8041,2026-06-01,11,3,2,2,94.8,30.67,64.13
8042,2026-06-01,11,3,3,1,40.97,14.65,26.32
8043,2026-06-01,11,3,4,6,238.04,77.53,160.51
8044,2026-06-01,11,3,5,5,213.69,69.14,144.55
8045,2026-06-01,11,4,2,6,270.55,88.63,181.92
8046,2026-06-01,11,4,3,2,93.19,29.9,63.29
8047,2026-06-01,11,4,4,5,217.37,68.51,148.86
8048,2026-06-01,11,4,5,3,120.51,40.78,79.73
8049,2026-06-01,11,5,2,2,77.15,27.43,49.72
8050,2026-06-01,11,5,3,1,32.1,12.93,19.17
8051,2026-06-01,11,5,4,6,234.39,86.94,147.45
8052,2026-06-01,11,5,5,5,176.17,62.19,113.98
8053,2026-06-01,12,1,2,5,349.98,136.91,213.07
8054,2026-06-01,12,1,3,2,126.74,53.31,73.43
8055,2026-06-01,12,1,4,10,783.99,292.78,491.21
8056,2026-06-01,12,2,1,2,167.78,60.44,107.34
8057,2026-06-01,12,2,2,5,423.39,154.26,269.13
8058,2026-06-01,12,2,3,1,77.42,29.06,48.36
8059,2026-06-01,12,2,4,8,649.72,233.76,415.96
8060,2026-06-01,12,2,5,6,428.82,162.98,265.84
8061,2026-06-01,12,3,1,2,169.84,65.6,104.24
8062,2026-06-01,12,3,2,4,369.93,129.15,240.78
8063,2026-06-01,12,3,4,3,233.09,84.08,149.01
8064,2026-06-01,12,3,5,3,233.9,90.01,143.89
8065,2026-06-01,12,4,1,1,93.53,33.33,60.2
8066,2026-06-01,12,4,2,2,193.01,70.24,122.77
8067,2026-06-01,12,4,3,1,85.44,31.87,53.57
8068,2026-06-01,12,4,4,1,85.83,29.92,55.91
8069,2026-06-01,12,5,2,1,72.69,29.89,42.8
8070,2026-06-01,12,5,4,6,422.78,177.44,245.34
8071,2026-06-01,12,5,5,4,284.92,111.74,173.18
8072,2026-06-01,13,1,1,4,197.57,81.64,115.93
8073,2026-06-01,13,1,2,4,216.2,81.31,134.89
8074,2026-06-01,13,1,4,10,580.04,218.25,361.79
8075,2026-06-01,13,1,5,1,43.67,18.21,25.46
8076,2026-06-01,13,2,2,4,232.63,88.12,144.51
8077,2026-06-01,13,2,3,1,59.58,21.88,37.7
8078,2026-06-01,13,2,4,12,683.65,256.32,427.33
8079,2026-06-01,13,2,5,3,157.78,57.77,100.01
8080,2026-06-01,13,3,1,1,63.37,22.67,40.7
8081,2026-06-01,13,3,2,1,63.16,23.19,39.97
8082,2026-06-01,13,3,3,2,113.13,42.79,70.34
8083,2026-06-01,13,3,4,4,231.97,84.95,147.02
8084,2026-06-01,13,4,4,6,341.88,123.76,218.12
8085,2026-06-01,13,5,3,2,95.16,40.45,54.71
8086,2026-06-01,13,5,4,1,44.78,17.94,26.84
8087,2026-06-01,13,5,5,2,100.46,37.25,63.21
8088,2026-06-01,14,1,2,6,166.59,63.58,103.01
8089,2026-06-01,14,1,4,9,224.46,91.51,132.95
8090,2026-06-01,14,1,5,1,25.35,9.85,15.5
8091,2026-06-01,14,2,2,8,233.93,88.22,145.71
8092,2026-06-01,14,2,3,1,27.7,10.33,17.37
8093,2026-06-01,14,2,4,8,238.33,90.18,148.15
8094,2026-06-01,14,2,5,2,55.72,19.29,36.43
8095,2026-06-01,14,3,1,5,127.17,47.43,79.74
8096,2026-06-01,14,3,2,1,26.7,11.44,15.26
8097,2026-06-01,14,3,3,1,31.49,10.88,20.61
8098,2026-06-01,14,3,4,3,87.01,29.78,57.23
8099,2026-06-01,14,3,5,3,85.28,32.29,52.99
8100,2026-06-01,14,4,1,1,32.84,12.06,20.78
8101,2026-06-01,14,4,2,3,100.24,37.53,62.71
8102,2026-06-01,14,4,3,2,63.53,22.44,41.09
8103,2026-06-01,14,4,4,10,277.44,102.87,174.57
8104,2026-06-01,14,4,5,6,183.51,64.65,118.86
8105,2026-06-01,14,5,1,1,25.37,10.67,14.7
8106,2026-06-01,14,5,2,1,29.23,11.17,18.06
8107,2026-06-01,14,5,3,1,25.97,10.39,15.58
8108,2026-06-01,14,5,4,9,222.65,90.43,132.22
8109,2026-06-01,14,5,5,1,22.85,9.49,13.36
8110,2026-06-01,15,1,2,12,677.49,289.53,387.96
8111,2026-06-01,15,1,3,1,48.66,20.8,27.86
8112,2026-06-01,15,1,4,11,616.3,259.21,357.09
8113,2026-06-01,15,1,5,8,426.29,182.51,243.78
8114,2026-06-01,15,2,1,1,52.56,24.98,27.58
8115,2026-06-01,15,2,2,5,302.98,120.76,182.22
8116,2026-06-01,15,2,3,3,153.86,64.83,89.03
8117,2026-06-01,15,2,4,11,609.91,259.43,350.48
8118,2026-06-01,15,2,5,5,277.3,113.49,163.81
8119,2026-06-01,15,3,1,3,198.86,79.5,119.36
8120,2026-06-01,15,3,2,2,117.58,50.16,67.42
8121,2026-06-01,15,3,4,13,729.08,293.09,435.99
8122,2026-06-01,15,3,5,1,59.04,23.52,35.52
8123,2026-06-01,15,4,2,1,67.25,26.13,41.12
8124,2026-06-01,15,4,3,3,186.9,75.5,111.4
8125,2026-06-01,15,4,4,4,217.66,90.45,127.21
8126,2026-06-01,15,4,5,2,112.22,49.2,63.02
8127,2026-06-01,15,5,2,3,161.15,69.49,91.66
8128,2026-06-01,15,5,4,4,222.11,104.12,117.99
8129,2026-06-01,15,5,5,5,253.71,107.42,146.29
8130,2026-07-01,1,1,1,1,67.35,27.67,39.68
8131,2026-07-01,1,1,2,5,285.88,125.8,160.08
8132,2026-07-01,1,1,3,1,58.94,24.2,34.74
8133,2026-07-01,1,1,4,6,371.37,154.64,216.73
8134,2026-07-01,1,1,5,3,218.83,97.14,121.69
8135,2026-07-01,1,2,1,2,127.49,60.55,66.94
8136,2026-07-01,1,2,2,1,67.22,26.88,40.34
8137,2026-07-01,1,2,3,2,129.05,54.06,74.99
8138,2026-07-01,1,2,4,7,445.23,180.27,264.96
8139,2026-07-01,1,2,5,3,190.04,78.83,111.21
8140,2026-07-01,1,3,1,2,145.62,64.1,81.52
8141,2026-07-01,1,3,2,6,358.46,150.2,208.26
8142,2026-07-01,1,3,4,4,261.5,107.68,153.82
8143,2026-07-01,1,3,5,2,146.81,55.31,91.5
8144,2026-07-01,1,4,2,1,77.03,31.73,45.3
8145,2026-07-01,1,4,4,7,468.71,191.57,277.14
8146,2026-07-01,1,4,5,4,278.02,112.03,165.99
8147,2026-07-01,1,5,3,2,110.82,54.72,56.1
8148,2026-07-01,1,5,4,7,440.27,201.1,239.17
8149,2026-07-01,1,5,5,2,118.08,47.86,70.22
8150,2026-07-01,2,1,1,1,117.77,48.43,69.34
8151,2026-07-01,2,1,2,5,487.33,221.79,265.54
8152,2026-07-01,2,1,3,1,101.08,42.84,58.24
8153,2026-07-01,2,1,4,3,375.66,158.59,217.07
8154,2026-07-01,2,2,1,1,106.91,47.38,59.53
8155,2026-07-01,2,2,3,1,112.33,45.0,67.33
8156,2026-07-01,2,2,4,12,1329.18,528.59,800.59
8157,2026-07-01,2,2,5,1,112.72,44.84,67.88
8158,2026-07-01,2,3,1,1,118.55,54.42,64.13
8159,2026-07-01,2,3,2,2,229.38,100.81,128.57
8160,2026-07-01,2,3,4,11,1216.66,506.4,710.26
8161,2026-07-01,2,3,5,3,324.84,138.63,186.21
8162,2026-07-01,2,4,3,1,119.48,51.04,68.44
8163,2026-07-01,2,4,4,8,948.86,388.75,560.11
8164,2026-07-01,2,5,1,1,110.02,49.77,60.25
8165,2026-07-01,2,5,2,2,200.76,94.33,106.43
8166,2026-07-01,2,5,4,1,85.31,41.12,44.19
8167,2026-07-01,3,1,1,3,154.22,59.94,94.28
8168,2026-07-01,3,1,2,4,181.17,75.39,105.78
8169,2026-07-01,3,1,4,7,342.63,141.49,201.14
8170,2026-07-01,3,1,5,4,224.73,93.19,131.54
8171,2026-07-01,3,2,1,1,53.7,20.94,32.76
8172,2026-07-01,3,2,2,2,107.37,41.26,66.11
8173,2026-07-01,3,2,3,1,49.51,20.03,29.48
8174,2026-07-01,3,2,4,7,382.45,147.88,234.57
8175,2026-07-01,3,2,5,8,389.65,162.1,227.55
8176,2026-07-01,3,3,2,3,151.56,64.85,86.71
8177,2026-07-01,3,3,3,2,103.7,41.32,62.38
8178,2026-07-01,3,3,4,2,93.99,38.8,55.19
8179,2026-07-01,3,3,5,1,55.3,21.36,33.94
8180,2026-07-01,3,4,1,5,259.09,95.02,164.07
8181,2026-07-01,3,4,2,1,58.16,22.9,35.26
8182,2026-07-01,3,4,3,1,55.0,22.11,32.89
8183,2026-07-01,3,4,4,7,352.32,145.36,206.96
8184,2026-07-01,3,4,5,1,55.78,22.22,33.56
8185,2026-07-01,3,5,1,3,133.05,63.44,69.61
8186,2026-07-01,3,5,3,3,128.35,57.9,70.45
8187,2026-07-01,3,5,4,5,271.32,108.05,163.27
8188,2026-07-01,3,5,5,1,47.96,19.43,28.53
8189,2026-07-01,4,1,2,1,79.94,33.6,46.34
8190,2026-07-01,4,1,4,7,519.36,230.18,289.18
8191,2026-07-01,4,1,5,3,224.39,89.13,135.26
8192,2026-07-01,4,2,2,1,83.73,34.27,49.46
8193,2026-07-01,4,2,4,8,661.34,265.74,395.6
8194,2026-07-01,4,2,5,5,402.86,160.51,242.35
8195,2026-07-01,4,3,2,1,84.96,35.84,49.12
8196,2026-07-01,4,3,4,4,317.47,134.05,183.42
8197,2026-07-01,4,3,5,1,77.32,32.8,44.52
8198,2026-07-01,4,4,2,1,101.3,40.64,60.66
8199,2026-07-01,4,4,3,2,182.09,74.37,107.72
8200,2026-07-01,4,4,4,5,438.61,180.26,258.35
8201,2026-07-01,4,4,5,2,190.57,73.73,116.84
8202,2026-07-01,4,5,2,7,552.3,232.78,319.52
8203,2026-07-01,4,5,3,2,147.13,66.53,80.6
8204,2026-07-01,4,5,4,3,218.03,90.05,127.98
8205,2026-07-01,4,5,5,3,211.47,99.06,112.41
8206,2026-07-01,5,1,3,6,520.67,225.37,295.3
8207,2026-07-01,5,1,4,9,822.14,361.48,460.66
8208,2026-07-01,5,1,5,4,338.3,149.91,188.39
8209,2026-07-01,5,2,1,1,94.57,45.06,49.51
8210,2026-07-01,5,2,2,4,358.02,162.33,195.69
8211,2026-07-01,5,2,3,4,377.1,170.86,206.24
8212,2026-07-01,5,2,4,7,625.14,300.4,324.74
8213,2026-07-01,5,2,5,7,638.35,281.51,356.84
8214,2026-07-01,5,3,3,1,94.21,41.72,52.49
8215,2026-07-01,5,3,4,2,179.36,81.95,97.41
8216,2026-07-01,5,3,5,4,397.28,177.33,219.95
8217,2026-07-01,5,4,1,1,105.13,45.89,59.24
8218,2026-07-01,5,4,2,1,100.68,46.63,54.05
8219,2026-07-01,5,4,4,6,592.29,251.94,340.35
8220,2026-07-01,5,5,3,2,170.52,76.8,93.72
8221,2026-07-01,5,5,4,5,455.89,228.2,227.69
8222,2026-07-01,5,5,5,3,242.64,115.18,127.46
8223,2026-07-01,6,1,2,4,267.34,125.86,141.48
8224,2026-07-01,6,1,4,4,316.84,139.71,177.13
8225,2026-07-01,6,2,2,1,77.57,34.37,43.2
8226,2026-07-01,6,2,3,3,251.07,101.46,149.61
8227,2026-07-01,6,2,4,5,411.07,183.76,227.31
8228,2026-07-01,6,2,5,2,155.8,66.5,89.3
8229,2026-07-01,6,3,1,1,79.34,35.33,44.01
8230,2026-07-01,6,3,2,2,166.28,70.35,95.93
8231,2026-07-01,6,3,3,2,169.71,71.17,98.54
8232,2026-07-01,6,3,4,2,164.6,65.35,99.25
8233,2026-07-01,6,3,5,3,224.58,97.67,126.91
8234,2026-07-01,6,4,1,1,89.96,37.54,52.42
8235,2026-07-01,6,4,2,1,85.66,35.24,50.42
8236,2026-07-01,6,4,4,5,394.34,174.33,220.01
8237,2026-07-01,6,4,5,2,156.46,67.19,89.27
8238,2026-07-01,6,5,4,1,61.7,29.88,31.82
8239,2026-07-01,6,5,5,3,191.2,90.33,100.87
8240,2026-07-01,7,1,2,4,175.77,72.05,103.72
8241,2026-07-01,7,1,3,3,132.18,53.52,78.66
8242,2026-07-01,7,1,4,7,307.3,127.07,180.23
8243,2026-07-01,7,1,5,2,85.26,32.07,53.19
8244,2026-07-01,7,2,2,1,50.55,20.14,30.41
8245,2026-07-01,7,2,4,5,253.9,101.7,152.2
8246,2026-07-01,7,2,5,1,46.17,18.58,27.59
8247,2026-07-01,7,3,2,2,103.45,40.64,62.81
8248,2026-07-01,7,3,3,2,103.81,40.28,63.53
8249,2026-07-01,7,3,4,8,375.11,144.89,230.22
8250,2026-07-01,7,3,5,2,93.05,39.28,53.77
8251,2026-07-01,7,4,1,3,170.11,66.03,104.08
8252,2026-07-01,7,4,4,6,295.67,118.71,176.96
8253,2026-07-01,7,4,5,3,144.73,58.69,86.04
8254,2026-07-01,7,5,2,1,37.63,18.24,19.39
8255,2026-07-01,7,5,3,4,168.83,71.09,97.74
8256,2026-07-01,7,5,4,4,147.66,69.23,78.43
8257,2026-07-01,8,1,2,7,355.76,151.35,204.41
8258,2026-07-01,8,1,3,3,143.67,57.26,86.41
8259,2026-07-01,8,1,4,3,172.03,71.13,100.9
8260,2026-07-01,8,1,5,3,130.16,53.23,76.93
8261,2026-07-01,8,2,2,4,193.95,85.16,108.79
8262,2026-07-01,8,2,3,2,96.55,40.8,55.75
8263,2026-07-01,8,2,4,10,499.2,203.33,295.87
8264,2026-07-01,8,2,5,2,95.15,39.33,55.82
8265,2026-07-01,8,3,4,9,438.49,183.35,255.14
8266,2026-07-01,8,3,5,1,51.91,20.33,31.58
8267,2026-07-01,8,4,3,1,51.19,21.22,29.97
8268,2026-07-01,8,4,4,4,216.13,81.95,134.18
8269,2026-07-01,8,4,5,1,52.16,21.34,30.82
8270,2026-07-01,8,5,2,1,43.13,21.28,21.85
8271,2026-07-01,8,5,4,2,82.08,35.98,46.1
8272,2026-07-01,8,5,5,2,92.88,39.88,53.0
8273,2026-07-01,9,1,2,2,113.98,56.82,57.16
8274,2026-07-01,9,1,4,6,405.08,177.76,227.32
8275,2026-07-01,9,1,5,2,122.99,54.1,68.89
8276,2026-07-01,9,2,1,2,143.84,64.46,79.38
8277,2026-07-01,9,2,2,5,367.63,151.21,216.42
8278,2026-07-01,9,2,4,5,307.81,133.06,174.75
8279,2026-07-01,9,2,5,1,67.96,27.7,40.26
8280,2026-07-01,9,3,3,1,70.96,31.78,39.18
8281,2026-07-01,9,3,4,5,333.82,148.17,185.65
8282,2026-07-01,9,3,5,4,303.48,122.99,180.49
8283,2026-07-01,9,4,1,1,82.07,34.97,47.1
8284,2026-07-01,9,4,2,1,78.93,32.73,46.2
8285,2026-07-01,9,4,5,3,233.28,94.83,138.45
8286,2026-07-01,9,5,2,2,126.14,62.87,63.27
8287,2026-07-01,9,5,4,3,186.11,82.37,103.74
8288,2026-07-01,9,5,5,5,348.38,158.19,190.19
8289,2026-07-01,10,1,1,1,56.55,24.62,31.93
8290,2026-07-01,10,1,2,4,227.85,95.21,132.64
8291,2026-07-01,10,1,3,1,51.02,21.61,29.41
8292,2026-07-01,10,1,4,2,137.21,61.49,75.72
8293,2026-07-01,10,1,5,1,58.46,22.32,36.14
8294,2026-07-01,10,2,3,1,59.23,24.4,34.83
8295,2026-07-01,10,2,4,5,288.64,112.17,176.47
8296,2026-07-01,10,2,5,1,53.58,22.94,30.64
8297,2026-07-01,10,3,4,2,114.31,44.86,69.45
8298,2026-07-01,10,4,1,1,77.16,28.38,48.78
8299,2026-07-01,10,4,4,2,128.65,50.66,77.99
8300,2026-07-01,10,5,1,1,63.82,26.58,37.24
8301,2026-07-01,10,5,5,4,212.81,89.3,123.51
8302,2026-07-01,11,1,2,2,80.03,26.32,53.71
8303,2026-07-01,11,1,3,4,153.71,52.24,101.47
8304,2026-07-01,11,1,4,4,178.64,58.4,120.24
8305,2026-07-01,11,1,5,1,32.87,11.73,21.14
8306,2026-07-01,11,2,2,1,46.65,15.32,31.33
8307,2026-07-01,11,2,3,4,172.15,54.8,117.35
8308,2026-07-01,11,2,4,6,257.88,88.88,169.0
8309,2026-07-01,11,2,5,3,125.17,40.66,84.51
8310,2026-07-01,11,3,2,8,358.43,113.27,245.16
8311,2026-07-01,11,3,3,3,117.62,41.45,76.17
8312,2026-07-01,11,3,4,6,242.45,81.16,161.29
8313,2026-07-01,11,4,2,5,191.97,65.7,126.27
8314,2026-07-01,11,4,4,2,90.17,28.23,61.94
8315,2026-07-01,11,5,3,1,35.54,12.91,22.63
8316,2026-07-01,11,5,4,3,104.33,37.05,67.28
8317,2026-07-01,11,5,5,1,34.92,12.44,22.48
8318,2026-07-01,12,1,1,1,74.91,28.43,46.48
8319,2026-07-01,12,1,2,6,463.31,169.29,294.02
8320,2026-07-01,12,1,3,1,67.35,26.88,40.47
8321,2026-07-01,12,1,4,8,598.54,236.77,361.77
8322,2026-07-01,12,1,5,1,61.19,26.25,34.94
8323,2026-07-01,12,2,1,4,356.29,129.33,226.96
8324,2026-07-01,12,2,2,5,403.46,143.56,259.9
8325,2026-07-01,12,2,3,3,230.03,84.13,145.9
8326,2026-07-01,12,2,4,4,308.27,110.93,197.34
8327,2026-07-01,12,2,5,1,76.43,27.82,48.61
8328,2026-07-01,12,3,3,1,78.11,31.02,47.09
8329,2026-07-01,12,3,4,9,743.02,279.83,463.19
8330,2026-07-01,12,3,5,3,236.21,87.47,148.74
8331,2026-07-01,12,4,1,1,94.22,34.18,60.04
8332,2026-07-01,12,4,2,1,83.17,32.61,50.56
8333,2026-07-01,12,4,4,7,597.91,212.4,385.51
8334,2026-07-01,12,4,5,1,83.61,30.78,52.83
8335,2026-07-01,12,5,1,2,139.81,61.7,78.11
8336,2026-07-01,12,5,4,4,249.55,104.74,144.81
8337,2026-07-01,12,5,5,1,74.78,26.26,48.52
8338,2026-07-01,13,1,1,1,52.66,21.93,30.73
8339,2026-07-01,13,1,2,6,308.53,120.86,187.67
8340,2026-07-01,13,1,3,1,43.64,18.48,25.16
8341,2026-07-01,13,1,4,9,495.47,190.55,304.92
8342,2026-07-01,13,1,5,2,96.48,38.63,57.85
8343,2026-07-01,13,2,1,1,56.75,21.9,34.85
8344,2026-07-01,13,2,2,7,427.92,151.45,276.47
8345,2026-07-01,13,2,3,2,107.8,41.3,66.5
8346,2026-07-01,13,2,4,7,422.78,152.16,270.62
8347,2026-07-01,13,2,5,6,301.37,118.64,182.73
8348,2026-07-01,13,3,1,1,70.75,24.59,46.16
8349,2026-07-01,13,3,4,8,476.81,171.62,305.19
8350,2026-07-01,13,3,5,1,63.01,21.15,41.86
8351,2026-07-01,13,4,1,1,64.16,23.68,40.48
8352,2026-07-01,13,4,2,3,177.79,70.36,107.43
8353,2026-07-01,13,4,4,2,114.52,40.72,73.8
8354,2026-07-01,13,4,5,3,181.32,65.75,115.57
8355,2026-07-01,13,5,1,3,158.62,64.42,94.2
8356,2026-07-01,13,5,2,1,51.03,20.44,30.59
8357,2026-07-01,13,5,3,1,45.4,20.1,25.3
8358,2026-07-01,13,5,4,4,204.88,78.25,126.63
8359,2026-07-01,14,1,2,2,48.66,20.06,28.6
8360,2026-07-01,14,1,3,1,23.26,9.55,13.71
8361,2026-07-01,14,1,4,8,212.4,82.6,129.8
8362,2026-07-01,14,1,5,4,108.21,45.51,62.7
8363,2026-07-01,14,2,2,2,58.11,21.19,36.92
8364,2026-07-01,14,2,3,5,147.21,52.64,94.57
8365,2026-07-01,14,2,4,7,211.41,78.88,132.53
8366,2026-07-01,14,2,5,5,130.47,47.11,83.36
8367,2026-07-01,14,3,1,1,35.68,12.25,23.43
8368,2026-07-01,14,3,2,2,62.2,22.7,39.5
8369,2026-07-01,14,3,3,1,30.63,10.92,19.71
8370,2026-07-01,14,3,4,9,248.54,96.92,151.62
8371,2026-07-01,14,4,1,2,65.93,23.94,41.99
8372,2026-07-01,14,4,2,4,128.61,46.15,82.46
8373,2026-07-01,14,4,3,2,64.43,23.74,40.69
8374,2026-07-01,14,4,4,2,56.96,22.03,34.93
8375,2026-07-01,14,4,5,3,91.26,32.83,58.43
8376,2026-07-01,14,5,2,3,69.46,32.12,37.34
8377,2026-07-01,14,5,4,7,187.18,74.72,112.46
8378,2026-07-01,14,5,5,2,46.68,18.9,27.78
8379,2026-07-01,15,1,1,1,57.29,23.05,34.24
8380,2026-07-01,15,1,2,3,148.61,67.39,81.22
8381,2026-07-01,15,1,4,5,262.86,123.02,139.84
8382,2026-07-01,15,1,5,2,91.06,40.92,50.14
8383,2026-07-01,15,2,1,1,66.42,25.4,41.02
8384,2026-07-01,15,2,2,2,112.59,47.39,65.2
8385,2026-07-01,15,2,3,3,167.94,71.36,96.58
8386,2026-07-01,15,2,4,8,455.87,198.38,257.49
8387,2026-07-01,15,2,5,4,209.04,86.29,122.75
8388,2026-07-01,15,3,1,2,115.64,50.48,65.16
8389,2026-07-01,15,3,4,2,111.07,46.86,64.21
8390,2026-07-01,15,3,5,3,178.5,69.51,108.99
8391,2026-07-01,15,4,1,1,61.53,26.15,35.38
8392,2026-07-01,15,4,2,6,308.38,132.57,175.81
8393,2026-07-01,15,4,3,1,61.43,26.01,35.42
8394,2026-07-01,15,4,4,6,339.48,136.86,202.62
8395,2026-07-01,15,4,5,1,63.41,25.16,38.25
8396,2026-07-01,15,5,1,5,239.11,120.25,118.86
8397,2026-07-01,15,5,3,2,100.44,43.47,56.97
8398,2026-07-01,15,5,4,4,188.64,80.11,108.53
8399,2026-07-01,15,5,5,2,98.98,42.77,56.21
8400,2026-08-01,1,1,1,1,64.96,26.28,38.68
8401,2026-08-01,1,1,2,6,373.75,150.96,222.79
8402,2026-08-01,1,1,3,2,126.76,50.61,76.15
8403,2026-08-01,1,1,4,3,228.9,92.42,136.48
8404,2026-08-01,1,1,5,5,342.33,142.82,199.51
8405,2026-08-01,1,2,1,2,121.14,55.93,65.21
8406,2026-08-01,1,2,2,6,394.67,166.58,228.09
8407,2026-08-01,1,2,3,2,129.44,55.32,74.12
8408,2026-08-01,1,2,4,4,225.36,96.33,129.03
8409,2026-08-01,1,2,5,2,120.42,52.66,67.76
8410,2026-08-01,1,3,2,6,418.7,175.4,243.3
8411,2026-08-01,1,3,4,1,64.97,26.19,38.78
8412,2026-08-01,1,4,3,1,71.98,29.65,42.33
8413,2026-08-01,1,4,4,9,615.2,249.63,365.57
8414,2026-08-01,1,4,5,5,348.02,141.42,206.6
8415,2026-08-01,1,5,2,5,329.6,143.62,185.98
8416,2026-08-01,1,5,3,6,356.94,150.42,206.52
8417,2026-08-01,1,5,4,3,144.42,72.21,72.21
8418,2026-08-01,2,1,1,1,98.15,45.76,52.39
8419,2026-08-01,2,1,2,5,506.13,224.62,281.51
8420,2026-08-01,2,1,3,4,428.62,177.04,251.58
8421,2026-08-01,2,1,4,7,731.19,330.84,400.35
8422,2026-08-01,2,2,1,2,256.09,96.64,159.45
8423,2026-08-01,2,2,2,3,336.77,147.44,189.33
8424,2026-08-01,2,2,4,4,511.2,207.61,303.59
8425,2026-08-01,2,2,5,4,447.85,181.19,266.66
8426,2026-08-01,2,3,1,3,383.35,155.91,227.44
8427,2026-08-01,2,3,2,2,232.1,98.75,133.35
8428,2026-08-01,2,3,4,11,1276.84,515.86,760.98
8429,2026-08-01,2,4,1,3,389.19,155.23,233.96
8430,2026-08-01,2,4,3,1,120.21,49.14,71.07
8431,2026-08-01,2,4,4,1,114.17,48.93,65.24
8432,2026-08-01,2,4,5,7,737.15,305.54,431.61
8433,2026-08-01,2,5,4,3,273.99,121.17,152.82
8434,2026-08-01,2,5,5,1,102.66,42.27,60.39
8435,2026-08-01,3,1,2,1,43.65,19.25,24.4
8436,2026-08-01,3,1,3,1,48.75,17.69,31.06
8437,2026-08-01,3,1,4,3,166.7,71.08,95.62
8438,2026-08-01,3,1,5,2,82.66,36.77,45.89
8439,2026-08-01,3,2,2,2,100.24,41.84,58.4
8440,2026-08-01,3,2,4,6,292.97,117.14,175.83
8441,2026-08-01,3,2,5,5,237.32,95.22,142.1
8442,2026-08-01,3,3,1,2,125.38,47.51,77.87
8443,2026-08-01,3,3,2,1,62.06,22.52,39.54
8444,2026-08-01,3,3,4,2,94.56,40.73,53.83
8445,2026-08-01,3,3,5,2,92.17,41.4,50.77
8446,2026-08-01,3,4,3,4,236.01,89.07,146.94
8447,2026-08-01,3,4,4,4,210.06,83.19,126.87
8448,2026-08-01,3,5,1,1,47.65,21.19,26.46
8449,2026-08-01,3,5,2,4,212.25,83.38,128.87
8450,2026-08-01,3,5,3,4,167.48,74.81,92.67
8451,2026-08-01,3,5,4,3,114.79,53.9,60.89
8452,2026-08-01,4,1,1,1,87.82,34.9,52.92
8453,2026-08-01,4,1,2,1,73.4,33.82,39.58
8454,2026-08-01,4,1,3,1,75.37,31.14,44.23
8455,2026-08-01,4,1,4,6,495.83,210.98,284.85
8456,2026-08-01,4,1,5,3,213.65,96.41,117.24
8457,2026-08-01,4,2,1,3,277.65,107.43,170.22
8458,2026-08-01,4,2,2,1,83.24,34.74,48.5
8459,2026-08-01,4,2,3,1,81.56,34.86,46.7
8460,2026-08-01,4,2,4,8,691.1,284.09,407.01
8461,2026-08-01,4,2,5,3,231.68,98.42,133.26
8462,2026-08-01,4,3,1,1,89.64,36.91,52.73
8463,2026-08-01,4,3,4,6,493.49,195.33,298.16
8464,2026-08-01,4,4,2,2,191.01,77.51,113.5
8465,2026-08-01,4,4,3,4,359.67,150.2,209.47
8466,2026-08-01,4,4,4,1,92.4,34.71,57.69
8467,2026-08-01,4,4,5,1,93.79,37.11,56.68
8468,2026-08-01,4,5,1,1,76.03,36.08,39.95
8469,2026-08-01,4,5,2,6,475.05,211.17,263.88
8470,2026-08-01,4,5,3,1,71.8,32.5,39.3
8471,2026-08-01,4,5,4,4,259.85,124.98,134.87
8472,2026-08-01,4,5,5,1,76.3,29.98,46.32
8473,2026-08-01,5,1,1,1,97.9,42.89,55.01
8474,2026-08-01,5,1,3,1,88.37,39.73,48.64
8475,2026-08-01,5,1,4,10,860.86,408.95,451.91
8476,2026-08-01,5,1,5,4,331.21,153.3,177.91
8477,2026-08-01,5,2,1,3,276.47,133.36,143.11
8478,2026-08-01,5,2,2,5,492.32,214.37,277.95
8479,2026-08-01,5,2,3,1,96.38,43.95,52.43
8480,2026-08-01,5,2,4,7,722.74,300.53,422.21
8481,2026-08-01,5,2,5,6,552.9,250.01,302.89
8482,2026-08-01,5,3,1,3,349.34,145.23,204.11
8483,2026-08-01,5,3,2,2,192.39,90.94,101.45
8484,2026-08-01,5,3,3,2,208.84,86.27,122.57
8485,2026-08-01,5,3,4,6,529.28,242.71,286.57
8486,2026-08-01,5,4,1,1,108.08,49.02,59.06
8487,2026-08-01,5,4,2,1,98.54,47.9,50.64
8488,2026-08-01,5,4,4,3,308.33,133.87,174.46
8489,2026-08-01,5,4,5,1,95.52,43.94,51.58
8490,2026-08-01,5,5,1,1,94.64,43.35,51.29
8491,2026-08-01,5,5,2,1,83.94,44.31,39.63
8492,2026-08-01,5,5,3,2,149.54,77.67,71.87
8493,2026-08-01,5,5,4,7,632.24,311.86,320.38
8494,2026-08-01,6,1,1,2,137.05,63.58,73.47
8495,2026-08-01,6,1,2,3,222.53,93.94,128.59
8496,2026-08-01,6,1,4,4,294.1,141.03,153.07
8497,2026-08-01,6,1,5,2,141.27,61.96,79.31
8498,2026-08-01,6,2,1,2,161.86,67.89,93.97
8499,2026-08-01,6,2,3,3,214.28,99.69,114.59
8500,2026-08-01,6,2,4,7,514.19,225.16,289.03
8501,2026-08-01,6,2,5,1,75.0,32.84,42.16
8502,2026-08-01,6,3,1,4,312.51,148.18,164.33
8503,2026-08-01,6,3,3,2,161.84,69.6,92.24
8504,2026-08-01,6,3,4,4,300.56,128.28,172.28
8505,2026-08-01,6,3,5,1,75.31,33.18,42.13
8506,2026-08-01,6,4,2,2,188.36,78.66,109.7
8507,2026-08-01,6,4,4,7,541.92,233.79,308.13
8508,2026-08-01,6,4,5,3,240.13,105.8,134.33
8509,2026-08-01,6,5,3,2,133.58,60.94,72.64
8510,2026-08-01,6,5,4,4,288.77,144.04,144.73
8511,2026-08-01,6,5,5,1,62.41,33.09,29.32
8512,2026-08-01,7,1,3,5,211.58,84.41,127.17
8513,2026-08-01,7,1,4,8,352.46,146.09,206.37
8514,2026-08-01,7,1,5,6,267.02,114.11,152.91
8515,2026-08-01,7,2,2,2,97.86,38.73,59.13
8516,2026-08-01,7,2,3,1,46.9,18.88,28.02
8517,2026-08-01,7,2,4,4,166.58,66.72,99.86
8518,2026-08-01,7,2,5,6,270.24,111.43,158.81
8519,2026-08-01,7,3,2,3,140.09,63.09,77.0
8520,2026-08-01,7,3,4,5,228.89,94.82,134.07
8521,2026-08-01,7,3,5,4,190.69,75.79,114.9
8522,2026-08-01,7,4,2,2,117.21,42.69,74.52
8523,2026-08-01,7,4,4,4,193.81,71.52,122.29
8524,2026-08-01,7,4,5,2,103.58,39.73,63.85
8525,2026-08-01,7,5,2,2,81.67,39.33,42.34
8526,2026-08-01,7,5,3,3,115.27,53.06,62.21
8527,2026-08-01,7,5,4,4,187.47,83.88,103.59
8528,2026-08-01,7,5,5,4,152.62,72.09,80.53
8529,2026-08-01,8,1,2,5,227.58,99.45,128.13
8530,2026-08-01,8,1,3,4,174.76,75.26,99.5
8531,2026-08-01,8,1,4,6,298.83,120.44,178.39
8532,2026-08-01,8,1,5,1,46.45,18.45,28.0
8533,2026-08-01,8,2,1,1,57.76,22.66,35.1
8534,2026-08-01,8,2,2,1,47.36,20.23,27.13
8535,2026-08-01,8,2,3,2,99.23,39.85,59.38
8536,2026-08-01,8,2,4,13,675.35,266.3,409.05
8537,2026-08-01,8,2,5,3,146.99,62.19,84.8
8538,2026-08-01,8,3,2,3,158.7,65.7,93.0
8539,2026-08-01,8,3,4,13,661.01,270.77,390.24
8540,2026-08-01,8,3,5,1,52.53,21.28,31.25
8541,2026-08-01,8,4,1,1,64.6,24.94,39.66
8542,2026-08-01,8,4,2,1,60.12,24.66,35.46
8543,2026-08-01,8,4,4,11,553.84,229.97,323.87
8544,2026-08-01,8,4,5,3,150.34,62.3,88.04
8545,2026-08-01,8,5,3,2,86.67,39.11,47.56
8546,2026-08-01,8,5,4,6,300.36,131.5,168.86
8547,2026-08-01,8,5,5,3,115.07,56.72,58.35
8548,2026-08-01,9,1,2,2,133.68,57.84,75.84
8549,2026-08-01,9,1,3,4,258.45,108.61,149.84
8550,2026-08-01,9,1,4,9,632.63,276.71,355.92
8551,2026-08-01,9,1,5,1,60.19,26.1,34.09
8552,2026-08-01,9,2,2,5,347.26,149.67,197.59
8553,2026-08-01,9,2,4,1,64.18,26.93,37.25
8554,2026-08-01,9,2,5,4,256.07,111.36,144.71
8555,2026-08-01,9,3,2,2,141.53,61.91,79.62
8556,2026-08-01,9,3,3,3,213.1,94.11,118.99
8557,2026-08-01,9,3,4,4,267.03,117.03,150.0
8558,2026-08-01,9,4,1,3,255.02,101.7,153.32
8559,2026-08-01,9,4,2,2,158.65,67.54,91.11
8560,2026-08-01,9,4,3,3,217.85,93.49,124.36
8561,2026-08-01,9,4,4,3,223.36,92.49,130.87
8562,2026-08-01,9,4,5,1,77.45,31.51,45.94
8563,2026-08-01,9,5,4,3,239.45,105.46,133.99
8564,2026-08-01,10,1,2,3,173.67,70.7,102.97
8565,2026-08-01,10,1,4,3,162.07,63.65,98.42
8566,2026-08-01,10,1,5,3,160.56,66.65,93.91
8567,2026-08-01,10,2,2,2,127.17,47.63,79.54
8568,2026-08-01,10,2,4,5,291.2,112.58,178.62
8569,2026-08-01,10,2,5,5,267.57,116.57,151.0
8570,2026-08-01,10,3,2,2,128.44,52.22,76.22
8571,2026-08-01,10,3,3,2,122.36,49.05,73.31
8572,2026-08-01,10,3,4,4,221.24,92.78,128.46
8573,2026-08-01,10,4,1,3,205.7,83.9,121.8
8574,2026-08-01,10,4,4,4,254.36,98.65,155.71
8575,2026-08-01,10,5,2,3,169.29,71.11,98.18
8576,2026-08-01,10,5,4,2,96.69,42.52,54.17
8577,2026-08-01,10,5,5,5,280.17,115.16,165.01
8578,2026-08-01,11,1,1,1,40.43,14.28,26.15
8579,2026-08-01,11,1,2,1,38.93,12.95,25.98
8580,2026-08-01,11,1,4,7,298.92,100.3,198.62
8581,2026-08-01,11,1,5,5,211.44,75.91,135.53
8582,2026-08-01,11,2,1,3,130.29,44.28,86.01
8583,2026-08-01,11,2,2,4,175.59,57.58,118.01
8584,2026-08-01,11,2,3,3,130.26,42.62,87.64
8585,2026-08-01,11,2,4,8,329.58,112.02,217.56
8586,2026-08-01,11,2,5,4,170.99,53.15,117.84
8587,2026-08-01,11,3,2,2,95.05,30.41,64.64
8588,2026-08-01,11,3,4,8,327.11,109.78,217.33
8589,2026-08-01,11,3,5,1,40.84,13.78,27.06
8590,2026-08-01,11,4,1,1,53.04,16.06,36.98
8591,2026-08-01,11,4,2,2,95.09,30.75,64.34
8592,2026-08-01,11,4,4,2,90.56,28.87,61.69
8593,2026-08-01,11,4,5,2,85.11,28.36,56.75
8594,2026-08-01,11,5,2,1,38.14,14.05,24.09
8595,2026-08-01,11,5,4,4,151.16,50.59,100.57
8596,2026-08-01,11,5,5,2,68.54,25.19,43.35
8597,2026-08-01,12,1,1,1,74.9,29.46,45.44
8598,2026-08-01,12,1,2,9,666.13,256.55,409.58
8599,2026-08-01,12,1,4,3,205.46,75.65,129.81
8600,2026-08-01,12,1,5,8,636.45,237.2,399.25
8601,2026-08-01,12,2,2,6,478.62,181.49,297.13
8602,2026-08-01,12,2,3,2,158.2,60.63,97.57
8603,2026-08-01,12,2,4,8,666.74,246.76,419.98
8604,2026-08-01,12,2,5,4,293.06,109.15,183.91
8605,2026-08-01,12,3,1,2,176.02,64.89,111.13
8606,2026-08-01,12,3,2,1,94.51,31.31,63.2
8607,2026-08-01,12,3,4,2,148.4,57.58,90.82
8608,2026-08-01,12,3,5,2,157.77,58.05,99.72
8609,2026-08-01,12,4,1,2,195.93,68.98,126.95
8610,2026-08-01,12,4,2,1,86.4,34.82,51.58
8611,2026-08-01,12,4,4,1,79.49,30.32,49.17
8612,2026-08-01,12,4,5,1,80.57,28.82,51.75
8613,2026-08-01,12,5,2,2,154.97,58.65,96.32
8614,2026-08-01,12,5,4,5,346.17,133.31,212.86
8615,2026-08-01,13,1,1,1,49.63,21.03,28.6
8616,2026-08-01,13,1,2,4,199.72,81.53,118.19
8617,2026-08-01,13,1,4,6,315.9,126.0,189.9
8618,2026-08-01,13,1,5,1,45.36,18.82,26.54
8619,2026-08-01,13,2,1,1,67.39,23.64,43.75
8620,2026-08-01,13,2,2,3,161.67,64.6,97.07
8621,2026-08-01,13,2,4,4,203.51,77.65,125.86
8622,2026-08-01,13,2,5,7,362.42,139.47,222.95
8623,2026-08-01,13,3,1,2,134.55,47.26,87.29
8624,2026-08-01,13,3,4,1,59.12,20.42,38.7
8625,2026-08-01,13,3,5,1,57.35,21.36,35.99
8626,2026-08-01,13,4,2,5,272.75,97.1,175.65
8627,2026-08-01,13,4,4,5,301.8,107.96,193.84
8628,2026-08-01,13,4,5,4,246.33,83.52,162.81
8629,2026-08-01,13,5,1,2,101.31,44.13,57.18
8630,2026-08-01,13,5,2,2,104.85,41.78,63.07
8631,2026-08-01,13,5,4,3,137.34,57.19,80.15
8632,2026-08-01,13,5,5,1,51.48,19.42,32.06
8633,2026-08-01,14,1,2,3,85.34,31.81,53.53
8634,2026-08-01,14,1,3,2,50.28,19.33,30.95
8635,2026-08-01,14,1,4,10,248.08,103.67,144.41
8636,2026-08-01,14,1,5,4,120.67,47.64,73.03
8637,2026-08-01,14,2,1,2,59.57,23.36,36.21
8638,2026-08-01,14,2,2,7,213.53,78.89,134.64
8639,2026-08-01,14,2,3,3,85.02,31.09,53.93
8640,2026-08-01,14,2,4,3,81.47,30.08,51.39
8641,2026-08-01,14,2,5,10,266.38,102.33,164.05
8642,2026-08-01,14,3,2,2,56.76,22.72,34.04
8643,2026-08-01,14,3,3,1,31.57,11.17,20.4
8644,2026-08-01,14,3,4,8,221.47,84.46,137.01
8645,2026-08-01,14,3,5,1,31.66,11.25,20.41
8646,2026-08-01,14,4,1,1,34.33,12.23,22.1
8647,2026-08-01,14,4,3,2,58.8,22.04,36.76
8648,2026-08-01,14,4,4,5,146.94,55.77,91.17
8649,2026-08-01,14,4,5,4,120.5,42.67,77.83
8650,2026-08-01,14,5,2,4,102.4,42.49,59.91
8651,2026-08-01,14,5,4,6,168.14,67.6,100.54
8652,2026-08-01,14,5,5,2,49.8,18.83,30.97
8653,2026-08-01,15,1,1,1,50.33,21.67,28.66
8654,2026-08-01,15,1,2,5,263.0,117.58,145.42
8655,2026-08-01,15,1,3,4,204.96,85.99,118.97
8656,2026-08-01,15,1,4,6,332.93,144.11,188.82
8657,2026-08-01,15,1,5,2,104.44,41.81,62.63
8658,2026-08-01,15,2,1,1,55.65,24.94,30.71
8659,2026-08-01,15,2,2,2,116.08,48.05,68.03
8660,2026-08-01,15,2,3,5,265.76,114.43,151.33
8661,2026-08-01,15,2,4,4,210.53,87.39,123.14
8662,2026-08-01,15,2,5,2,112.22,45.62,66.6
8663,2026-08-01,15,3,2,2,106.52,48.71,57.81
8664,2026-08-01,15,3,4,5,257.3,112.87,144.43
8665,2026-08-01,15,3,5,2,113.74,48.71,65.03
8666,2026-08-01,15,4,1,3,189.89,81.02,108.87
8667,2026-08-01,15,4,2,1,68.21,26.13,42.08
8668,2026-08-01,15,4,4,8,454.99,181.54,273.45
8669,2026-08-01,15,4,5,2,113.42,48.86,64.56
8670,2026-08-01,15,5,2,2,110.41,44.07,66.34
8671,2026-08-01,15,5,4,3,156.05,64.27,91.78
8672,2026-08-01,15,5,5,5,238.41,111.28,127.13
8673,2026-09-01,1,1,1,3,220.24,88.64,131.6
8674,2026-09-01,1,1,2,7,489.32,175.94,313.38
8675,2026-09-01,1,1,3,7,436.07,175.85,260.22
8676,2026-09-01,1,1,4,9,580.98,234.71,346.27
8677,2026-09-01,1,1,5,3,218.03,86.46,131.57
8678,2026-09-01,1,2,2,2,155.99,57.65,98.34
8679,2026-09-01,1,2,3,3,215.18,87.62,127.56
8680,2026-09-01,1,2,4,4,298.92,114.94,183.98
8681,2026-09-01,1,2,5,1,75.49,29.35,46.14
8682,2026-09-01,1,3,2,1,69.1,29.65,39.45
8683,2026-09-01,1,3,3,1,73.14,28.26,44.88
8684,2026-09-01,1,3,4,9,594.95,236.62,358.33
8685,2026-09-01,1,4,1,1,71.46,28.69,42.77
8686,2026-09-01,1,4,2,6,394.67,144.61,250.06
8687,2026-09-01,1,4,3,8,574.77,205.26,369.51
8688,2026-09-01,1,4,4,9,606.38,233.81,372.57
8689,2026-09-01,1,5,2,7,419.81,173.83,245.98
8690,2026-09-01,1,5,4,3,202.34,86.92,115.42
8691,2026-09-01,1,5,5,3,201.0,86.24,114.76
8692,2026-09-01,2,1,1,1,140.42,48.53,91.89
8693,2026-09-01,2,1,2,2,247.64,99.7,147.94
8694,2026-09-01,2,1,3,1,130.77,50.76,80.01
8695,2026-09-01,2,1,4,12,1364.56,546.72,817.84
8696,2026-09-01,2,1,5,4,557.89,201.49,356.4
8697,2026-09-01,2,2,1,1,123.74,49.97,73.77
8698,2026-09-01,2,2,2,9,979.4,390.83,588.57
8699,2026-09-01,2,2,3,4,468.59,197.36,271.23
8700,2026-09-01,2,2,4,18,2084.85,799.06,1285.79
8701,2026-09-01,2,2,5,4,518.02,198.21,319.81
8702,2026-09-01,2,3,1,1,138.56,51.23,87.33
8703,2026-09-01,2,3,2,1,128.85,49.0,79.85
8704,2026-09-01,2,3,4,8,877.9,350.43,527.47
8705,2026-09-01,2,3,5,1,135.32,50.04,85.28
8706,2026-09-01,2,4,2,1,130.34,49.07,81.27
8707,2026-09-01,2,4,3,1,131.8,49.39,82.41
8708,2026-09-01,2,4,4,6,648.26,251.34,396.92
8709,2026-09-01,2,4,5,2,264.25,97.0,167.25
8710,2026-09-01,2,5,1,1,108.42,50.83,57.59
8711,2026-09-01,2,5,2,1,116.48,48.9,67.58
8712,2026-09-01,2,5,4,7,734.22,295.91,438.31
8713,2026-09-01,2,5,5,1,107.66,49.79,57.87
8714,2026-09-01,3,1,1,2,109.96,42.92,67.04
8715,2026-09-01,3,1,2,2,106.18,43.72,62.46
8716,2026-09-01,3,1,3,2,128.22,44.64,83.58
8717,2026-09-01,3,1,4,4,231.31,88.58,142.73
8718,2026-09-01,3,1,5,3,183.22,64.66,118.56
8719,2026-09-01,3,2,1,1,60.1,21.49,38.61
8720,2026-09-01,3,2,2,4,227.26,87.81,139.45
8721,2026-09-01,3,2,3,1,53.51,22.13,31.38
8722,2026-09-01,3,2,4,4,243.18,87.85,155.33
8723,2026-09-01,3,2,5,6,285.21,108.97,176.24
8724,2026-09-01,3,3,1,3,192.26,65.38,126.88
8725,2026-09-01,3,3,4,3,177.0,66.4,110.6
8726,2026-09-01,3,3,5,4,229.07,85.4,143.67
8727,2026-09-01,3,4,3,2,121.37,42.68,78.69
8728,2026-09-01,3,4,4,7,363.87,133.88,229.99
8729,2026-09-01,3,5,2,4,224.34,87.46,136.88
8730,2026-09-01,3,5,4,8,404.22,154.06,250.16
8731,2026-09-01,3,5,5,1,58.79,22.58,36.21
8732,2026-09-01,4,1,1,4,342.88,146.95,195.93
8733,2026-09-01,4,1,2,1,92.38,37.66,54.72
8734,2026-09-01,4,1,4,8,642.76,257.83,384.93
8735,2026-09-01,4,2,1,2,187.16,71.76,115.4
8736,2026-09-01,4,2,2,3,291.72,109.11,182.61
8737,2026-09-01,4,2,4,3,285.14,111.03,174.11
8738,2026-09-01,4,2,5,2,184.75,72.86,111.89
8739,2026-09-01,4,3,4,1,92.76,36.6,56.16
8740,2026-09-01,4,3,5,6,481.32,183.25,298.07
8741,2026-09-01,4,4,2,3,299.52,112.13,187.39
8742,2026-09-01,4,4,3,1,105.82,35.95,69.87
8743,2026-09-01,4,4,4,4,400.98,149.3,251.68
8744,2026-09-01,4,5,2,4,359.89,147.97,211.92
8745,2026-09-01,4,5,4,3,264.99,111.24,153.75
8746,2026-09-01,5,1,1,1,101.83,43.79,58.04
8747,2026-09-01,5,1,2,2,219.45,89.53,129.92
8748,2026-09-01,5,1,4,6,497.37,229.18,268.19
8749,2026-09-01,5,2,2,6,536.43,231.35,305.08
8750,2026-09-01,5,2,3,1,102.45,43.97,58.48
8751,2026-09-01,5,2,4,16,1427.86,637.86,790.0
8752,2026-09-01,5,2,5,6,539.18,224.91,314.27
8753,2026-09-01,5,3,4,11,1065.21,447.73,617.48
8754,2026-09-01,5,3,5,1,116.86,45.95,70.91
8755,2026-09-01,5,4,2,2,234.83,89.01,145.82
8756,2026-09-01,5,4,3,4,432.48,179.76,252.72
8757,2026-09-01,5,4,4,4,432.46,176.52,255.94
8758,2026-09-01,5,4,5,1,114.25,45.89,68.36
8759,2026-09-01,5,5,1,1,108.17,46.42,61.75
8760,2026-09-01,5,5,3,1,112.19,46.2,65.99
8761,2026-09-01,5,5,4,3,299.58,136.19,163.39
8762,2026-09-01,5,5,5,2,187.07,90.38,96.69
8763,2026-09-01,6,1,1,1,80.96,35.15,45.81
8764,2026-09-01,6,1,3,1,80.1,35.39,44.71
8765,2026-09-01,6,1,4,4,327.03,142.0,185.03
8766,2026-09-01,6,1,5,1,78.5,36.12,42.38
8767,2026-09-01,6,2,2,2,163.5,71.53,91.97
8768,2026-09-01,6,2,3,1,84.87,36.6,48.27
8769,2026-09-01,6,2,4,6,430.65,178.72,251.93
8770,2026-09-01,6,3,4,4,376.22,143.88,232.34
8771,2026-09-01,6,3,5,2,179.98,71.28,108.7
8772,2026-09-01,6,4,2,1,85.72,35.11,50.61
8773,2026-09-01,6,4,3,3,260.75,105.06,155.69
8774,2026-09-01,6,4,4,1,92.93,35.41,57.52
8775,2026-09-01,6,5,1,6,393.2,180.13,213.07
8776,2026-09-01,6,5,4,6,398.57,181.68,216.89
8777,2026-09-01,7,1,1,1,45.39,20.14,25.25
8778,2026-09-01,7,1,2,2,107.61,40.93,66.68
8779,2026-09-01,7,1,3,2,115.39,40.66,74.73
8780,2026-09-01,7,1,4,8,378.67,140.35,238.32
8781,2026-09-01,7,1,5,1,55.42,19.76,35.66
8782,2026-09-01,7,2,1,2,105.73,40.58,65.15
8783,2026-09-01,7,2,2,3,160.08,61.68,98.4
8784,2026-09-01,7,2,3,1,56.56,20.12,36.44
8785,2026-09-01,7,2,4,4,220.92,80.82,140.1
8786,2026-09-01,7,2,5,3,157.55,60.2,97.35
8787,2026-09-01,7,3,2,1,53.35,20.72,32.63
8788,2026-09-01,7,3,3,1,57.6,19.77,37.83
8789,2026-09-01,7,3,4,11,530.45,201.97,328.48
8790,2026-09-01,7,3,5,2,99.06,40.3,58.76
8791,2026-09-01,7,4,2,1,58.48,20.71,37.77
8792,2026-09-01,7,4,3,3,169.44,61.22,108.22
8793,2026-09-01,7,4,4,7,333.84,120.24,213.6
8794,2026-09-01,7,5,2,1,50.31,20.27,30.04
8795,2026-09-01,7,5,4,4,193.84,80.68,113.16
8796,2026-09-01,7,5,5,3,145.11,61.34,83.77
8797,2026-09-01,8,1,2,4,215.69,88.36,127.33
8798,2026-09-01,8,1,3,2,109.36,43.89,65.47
8799,2026-09-01,8,1,4,12,620.24,240.57,379.67
8800,2026-09-01,8,2,1,6,281.08,107.64,173.44
8801,2026-09-01,8,2,2,4,240.38,89.02,151.36
8802,2026-09-01,8,2,3,2,113.32,44.9,68.42
8803,2026-09-01,8,2,4,15,772.44,286.9,485.54
8804,2026-09-01,8,2,5,3,174.37,67.06,107.31
8805,2026-09-01,8,3,2,1,51.88,21.92,29.96
8806,2026-09-01,8,3,4,1,57.45,22.25,35.2
8807,2026-09-01,8,3,5,7,342.52,132.38,210.14
8808,2026-09-01,8,4,3,3,174.12,66.3,107.82
8809,2026-09-01,8,4,4,13,697.77,262.1,435.67
8810,2026-09-01,8,5,3,1,49.84,22.52,27.32
8811,2026-09-01,8,5,4,8,374.74,153.36,221.38
8812,2026-09-01,8,5,5,2,101.25,43.0,58.25
8813,2026-09-01,9,1,2,1,77.77,32.22,45.55
8814,2026-09-01,9,1,3,2,167.45,64.86,102.59
8815,2026-09-01,9,1,4,11,770.76,322.94,447.82
8816,2026-09-01,9,1,5,4,309.71,128.37,181.34
8817,2026-09-01,9,2,1,1,80.65,31.2,49.45
8818,2026-09-01,9,2,2,7,474.55,191.99,282.56
8819,2026-09-01,9,2,3,3,239.41,96.47,142.94
8820,2026-09-01,9,2,4,3,238.82,97.66,141.16
8821,2026-09-01,9,3,2,1,73.17,31.88,41.29
8822,2026-09-01,9,3,4,9,636.06,254.12,381.94
8823,2026-09-01,9,3,5,1,73.29,32.74,40.55
8824,2026-09-01,9,4,3,3,259.51,97.72,161.79
8825,2026-09-01,9,4,4,1,79.4,32.4,47.0
8826,2026-09-01,9,5,3,1,75.08,32.38,42.7
8827,2026-09-01,9,5,4,2,145.51,63.68,81.83
8828,2026-09-01,9,5,5,2,159.39,65.32,94.07
8829,2026-09-01,10,1,1,1,60.77,26.52,34.25
8830,2026-09-01,10,1,2,7,418.38,155.69,262.69
8831,2026-09-01,10,1,3,3,208.28,78.85,129.43
8832,2026-09-01,10,1,4,10,591.19,233.77,357.42
8833,2026-09-01,10,1,5,1,66.72,26.2,40.52
8834,2026-09-01,10,2,1,7,398.9,156.98,241.92
8835,2026-09-01,10,2,3,1,72.9,25.41,47.49
8836,2026-09-01,10,2,4,13,822.47,309.8,512.67
8837,2026-09-01,10,2,5,1,74.27,25.39,48.88
8838,2026-09-01,10,3,3,2,139.2,51.52,87.68
8839,2026-09-01,10,4,1,1,69.31,26.22,43.09
8840,2026-09-01,10,4,2,3,218.22,79.86,138.36
8841,2026-09-01,10,4,3,8,486.98,183.84,303.14
8842,2026-09-01,10,4,4,8,508.54,181.37,327.17
8843,2026-09-01,10,4,5,1,71.79,26.47,45.32
8844,2026-09-01,10,5,2,2,121.24,52.92,68.32
8845,2026-09-01,10,5,3,1,60.37,26.0,34.37
8846,2026-09-01,10,5,4,2,139.21,53.68,85.53
8847,2026-09-01,10,5,5,2,120.31,52.18,68.13
8848,2026-09-01,11,1,2,10,411.92,133.31,278.61
8849,2026-09-01,11,1,3,3,131.99,44.46,87.53
8850,2026-09-01,11,1,4,9,376.94,116.98,259.96
8851,2026-09-01,11,1,5,3,150.19,45.19,105.0
8852,2026-09-01,11,2,2,2,98.54,29.1,69.44
8853,2026-09-01,11,2,3,4,178.49,59.51,118.98
8854,2026-09-01,11,2,4,10,420.36,134.52,285.84
8855,2026-09-01,11,2,5,2,100.97,29.93,71.04
8856,2026-09-01,11,3,1,1,50.12,14.59,35.53
8857,2026-09-01,11,3,3,2,99.44,29.96,69.48
8858,2026-09-01,11,3,4,8,336.96,102.62,234.34
8859,2026-09-01,11,3,5,3,149.26,44.86,104.4
8860,2026-09-01,11,4,2,4,200.11,59.66,140.45
8861,2026-09-01,11,4,4,7,300.9,89.93,210.97
8862,2026-09-01,11,5,1,2,86.12,30.27,55.85
8863,2026-09-01,11,5,2,8,290.28,103.41,186.87
8864,2026-09-01,11,5,4,4,187.99,60.03,127.96
8865,2026-09-01,11,5,5,2,84.93,29.12,55.81
8866,2026-09-01,12,1,2,1,94.62,31.65,62.97
8867,2026-09-01,12,1,4,11,856.45,316.43,540.02
8868,2026-09-01,12,2,3,2,164.4,62.68,101.72
8869,2026-09-01,12,2,4,4,367.4,125.88,241.52
8870,2026-09-01,12,2,5,2,182.25,64.44,117.81
8871,2026-09-01,12,3,1,1,81.81,31.92,49.89
8872,2026-09-01,12,3,2,10,837.04,280.46,556.58
8873,2026-09-01,12,3,4,9,743.0,252.08,490.92
8874,2026-09-01,12,3,5,4,362.71,125.0,237.71
8875,2026-09-01,12,4,1,1,100.37,30.87,69.5
8876,2026-09-01,12,4,2,2,187.82,62.17,125.65
8877,2026-09-01,12,4,3,3,299.71,93.78,205.93
8878,2026-09-01,12,4,4,3,270.07,95.7,174.37
8879,2026-09-01,12,5,1,2,167.7,63.93,103.77
8880,2026-09-01,12,5,2,6,408.36,158.54,249.82
8881,2026-09-01,12,5,4,10,795.9,281.46,514.44
8882,2026-09-01,13,1,2,2,127.91,45.07,82.84
8883,2026-09-01,13,1,3,6,328.03,111.6,216.43
8884,2026-09-01,13,1,4,2,125.02,44.62,80.4
8885,2026-09-01,13,2,2,2,117.24,45.01,72.23
8886,2026-09-01,13,2,3,1,67.26,23.24,44.02
8887,2026-09-01,13,2,4,7,396.77,135.31,261.46
8888,2026-09-01,13,2,5,2,120.83,45.85,74.98
8889,2026-09-01,13,3,2,2,131.17,45.5,85.67
8890,2026-09-01,13,3,3,3,205.59,67.22,138.37
8891,2026-09-01,13,3,4,7,398.05,136.63,261.42
8892,2026-09-01,13,3,5,3,182.79,66.79,116.0
8893,2026-09-01,13,4,3,3,202.61,68.51,134.1
8894,2026-09-01,13,4,4,4,267.33,91.18,176.15
8895,2026-09-01,13,5,1,3,187.36,66.82,120.54
8896,2026-09-01,13,5,2,3,178.86,67.19,111.67
8897,2026-09-01,13,5,3,1,52.65,22.65,30.0
8898,2026-09-01,13,5,4,6,286.57,110.86,175.71
8899,2026-09-01,13,5,5,1,61.64,22.16,39.48
8900,2026-09-01,14,1,2,6,147.99,56.31,91.68
8901,2026-09-01,14,1,3,4,125.15,45.41,79.74
8902,2026-09-01,14,1,4,8,222.2,79.43,142.77
8903,2026-09-01,14,1,5,6,161.8,56.88,104.92
8904,2026-09-01,14,2,2,1,30.74,11.13,19.61
8905,2026-09-01,14,2,4,10,282.42,102.45,179.97
8906,2026-09-01,14,2,5,7,203.99,68.18,135.81
8907,2026-09-01,14,3,1,3,88.31,34.68,53.63
8908,2026-09-01,14,3,3,2,64.0,22.28,41.72
8909,2026-09-01,14,3,4,3,96.28,33.78,62.5
8910,2026-09-01,14,3,5,1,31.31,11.34,19.97
8911,2026-09-01,14,4,1,1,32.63,11.57,21.06
8912,2026-09-01,14,4,2,2,69.02,22.94,46.08
8913,2026-09-01,14,4,3,1,30.88,10.98,19.9
8914,2026-09-01,14,4,4,6,171.94,56.21,115.73
8915,2026-09-01,14,4,5,3,95.61,34.25,61.36
8916,2026-09-01,14,5,2,3,89.5,34.4,55.1
8917,2026-09-01,14,5,3,1,33.75,11.56,22.19
8918,2026-09-01,14,5,4,8,192.52,77.68,114.84
8919,2026-09-01,14,5,5,1,30.42,11.51,18.91
8920,2026-09-01,15,1,2,3,190.14,73.5,116.64
8921,2026-09-01,15,1,3,2,119.61,49.86,69.75
8922,2026-09-01,15,1,4,9,479.48,200.68,278.8
8923,2026-09-01,15,1,5,3,186.0,73.81,112.19
8924,2026-09-01,15,2,1,2,128.77,49.48,79.29
8925,2026-09-01,15,2,2,2,130.8,49.16,81.64
8926,2026-09-01,15,2,3,1,65.75,25.05,40.7
8927,2026-09-01,15,2,4,3,192.84,73.45,119.39
8928,2026-09-01,15,2,5,1,60.43,25.64,34.79
8929,2026-09-01,15,3,2,3,200.41,73.49,126.92
8930,2026-09-01,15,3,3,1,67.69,25.7,41.99
8931,2026-09-01,15,3,4,7,379.05,149.71,229.34
8932,2026-09-01,15,3,5,2,123.64,49.61,74.03
8933,2026-09-01,15,4,2,1,67.17,24.99,42.18
8934,2026-09-01,15,4,3,2,128.52,50.74,77.78
8935,2026-09-01,15,4,4,8,457.53,172.57,284.96
8936,2026-09-01,15,5,2,7,376.79,148.74,228.05
8937,2026-09-01,15,5,4,7,354.04,148.48,205.56
8938,2026-09-01,15,5,5,1,52.5,25.68,26.82
8939,2026-10-01,1,1,2,2,165.94,58.34,107.6
8940,2026-10-01,1,1,4,8,487.65,202.26,285.39
8941,2026-10-01,1,1,5,2,135.64,59.99,75.65
8942,2026-10-01,1,2,1,3,212.97,86.06,126.91
8943,2026-10-01,1,2,2,6,395.16,146.84,248.32
8944,2026-10-01,1,2,3,1,72.86,30.05,42.81
8945,2026-10-01,1,2,4,9,616.09,233.45,382.64
8946,2026-10-01,1,2,5,2,166.35,58.22,108.13
8947,2026-10-01,1,3,2,7,469.95,175.18,294.77
8948,2026-10-01,1,3,4,6,377.68,146.23,231.45
8949,2026-10-01,1,3,5,3,230.98,87.67,143.31
8950,2026-10-01,1,4,2,2,162.71,58.73,103.98
8951,2026-10-01,1,4,4,6,385.45,146.81,238.64
8952,2026-10-01,1,4,5,2,151.66,58.97,92.69
8953,2026-10-01,1,5,1,2,143.34,57.44,85.9
8954,2026-10-01,1,5,2,4,264.78,113.56,151.22
8955,2026-10-01,1,5,3,1,62.46,28.54,33.92
8956,2026-10-01,1,5,4,2,139.29,59.81,79.48
8957,2026-10-01,1,5,5,3,190.52,85.92,104.6
8958,2026-10-01,2,1,2,3,372.59,149.22,223.37
8959,2026-10-01,2,1,3,3,394.29,151.64,242.65
8960,2026-10-01,2,1,4,4,489.45,199.73,289.72
8961,2026-10-01,2,1,5,3,405.29,147.97,257.32
8962,2026-10-01,2,2,1,1,132.63,51.06,81.57
8963,2026-10-01,2,2,2,2,274.32,97.59,176.73
8964,2026-10-01,2,2,3,1,131.01,49.63,81.38
8965,2026-10-01,2,2,4,10,1162.19,448.23,713.96
8966,2026-10-01,2,2,5,7,774.28,303.7,470.58
8967,2026-10-01,2,3,1,2,270.03,99.52,170.51
8968,2026-10-01,2,3,4,4,466.08,202.69,263.39
8969,2026-10-01,2,4,1,1,122.82,48.92,73.9
8970,2026-10-01,2,4,2,3,392.01,152.85,239.16
8971,2026-10-01,2,4,4,6,662.72,248.56,414.16
8972,2026-10-01,2,4,5,3,391.72,149.53,242.19
8973,2026-10-01,2,5,2,2,234.06,99.73,134.33
8974,2026-10-01,2,5,4,4,467.54,203.1,264.44
8975,2026-10-01,2,5,5,8,816.33,347.17,469.16
8976,2026-10-01,3,1,1,2,128.85,43.03,85.82
8977,2026-10-01,3,1,2,6,288.26,108.7,179.56
8978,2026-10-01,3,1,3,2,119.24,44.66,74.58
8979,2026-10-01,3,1,4,9,462.56,175.98,286.58
8980,2026-10-01,3,1,5,4,234.65,87.08,147.57
8981,2026-10-01,3,2,1,1,53.36,21.53,31.83
8982,2026-10-01,3,2,2,1,62.94,21.63,41.31
8983,2026-10-01,3,2,3,8,440.86,152.62,288.24
8984,2026-10-01,3,2,5,6,281.8,110.42,171.38
8985,2026-10-01,3,3,4,9,458.22,177.24,280.98
8986,2026-10-01,3,3,5,2,117.27,43.96,73.31
8987,2026-10-01,3,4,2,2,124.04,44.91,79.13
8988,2026-10-01,3,4,3,1,57.32,21.89,35.43
8989,2026-10-01,3,4,4,7,381.4,132.21,249.19
8990,2026-10-01,3,4,5,2,129.49,44.24,85.25
8991,2026-10-01,3,5,4,7,324.42,133.41,191.01
8992,2026-10-01,3,5,5,9,437.08,175.58,261.5
8993,2026-10-01,4,1,2,1,97.15,37.26,59.89
8994,2026-10-01,4,1,4,13,1105.84,441.39,664.45
8995,2026-10-01,4,1,5,3,284.6,111.45,173.15
8996,2026-10-01,4,2,1,1,88.72,37.88,50.84
8997,2026-10-01,4,2,2,6,475.61,184.29,291.32
8998,2026-10-01,4,2,3,1,96.99,36.35,60.64
8999,2026-10-01,4,2,4,12,1073.72,406.02,667.7
9000,2026-10-01,4,2,5,4,396.55,149.45,247.1
9001,2026-10-01,4,3,2,3,269.21,111.47,157.74
9002,2026-10-01,4,3,4,6,483.89,184.71,299.18
9003,2026-10-01,4,3,5,1,98.41,37.71,60.7
9004,2026-10-01,4,4,2,1,97.06,36.81,60.25
9005,2026-10-01,4,4,4,6,492.04,185.77,306.27
9006,2026-10-01,4,5,1,1,82.89,36.76,46.13
9007,2026-10-01,4,5,2,1,84.15,37.65,46.5
9008,2026-10-01,4,5,3,1,84.16,37.61,46.55
9009,2026-10-01,4,5,4,6,459.33,185.75,273.58
9010,2026-10-01,4,5,5,4,339.01,149.03,189.98
9011,2026-10-01,5,1,1,3,323.46,135.9,187.56
9012,2026-10-01,5,1,2,2,200.62,90.39,110.23
9013,2026-10-01,5,1,4,7,623.59,270.95,352.64
9014,2026-10-01,5,1,5,2,219.4,90.33,129.07
9015,2026-10-01,5,2,2,3,326.19,136.08,190.11
9016,2026-10-01,5,2,4,7,658.38,273.06,385.32
9017,2026-10-01,5,2,5,3,355.59,138.83,216.76
9018,2026-10-01,5,3,1,6,550.94,224.98,325.96
9019,2026-10-01,5,3,2,2,218.88,91.41,127.47
9020,2026-10-01,5,3,4,4,439.6,179.08,260.52
9021,2026-10-01,5,3,5,6,554.23,227.98,326.25
9022,2026-10-01,5,4,2,1,104.43,45.17,59.26
9023,2026-10-01,5,4,4,11,1094.68,453.35,641.33
9024,2026-10-01,5,4,5,1,103.06,46.45,56.61
9025,2026-10-01,5,5,1,1,109.23,46.01,63.22
9026,2026-10-01,5,5,2,2,205.55,91.83,113.72
9027,2026-10-01,5,5,4,8,707.91,318.64,389.27
9028,2026-10-01,5,5,5,4,391.87,178.57,213.3
9029,2026-10-01,6,1,1,1,90.37,36.15,54.22
9030,2026-10-01,6,1,2,3,248.31,108.22,140.09
9031,2026-10-01,6,1,3,2,161.02,70.82,90.2
9032,2026-10-01,6,1,4,9,696.98,283.95,413.03
9033,2026-10-01,6,1,5,10,711.77,317.49,394.28
9034,2026-10-01,6,2,2,1,80.58,35.48,45.1
9035,2026-10-01,6,2,3,11,905.16,355.53,549.63
9036,2026-10-01,6,2,4,1,85.8,35.55,50.25
9037,2026-10-01,6,2,5,2,171.63,71.19,100.44
9038,2026-10-01,6,3,2,4,364.32,141.31,223.01
9039,2026-10-01,6,3,4,4,325.27,145.18,180.09
9040,2026-10-01,6,4,4,1,86.71,35.51,51.2
9041,2026-10-01,6,4,5,1,90.7,35.77,54.93
9042,2026-10-01,6,5,4,6,372.82,176.63,196.19
9043,2026-10-01,6,5,5,3,216.02,105.29,110.73
9044,2026-10-01,7,1,1,1,50.35,19.79,30.56
9045,2026-10-01,7,1,2,3,162.66,60.78,101.88
9046,2026-10-01,7,1,4,10,489.53,184.33,305.2
9047,2026-10-01,7,1,5,3,162.17,61.17,101.0
9048,2026-10-01,7,2,1,1,52.08,20.13,31.95
9049,2026-10-01,7,2,2,2,101.51,40.94,60.57
9050,2026-10-01,7,2,3,4,230.97,79.65,151.32
9051,2026-10-01,7,2,4,6,260.36,102.41,157.95
9052,2026-10-01,7,2,5,2,108.66,40.41,68.25
9053,2026-10-01,7,3,1,1,59.46,19.95,39.51
9054,2026-10-01,7,3,2,2,105.94,40.51,65.43
9055,2026-10-01,7,3,4,4,204.48,80.79,123.69
9056,2026-10-01,7,3,5,3,155.03,60.88,94.15
9057,2026-10-01,7,4,2,2,107.48,40.99,66.49
9058,2026-10-01,7,4,4,4,221.69,81.03,140.66
9059,2026-10-01,7,4,5,2,113.16,41.14,72.02
9060,2026-10-01,7,5,1,1,51.88,20.09,31.79
9061,2026-10-01,7,5,2,3,144.55,59.88,84.67
9062,2026-10-01,7,5,3,4,193.35,81.31,112.04
9063,2026-10-01,7,5,4,11,492.07,203.78,288.29
9064,2026-10-01,7,5,5,9,409.08,163.05,246.03
9065,2026-10-01,8,1,1,1,59.86,22.33,37.53
9066,2026-10-01,8,1,2,2,106.49,44.55,61.94
9067,2026-10-01,8,1,4,8,382.81,154.28,228.53
9068,2026-10-01,8,1,5,1,57.24,21.74,35.5
9069,2026-10-01,8,2,1,1,57.78,21.84,35.94
9070,2026-10-01,8,2,2,3,165.48,67.65,97.83
9071,2026-10-01,8,2,4,7,357.81,130.83,226.98
9072,2026-10-01,8,2,5,2,116.49,44.04,72.45
9073,2026-10-01,8,3,2,3,166.15,67.52,98.63
9074,2026-10-01,8,3,3,1,60.03,22.36,37.67
9075,2026-10-01,8,3,4,9,482.15,176.23,305.92
9076,2026-10-01,8,3,5,4,227.54,89.0,138.54
9077,2026-10-01,8,4,1,1,55.68,22.02,33.66
9078,2026-10-01,8,4,2,6,278.0,110.63,167.37
9079,2026-10-01,8,4,4,10,521.94,196.64,325.3
9080,2026-10-01,8,5,1,1,45.66,21.47,24.19
9081,2026-10-01,8,5,2,4,204.67,87.74,116.93
9082,2026-10-01,8,5,4,8,356.94,155.43,201.51
9083,2026-10-01,8,5,5,3,150.65,66.18,84.47
9084,2026-10-01,9,1,2,2,155.77,66.26,89.51
9085,2026-10-01,9,1,4,13,913.86,383.75,530.11
9086,2026-10-01,9,1,5,1,71.93,32.38,39.55
9087,2026-10-01,9,2,2,2,163.3,63.01,100.29
9088,2026-10-01,9,2,3,2,158.15,66.07,92.08
9089,2026-10-01,9,2,4,1,82.25,32.62,49.63
9090,2026-10-01,9,3,2,2,168.82,66.29,102.53
9091,2026-10-01,9,3,3,2,157.69,65.42,92.27
9092,2026-10-01,9,3,5,4,347.92,128.93,218.99
9093,2026-10-01,9,4,4,8,586.07,227.01,359.06
9094,2026-10-01,9,5,1,1,73.46,32.59,40.87
9095,2026-10-01,9,5,2,1,77.23,32.74,44.49
9096,2026-10-01,9,5,4,11,709.53,323.12,386.41
9097,2026-10-01,10,1,1,3,212.38,77.52,134.86
9098,2026-10-01,10,1,3,1,72.74,25.53,47.21
9099,2026-10-01,10,1,4,6,351.78,133.88,217.9
9100,2026-10-01,10,2,2,1,74.28,26.09,48.19
9101,2026-10-01,10,2,3,1,69.44,26.37,43.07
9102,2026-10-01,10,2,4,8,468.95,182.95,286.0
9103,2026-10-01,10,2,5,4,281.06,106.06,175.0
9104,2026-10-01,10,3,2,1,63.28,27.01,36.27
9105,2026-10-01,10,3,4,12,776.69,285.6,491.09
9106,2026-10-01,10,3,5,1,70.26,26.02,44.24
9107,2026-10-01,10,4,2,4,301.1,104.92,196.18
9108,2026-10-01,10,4,3,1,72.56,26.37,46.19
9109,2026-10-01,10,4,4,6,353.58,131.18,222.4
9110,2026-10-01,10,4,5,2,142.86,53.38,89.48
9111,2026-10-01,10,5,1,2,132.11,51.11,81.0
9112,2026-10-01,10,5,2,2,122.92,53.28,69.64
9113,2026-10-01,10,5,4,2,130.15,52.93,77.22
9114,2026-10-01,10,5,5,2,135.71,51.95,83.76
9115,2026-10-01,11,1,1,1,47.12,14.65,32.47
9116,2026-10-01,11,1,3,2,94.0,30.2,63.8
9117,2026-10-01,11,1,4,7,262.66,89.95,172.71
9118,2026-10-01,11,1,5,2,96.6,30.55,66.05
9119,2026-10-01,11,2,2,4,191.5,59.03,132.47
9120,2026-10-01,11,2,3,1,47.04,14.76,32.28
9121,2026-10-01,11,2,4,6,255.24,73.14,182.1
9122,2026-10-01,11,2,5,1,49.19,14.65,34.54
9123,2026-10-01,11,3,2,3,155.78,45.62,110.16
9124,2026-10-01,11,3,4,2,96.57,29.46,67.11
9125,2026-10-01,11,3,5,2,96.27,29.26,67.01
9126,2026-10-01,11,4,2,1,48.67,14.58,34.09
9127,2026-10-01,11,4,4,7,297.59,89.73,207.86
9128,2026-10-01,11,4,5,3,141.0,43.96,97.04
9129,2026-10-01,11,5,1,1,40.87,15.17,25.7
9130,2026-10-01,11,5,2,9,368.14,117.61,250.53
9131,2026-10-01,11,5,3,1,42.07,14.88,27.19
9132,2026-10-01,11,5,4,4,183.99,59.5,124.49
9133,2026-10-01,11,5,5,3,143.7,44.46,99.24
9134,2026-10-01,12,1,2,3,268.28,95.41,172.87
9135,2026-10-01,12,1,4,13,992.76,382.59,610.17
9136,2026-10-01,12,1,5,6,461.33,156.67,304.66
9137,2026-10-01,12,2,1,2,176.81,63.4,113.41
9138,2026-10-01,12,2,2,4,374.97,124.86,250.11
9139,2026-10-01,12,2,4,8,634.46,219.25,415.21
9140,2026-10-01,12,2,5,1,94.69,31.85,62.84
9141,2026-10-01,12,3,1,3,270.64,95.65,174.99
9142,2026-10-01,12,3,2,1,87.6,31.04,56.56
9143,2026-10-01,12,3,4,7,538.05,187.9,350.15
9144,2026-10-01,12,3,5,3,267.24,96.4,170.84
9145,2026-10-01,12,4,2,1,95.21,31.76,63.45
9146,2026-10-01,12,4,3,1,100.05,32.25,67.8
9147,2026-10-01,12,4,4,3,284.81,94.96,189.85
9148,2026-10-01,12,4,5,7,587.55,188.44,399.11
9149,2026-10-01,12,5,4,4,324.91,126.5,198.41
9150,2026-10-01,12,5,5,7,514.59,189.4,325.19
9151,2026-10-01,13,1,1,1,59.32,22.58,36.74
9152,2026-10-01,13,1,2,2,123.53,44.2,79.33
9153,2026-10-01,13,1,3,3,184.64,67.64,117.0
9154,2026-10-01,13,1,4,10,558.04,205.56,352.48
9155,2026-10-01,13,1,5,3,206.3,67.9,138.4
9156,2026-10-01,13,2,2,2,129.08,45.53,83.55
9157,2026-10-01,13,2,3,3,189.6,68.54,121.06
9158,2026-10-01,13,2,4,1,66.6,22.59,44.01
9159,2026-10-01,13,2,5,1,62.58,23.28,39.3
9160,2026-10-01,13,3,1,1,66.72,22.81,43.91
9161,2026-10-01,13,3,4,8,443.76,158.87,284.89
9162,2026-10-01,13,3,5,2,138.29,44.96,93.33
9163,2026-10-01,13,4,1,2,137.42,44.92,92.5
9164,2026-10-01,13,4,2,3,188.85,68.84,120.01
9165,2026-10-01,13,4,4,2,130.06,45.11,84.95
9166,2026-10-01,13,4,5,1,67.52,22.72,44.8
9167,2026-10-01,13,5,1,1,59.88,22.31,37.57
9168,2026-10-01,13,5,3,2,131.95,45.54,86.41
9169,2026-10-01,13,5,4,6,323.74,113.21,210.53
9170,2026-10-01,13,5,5,2,121.59,45.91,75.68
9171,2026-10-01,14,1,1,1,32.51,11.24,21.27
9172,2026-10-01,14,1,2,3,94.99,34.68,60.31
9173,2026-10-01,14,1,3,2,65.25,22.67,42.58
9174,2026-10-01,14,1,4,15,399.98,146.81,253.17
9175,2026-10-01,14,1,5,8,212.83,79.56,133.27
9176,2026-10-01,14,2,2,3,98.78,33.88,64.9
9177,2026-10-01,14,2,3,2,65.1,22.61,42.49
9178,2026-10-01,14,2,4,4,125.05,45.82,79.23
9179,2026-10-01,14,2,5,6,156.96,56.86,100.1
9180,2026-10-01,14,3,2,1,33.34,11.36,21.98
9181,2026-10-01,14,3,4,4,121.13,45.74,75.39
9182,2026-10-01,14,4,4,6,166.93,56.72,110.21
9183,2026-10-01,14,4,5,1,32.07,11.5,20.57
9184,2026-10-01,14,5,1,6,145.9,57.77,88.13
9185,2026-10-01,14,5,2,2,62.57,22.5,40.07
9186,2026-10-01,14,5,3,1,33.49,11.64,21.85
9187,2026-10-01,14,5,4,4,124.43,45.07,79.36
9188,2026-10-01,14,5,5,4,125.76,44.48,81.28
9189,2026-10-01,15,1,2,4,240.67,102.6,138.07
9190,2026-10-01,15,1,3,1,64.99,24.86,40.13
9191,2026-10-01,15,1,4,9,496.39,199.72,296.67
9192,2026-10-01,15,2,1,4,271.24,99.65,171.59
9193,2026-10-01,15,2,2,1,69.85,25.77,44.08
9194,2026-10-01,15,2,3,1,61.82,24.48,37.34
9195,2026-10-01,15,2,4,9,518.98,201.08,317.9
9196,2026-10-01,15,2,5,1,64.27,25.58,38.69
9197,2026-10-01,15,3,1,1,68.52,24.51,44.01
9198,2026-10-01,15,3,3,1,66.54,24.51,42.03
9199,2026-10-01,15,3,4,10,588.03,226.45,361.58
9200,2026-10-01,15,4,2,4,264.91,99.78,165.13
9201,2026-10-01,15,4,3,2,128.73,50.16,78.57
9202,2026-10-01,15,4,4,11,650.07,250.28,399.79
9203,2026-10-01,15,4,5,4,281.11,99.62,181.49
9204,2026-10-01,15,5,1,4,248.74,97.68,151.06
9205,2026-10-01,15,5,4,4,222.86,99.56,123.3
9206,2026-10-01,15,5,5,4,241.75,97.68,144.07
9207,2026-11-01,1,1,1,2,148.67,59.51,89.16
9208,2026-11-01,1,1,2,2,139.41,57.68,81.73
9209,2026-11-01,1,1,3,2,141.65,58.82,82.83
9210,2026-11-01,1,1,4,20,1315.6,529.16,786.44
9211,2026-11-01,1,1,5,3,219.97,86.89,133.08
9212,2026-11-01,1,2,1,3,229.63,89.02,140.61
9213,2026-11-01,1,2,2,2,153.04,59.07,93.97
9214,2026-11-01,1,2,4,13,917.34,353.78,563.56
9215,2026-11-01,1,2,5,4,287.78,117.48,170.3
9216,2026-11-01,1,3,1,1,74.67,28.6,46.07
9217,2026-11-01,1,3,2,1,72.39,30.01,42.38
9218,2026-11-01,1,3,3,3,208.14,89.41,118.73
9219,2026-11-01,1,3,4,16,1064.49,410.98,653.51
9220,2026-11-01,1,3,5,6,382.18,146.7,235.48
9221,2026-11-01,1,4,1,1,77.38,29.74,47.64
9222,2026-11-01,1,4,2,2,154.49,58.01,96.48
9223,2026-11-01,1,4,3,3,236.85,88.02,148.83
9224,2026-11-01,1,4,4,3,243.13,87.43,155.7
9225,2026-11-01,1,4,5,3,225.96,87.67,138.29
9226,2026-11-01,1,5,1,1,71.97,29.5,42.47
9227,2026-11-01,1,5,2,3,214.54,88.33,126.21
9228,2026-11-01,1,5,3,3,204.96,88.87,116.09
9229,2026-11-01,1,5,4,9,523.48,235.31,288.17
9230,2026-11-01,1,5,5,3,205.83,87.28,118.55
9231,2026-11-01,2,1,1,1,115.7,49.17,66.53
9232,2026-11-01,2,1,2,8,880.6,355.07,525.53
9233,2026-11-01,2,1,3,4,474.96,198.68,276.28
9234,2026-11-01,2,1,4,19,2135.31,855.25,1280.06
9235,2026-11-01,2,1,5,10,1132.59,453.88,678.71
9236,2026-11-01,2,2,1,2,266.57,98.84,167.73
9237,2026-11-01,2,2,2,2,259.3,101.13,158.17
9238,2026-11-01,2,2,4,17,1965.98,756.9,1209.08
9239,2026-11-01,2,2,5,1,124.28,51.38,72.9
9240,2026-11-01,2,3,2,1,137.46,48.86,88.6
9241,2026-11-01,2,3,4,13,1558.97,599.57,959.4
9242,2026-11-01,2,3,5,9,1051.71,410.48,641.23
9243,2026-11-01,2,4,2,2,263.81,102.1,161.71
9244,2026-11-01,2,4,4,6,653.6,249.22,404.38
9245,2026-11-01,2,4,5,4,515.46,201.23,314.23
9246,2026-11-01,2,5,1,1,118.51,51.51,67.0
9247,2026-11-01,2,5,2,3,338.93,152.42,186.51
9248,2026-11-01,2,5,4,8,862.6,347.74,514.86
9249,2026-11-01,2,5,5,1,119.24,50.41,68.83
9250,2026-11-01,3,1,1,3,181.95,66.01,115.94
9251,2026-11-01,3,1,2,1,54.43,21.6,32.83
9252,2026-11-01,3,1,3,1,58.08,21.96,36.12
9253,2026-11-01,3,1,4,13,694.09,264.63,429.46
9254,2026-11-01,3,1,5,8,382.12,157.0,225.12
9255,2026-11-01,3,2,2,7,347.55,131.4,216.15
9256,2026-11-01,3,2,4,11,578.3,219.31,358.99
9257,2026-11-01,3,2,5,6,289.88,108.71,181.17
9258,2026-11-01,3,3,2,2,119.55,44.41,75.14
9259,2026-11-01,3,3,3,1,62.01,22.32,39.69
9260,2026-11-01,3,3,4,7,368.72,131.96,236.76
9261,2026-11-01,3,3,5,2,115.23,44.6,70.63
9262,2026-11-01,3,4,3,4,236.32,88.5,147.82
9263,2026-11-01,3,4,4,9,478.35,176.19,302.16
9264,2026-11-01,3,5,1,2,111.07,43.76,67.31
9265,2026-11-01,3,5,2,6,272.84,110.94,161.9
9266,2026-11-01,3,5,3,2,109.46,43.8,65.66
9267,2026-11-01,3,5,4,4,220.46,88.3,132.16
9268,2026-11-01,3,5,5,1,57.89,22.22,35.67
9269,2026-11-01,4,1,1,3,312.81,112.01,200.8
9270,2026-11-01,4,1,2,8,646.9,258.43,388.47
9271,2026-11-01,4,1,3,4,361.66,147.1,214.56
9272,2026-11-01,4,1,4,2,195.71,74.08,121.63
9273,2026-11-01,4,1,5,8,679.66,260.98,418.68
9274,2026-11-01,4,2,1,2,181.01,75.45,105.56
9275,2026-11-01,4,2,2,4,365.21,148.08,217.13
9276,2026-11-01,4,2,4,13,1123.8,445.85,677.95
9277,2026-11-01,4,2,5,16,1373.79,518.86,854.93
9278,2026-11-01,4,3,1,3,303.7,110.78,192.92
9279,2026-11-01,4,3,2,2,193.54,72.29,121.25
9280,2026-11-01,4,3,3,8,680.65,260.23,420.42
9281,2026-11-01,4,3,4,7,579.98,224.5,355.48
9282,2026-11-01,4,3,5,6,462.05,188.26,273.79
9283,2026-11-01,4,4,1,1,93.87,37.72,56.15
9284,2026-11-01,4,4,3,3,301.37,112.23,189.14
9285,2026-11-01,4,4,4,3,314.09,110.77,203.32
9286,2026-11-01,4,4,5,4,389.54,149.54,240.0
9287,2026-11-01,4,5,1,1,93.16,36.88,56.28
9288,2026-11-01,4,5,2,1,77.67,36.81,40.86
9289,2026-11-01,4,5,3,1,88.53,36.04,52.49
9290,2026-11-01,4,5,4,1,83.06,37.16,45.9
9291,2026-11-01,5,1,1,2,194.8,91.48,103.32
9292,2026-11-01,5,1,2,4,449.17,180.39,268.78
9293,2026-11-01,5,1,3,2,219.57,92.05,127.52
9294,2026-11-01,5,1,4,11,1038.3,454.18,584.12
9295,2026-11-01,5,1,5,2,194.17,92.68,101.49
9296,2026-11-01,5,2,1,1,99.39,44.29,55.1
9297,2026-11-01,5,2,2,1,109.71,45.34,64.37
9298,2026-11-01,5,2,3,1,107.28,45.74,61.54
9299,2026-11-01,5,2,4,10,1003.57,407.42,596.15
9300,2026-11-01,5,2,5,10,997.22,403.48,593.74
9301,2026-11-01,5,3,1,1,117.25,45.57,71.68
9302,2026-11-01,5,3,3,1,110.34,46.8,63.54
9303,2026-11-01,5,3,4,10,1012.77,409.98,602.79
9304,2026-11-01,5,3,5,2,203.99,90.29,113.7
9305,2026-11-01,5,4,2,1,109.69,46.13,63.56
9306,2026-11-01,5,4,4,2,221.77,90.6,131.17
9307,2026-11-01,5,5,2,3,310.25,133.56,176.69
9308,2026-11-01,5,5,4,4,380.6,183.08,197.52
9309,2026-11-01,5,5,5,2,216.03,89.63,126.4
9310,2026-11-01,6,1,1,7,516.78,216.58,300.2
9311,2026-11-01,6,1,2,3,284.0,108.87,175.13
9312,2026-11-01,6,1,4,9,677.53,285.58,391.95
9313,2026-11-01,6,1,5,6,416.05,179.28,236.77
9314,2026-11-01,6,2,3,1,83.85,36.2,47.65
9315,2026-11-01,6,2,4,18,1340.67,581.58,759.09
9316,2026-11-01,6,2,5,8,609.88,252.08,357.8
9317,2026-11-01,6,3,1,1,89.09,35.65,53.44
9318,2026-11-01,6,3,2,3,257.59,108.0,149.59
9319,2026-11-01,6,3,4,6,437.05,181.3,255.75
9320,2026-11-01,6,3,5,3,277.28,108.31,168.97
9321,2026-11-01,6,4,2,1,89.25,36.86,52.39
9322,2026-11-01,6,4,4,7,526.7,215.39,311.31
9323,2026-11-01,6,4,5,3,254.18,107.47,146.71
9324,2026-11-01,6,5,1,1,76.95,35.51,41.44
9325,2026-11-01,6,5,2,2,164.16,70.14,94.02
9326,2026-11-01,6,5,3,2,156.12,69.81,86.31
9327,2026-11-01,6,5,4,3,236.6,107.87,128.73
9328,2026-11-01,7,1,1,1,56.33,19.96,36.37
9329,2026-11-01,7,1,2,13,611.33,241.35,369.98
9330,2026-11-01,7,1,3,7,314.94,120.32,194.62
9331,2026-11-01,7,1,4,15,660.79,264.56,396.23
9332,2026-11-01,7,1,5,7,306.1,121.48,184.62
9333,2026-11-01,7,2,2,1,50.94,20.13,30.81
9334,2026-11-01,7,2,3,2,98.69,41.73,56.96
9335,2026-11-01,7,2,4,7,331.6,122.97,208.63
9336,2026-11-01,7,2,5,8,380.11,142.59,237.52
9337,2026-11-01,7,3,1,1,54.64,19.93,34.71
9338,2026-11-01,7,3,2,2,105.19,40.26,64.93
9339,2026-11-01,7,3,3,2,103.53,40.24,63.29
9340,2026-11-01,7,3,4,12,608.61,224.28,384.33
9341,2026-11-01,7,4,1,3,153.19,60.13,93.06
9342,2026-11-01,7,4,2,6,275.41,102.59,172.82
9343,2026-11-01,7,4,4,6,270.89,101.63,169.26
9344,2026-11-01,7,4,5,3,164.09,62.34,101.75
9345,2026-11-01,7,5,2,6,250.76,101.62,149.14
9346,2026-11-01,7,5,4,3,152.51,60.61,91.9
9347,2026-11-01,7,5,5,2,103.18,40.99,62.19
9348,2026-11-01,8,1,1,3,172.81,67.23,105.58
9349,2026-11-01,8,1,2,7,327.86,133.13,194.73
9350,2026-11-01,8,1,3,2,110.01,43.5,66.51
9351,2026-11-01,8,1,4,20,1012.72,401.7,611.02
9352,2026-11-01,8,1,5,8,397.28,154.37,242.91
9353,2026-11-01,8,2,2,3,182.3,66.8,115.5
9354,2026-11-01,8,2,3,8,415.01,156.87,258.14
9355,2026-11-01,8,2,4,13,709.99,262.38,447.61
9356,2026-11-01,8,2,5,4,227.73,87.56,140.17
9357,2026-11-01,8,3,1,2,107.85,44.46,63.39
9358,2026-11-01,8,3,2,2,117.93,43.22,74.71
9359,2026-11-01,8,3,4,7,339.46,131.34,208.12
9360,2026-11-01,8,3,5,6,277.48,109.77,167.71
9361,2026-11-01,8,4,2,1,56.87,22.32,34.55
9362,2026-11-01,8,4,3,7,350.77,133.63,217.14
9363,2026-11-01,8,4,4,3,169.44,66.59,102.85
9364,2026-11-01,8,4,5,1,58.28,22.16,36.12
9365,2026-11-01,8,5,2,2,112.86,44.11,68.75
9366,2026-11-01,8,5,4,10,480.62,200.55,280.07
9367,2026-11-01,8,5,5,2,100.91,44.33,56.58
9368,2026-11-01,9,1,1,3,242.1,95.28,146.82
9369,2026-11-01,9,1,2,4,311.14,129.86,181.28
9370,2026-11-01,9,1,3,1,72.62,31.93,40.69
9371,2026-11-01,9,1,4,17,1179.03,482.24,696.79
9372,2026-11-01,9,1,5,4,313.62,127.2,186.42
9373,2026-11-01,9,2,1,1,87.91,33.25,54.66
9374,2026-11-01,9,2,2,3,248.56,97.0,151.56
9375,2026-11-01,9,2,3,3,251.46,96.11,155.35
9376,2026-11-01,9,2,4,19,1366.67,543.72,822.95
9377,2026-11-01,9,2,5,2,163.32,65.38,97.94
9378,2026-11-01,9,3,1,1,72.47,33.16,39.31
9379,2026-11-01,9,3,3,6,426.55,158.86,267.69
9380,2026-11-01,9,3,4,7,478.39,196.55,281.84
9381,2026-11-01,9,3,5,1,80.16,32.33,47.83
9382,2026-11-01,9,4,1,3,246.34,97.04,149.3
9383,2026-11-01,9,4,3,2,171.41,64.54,106.87
9384,2026-11-01,9,4,4,3,247.31,96.45,150.86
9385,2026-11-01,9,4,5,2,159.5,63.81,95.69
9386,2026-11-01,9,5,2,3,219.5,96.78,122.72
9387,2026-11-01,9,5,4,8,522.64,226.28,296.36
9388,2026-11-01,9,5,5,3,231.75,95.99,135.76
9389,2026-11-01,10,1,1,7,425.95,154.53,271.42
9390,2026-11-01,10,1,2,2,139.92,52.21,87.71
9391,2026-11-01,10,1,3,2,125.36,53.15,72.21
9392,2026-11-01,10,1,4,2,128.95,52.37,76.58
9393,2026-11-01,10,1,5,7,433.21,160.8,272.41
9394,2026-11-01,10,2,1,2,140.24,53.14,87.1
9395,2026-11-01,10,2,2,6,352.23,131.08,221.15
9396,2026-11-01,10,2,3,4,281.91,106.35,175.56
9397,2026-11-01,10,2,4,11,703.82,260.84,442.98
9398,2026-11-01,10,2,5,1,66.04,25.88,40.16
9399,2026-11-01,10,3,1,1,77.31,25.8,51.51
9400,2026-11-01,10,3,2,1,72.86,26.18,46.68
9401,2026-11-01,10,3,3,2,137.46,51.67,85.79
9402,2026-11-01,10,3,4,4,283.81,104.82,178.99
9403,2026-11-01,10,3,5,3,210.08,79.22,130.86
9404,2026-11-01,10,4,1,1,74.75,26.52,48.23
9405,2026-11-01,10,4,4,3,207.95,79.64,128.31
9406,2026-11-01,10,5,1,1,57.36,26.93,30.43
9407,2026-11-01,10,5,2,4,264.02,106.73,157.29
9408,2026-11-01,10,5,4,4,226.35,104.46,121.89
9409,2026-11-01,11,1,1,2,87.74,30.54,57.2
9410,2026-11-01,11,1,2,3,152.5,45.49,107.01
9411,2026-11-01,11,1,3,2,88.75,29.99,58.76
9412,2026-11-01,11,1,4,11,471.36,149.52,321.84
9413,2026-11-01,11,1,5,6,228.56,75.14,153.42
9414,2026-11-01,11,2,1,3,154.01,45.38,108.63
9415,2026-11-01,11,2,3,1,50.65,15.1,35.55
9416,2026-11-01,11,2,4,24,1023.06,315.33,707.73
9417,2026-11-01,11,2,5,6,238.38,73.66,164.72
9418,2026-11-01,11,3,1,1,45.8,14.85,30.95
9419,2026-11-01,11,3,2,1,45.92,15.4,30.52
9420,2026-11-01,11,3,3,3,148.59,45.73,102.86
9421,2026-11-01,11,3,4,6,251.11,74.88,176.23
9422,2026-11-01,11,3,5,2,88.88,29.17,59.71
9423,2026-11-01,11,4,2,3,151.81,44.47,107.34
9424,2026-11-01,11,4,3,1,51.9,14.85,37.05
9425,2026-11-01,11,4,4,7,302.99,90.77,212.22
9426,2026-11-01,11,4,5,1,50.58,15.11,35.47
9427,2026-11-01,11,5,2,1,44.53,14.63,29.9
9428,2026-11-01,11,5,4,16,602.36,212.01,390.35
9429,2026-11-01,11,5,5,4,163.96,58.84,105.12
9430,2026-11-01,12,1,1,4,332.19,127.91,204.28
9431,2026-11-01,12,1,2,7,545.95,190.7,355.25
9432,2026-11-01,12,1,3,6,451.4,156.96,294.44
9433,2026-11-01,12,1,4,11,905.83,320.31,585.52
9434,2026-11-01,12,1,5,7,540.73,193.32,347.41
9435,2026-11-01,12,2,2,2,196.75,63.4,133.35
9436,2026-11-01,12,2,4,19,1535.45,535.95,999.5
9437,2026-11-01,12,2,5,4,338.64,124.83,213.81
9438,2026-11-01,12,3,2,8,635.88,224.91,410.97
9439,2026-11-01,12,3,3,1,94.98,30.87,64.11
9440,2026-11-01,12,3,4,4,354.75,126.26,228.49
9441,2026-11-01,12,3,5,3,287.98,94.47,193.51
9442,2026-11-01,12,4,1,2,195.13,63.2,131.93
9443,2026-11-01,12,4,2,2,184.6,62.88,121.72
9444,2026-11-01,12,4,3,3,292.16,96.36,195.8
9445,2026-11-01,12,4,4,6,456.16,158.82,297.34
9446,2026-11-01,12,5,1,2,165.92,64.77,101.15
9447,2026-11-01,12,5,2,3,249.54,96.72,152.82
9448,2026-11-01,12,5,3,3,263.47,96.38,167.09
9449,2026-11-01,12,5,4,4,351.66,129.76,221.9
9450,2026-11-01,12,5,5,8,539.11,220.74,318.37
9451,2026-11-01,13,1,1,1,65.24,22.91,42.33
9452,2026-11-01,13,1,2,1,68.98,23.19,45.79
9453,2026-11-01,13,1,3,1,65.19,22.9,42.29
9454,2026-11-01,13,1,4,4,252.95,91.36,161.59
9455,2026-11-01,13,1,5,8,421.03,162.22,258.81
9456,2026-11-01,13,2,1,6,325.29,113.28,212.01
9457,2026-11-01,13,2,2,3,189.37,69.8,119.57
9458,2026-11-01,13,2,3,6,318.03,111.06,206.97
9459,2026-11-01,13,2,4,8,460.03,160.13,299.9
9460,2026-11-01,13,2,5,6,329.88,114.76,215.12
9461,2026-11-01,13,3,1,1,62.92,22.28,40.64
9462,2026-11-01,13,3,3,2,123.64,46.13,77.51
9463,2026-11-01,13,3,4,12,719.39,250.57,468.82
9464,2026-11-01,13,3,5,2,126.07,45.45,80.62
9465,2026-11-01,13,4,1,2,128.35,44.72,83.63
9466,2026-11-01,13,4,2,1,67.34,22.46,44.88
9467,2026-11-01,13,4,3,1,67.09,22.08,45.01
9468,2026-11-01,13,4,4,3,200.25,67.62,132.63
9469,2026-11-01,13,4,5,6,315.43,114.57,200.86
9470,2026-11-01,13,5,2,2,117.5,45.45,72.05
9471,2026-11-01,13,5,4,6,287.53,111.47,176.06
9472,2026-11-01,13,5,5,2,121.49,46.38,75.11
9473,2026-11-01,14,1,1,3,91.98,34.47,57.51
9474,2026-11-01,14,1,2,2,61.27,22.35,38.92
9475,2026-11-01,14,1,3,2,67.34,23.25,44.09
9476,2026-11-01,14,1,4,7,174.48,67.65,106.83
9477,2026-11-01,14,1,5,8,221.18,80.44,140.74
9478,2026-11-01,14,2,1,1,29.46,11.31,18.15
9479,2026-11-01,14,2,2,1,32.48,11.07,21.41
9480,2026-11-01,14,2,3,2,62.59,22.47,40.12
9481,2026-11-01,14,2,4,12,355.49,124.04,231.45
9482,2026-11-01,14,2,5,4,136.03,45.97,90.06
9483,2026-11-01,14,3,2,4,133.53,44.59,88.94
9484,2026-11-01,14,3,3,6,151.0,57.01,93.99
9485,2026-11-01,14,3,4,8,214.85,79.79,135.06
9486,2026-11-01,14,3,5,7,203.06,67.54,135.52
9487,2026-11-01,14,4,2,3,99.13,33.81,65.32
9488,2026-11-01,14,4,4,7,198.08,68.07,130.01
9489,2026-11-01,14,4,5,1,35.09,11.08,24.01
9490,2026-11-01,14,5,1,2,58.27,22.79,35.48
9491,2026-11-01,14,5,2,1,27.4,11.19,16.21
9492,2026-11-01,14,5,3,2,65.0,22.66,42.34
9493,2026-11-01,14,5,4,7,177.9,68.21,109.69
9494,2026-11-01,14,5,5,6,156.78,56.64,100.14
9495,2026-11-01,15,1,1,1,55.36,24.81,30.55
9496,2026-11-01,15,1,2,12,691.53,276.43,415.1
9497,2026-11-01,15,1,3,3,176.19,75.96,100.23
9498,2026-11-01,15,1,4,11,639.16,253.28,385.88
9499,2026-11-01,15,1,5,8,423.97,177.13,246.84
9500,2026-11-01,15,2,1,3,194.45,75.49,118.96
9501,2026-11-01,15,2,2,2,123.07,50.7,72.37
9502,2026-11-01,15,2,3,1,63.31,25.46,37.85
9503,2026-11-01,15,2,4,15,849.64,325.01,524.63
9504,2026-11-01,15,2,5,1,65.23,25.8,39.43
9505,2026-11-01,15,3,1,2,131.32,49.9,81.42
9506,2026-11-01,15,3,2,1,64.12,25.61,38.51
9507,2026-11-01,15,3,3,1,61.86,25.46,36.4
9508,2026-11-01,15,3,4,10,601.81,228.5,373.31
9509,2026-11-01,15,3,5,3,206.67,75.36,131.31
9510,2026-11-01,15,4,1,1,65.24,24.45,40.79
9511,2026-11-01,15,4,4,12,724.74,274.79,449.95
9512,2026-11-01,15,4,5,2,132.4,49.71,82.69
9513,2026-11-01,15,5,1,1,62.46,24.88,37.58
9514,2026-11-01,15,5,2,8,410.94,178.0,232.94
9515,2026-11-01,15,5,4,7,377.74,150.02,227.72
9516,2026-11-01,15,5,5,1,53.2,24.48,28.72
9517,2026-12-01,1,1,1,2,134.89,58.78,76.11
9518,2026-12-01,1,1,2,11,766.07,293.21,472.86
9519,2026-12-01,1,1,3,6,325.68,147.57,178.11
9520,2026-12-01,1,1,4,15,926.87,380.86,546.01
9521,2026-12-01,1,1,5,10,652.0,261.72,390.28
9522,2026-12-01,1,2,1,2,155.47,60.09,95.38
9523,2026-12-01,1,2,2,7,458.38,176.84,281.54
9524,2026-12-01,1,2,3,1,72.67,28.89,43.78
9525,2026-12-01,1,2,4,10,651.29,264.99,386.3
9526,2026-12-01,1,2,5,9,600.66,237.63,363.03
9527,2026-12-01,1,3,1,2,154.85,58.54,96.31
9528,2026-12-01,1,3,2,1,75.69,28.58,47.11
9529,2026-12-01,1,3,3,4,305.22,119.16,186.06
9530,2026-12-01,1,3,4,7,455.95,174.31,281.64
9531,2026-12-01,1,3,5,7,446.11,177.42,268.69
9532,2026-12-01,1,4,4,4,301.44,117.4,184.04
9533,2026-12-01,1,5,1,1,66.87,29.07,37.8
9534,2026-12-01,1,5,2,1,68.54,29.34,39.2
9535,2026-12-01,1,5,4,11,661.74,292.02,369.72
9536,2026-12-01,1,5,5,4,266.43,116.78,149.65
9537,2026-12-01,2,1,1,1,125.05,51.71,73.34
9538,2026-12-01,2,1,2,12,1400.87,559.01,841.86
9539,2026-12-01,2,1,3,7,740.23,302.04,438.19
9540,2026-12-01,2,1,4,6,618.38,255.12,363.26
9541,2026-12-01,2,1,5,1,117.1,49.46,67.64
9542,2026-12-01,2,2,2,9,1020.28,410.46,609.82
9543,2026-12-01,2,2,3,4,531.63,201.23,330.4
9544,2026-12-01,2,2,4,8,907.15,361.61,545.54
9545,2026-12-01,2,2,5,6,621.3,254.46,366.84
9546,2026-12-01,2,3,2,3,396.01,154.52,241.49
9547,2026-12-01,2,3,3,1,124.51,51.49,73.02
9548,2026-12-01,2,3,4,9,1003.08,405.88,597.2
9549,2026-12-01,2,3,5,4,513.28,202.44,310.84
9550,2026-12-01,2,4,2,2,248.19,100.19,148.0
9551,2026-12-01,2,4,4,9,1062.57,403.63,658.94
9552,2026-12-01,2,4,5,3,389.49,150.46,239.03
9553,2026-12-01,2,5,1,4,486.79,201.49,285.3
9554,2026-12-01,2,5,2,1,114.56,50.0,64.56
9555,2026-12-01,2,5,3,2,216.69,100.63,116.06
9556,2026-12-01,2,5,4,7,753.02,300.72,452.3
9557,2026-12-01,2,5,5,1,124.19,50.64,73.55
9558,2026-12-01,3,1,1,3,168.62,66.44,102.18
9559,2026-12-01,3,1,2,9,461.13,178.56,282.57
9560,2026-12-01,3,1,3,7,361.24,134.53,226.71
9561,2026-12-01,3,1,4,22,1163.1,441.4,721.7
9562,2026-12-01,3,1,5,4,217.4,87.47,129.93
9563,2026-12-01,3,2,2,9,462.08,179.51,282.57
9564,2026-12-01,3,2,3,1,53.89,22.42,31.47
9565,2026-12-01,3,2,4,8,408.34,154.25,254.09
9566,2026-12-01,3,2,5,2,123.99,43.38,80.61
9567,2026-12-01,3,3,1,2,123.8,44.81,78.99
9568,2026-12-01,3,3,2,7,350.17,133.89,216.28
9569,2026-12-01,3,3,3,2,119.12,45.29,73.83
9570,2026-12-01,3,3,4,3,173.65,65.43,108.22
9571,2026-12-01,3,3,5,4,242.62,89.0,153.62
9572,2026-12-01,3,4,2,8,418.13,153.88,264.25
9573,2026-12-01,3,4,4,7,349.0,131.63,217.37
9574,2026-12-01,3,4,5,2,123.83,44.18,79.65
9575,2026-12-01,3,5,2,3,160.02,65.9,94.12
9576,2026-12-01,3,5,3,8,407.74,155.67,252.07
9577,2026-12-01,3,5,4,16,786.99,312.05,474.94
9578,2026-12-01,3,5,5,2,106.4,43.72,62.68
9579,2026-12-01,4,1,1,2,202.7,75.42,127.28
9580,2026-12-01,4,1,2,7,564.14,222.43,341.71
9581,2026-12-01,4,1,3,2,177.81,74.4,103.41
9582,2026-12-01,4,1,4,12,1026.9,413.58,613.32
9583,2026-12-01,4,1,5,8,718.0,260.48,457.52
9584,2026-12-01,4,2,1,2,209.86,73.98,135.88
9585,2026-12-01,4,2,2,3,298.98,111.14,187.84
9586,2026-12-01,4,2,3,1,91.33,38.26,53.07
9587,2026-12-01,4,2,4,9,768.12,295.8,472.32
9588,2026-12-01,4,2,5,3,284.26,109.63,174.63
9589,2026-12-01,4,3,1,3,295.68,111.06,184.62
9590,2026-12-01,4,3,2,2,183.18,73.45,109.73
9591,2026-12-01,4,3,3,2,191.42,75.4,116.02
9592,2026-12-01,4,3,4,13,1179.9,443.73,736.17
9593,2026-12-01,4,3,5,2,190.26,74.99,115.27
9594,2026-12-01,4,4,1,1,105.68,36.86,68.82
9595,2026-12-01,4,4,2,1,92.71,38.22,54.49
9596,2026-12-01,4,4,3,2,200.71,74.72,125.99
9597,2026-12-01,4,4,4,9,794.93,296.45,498.48
9598,2026-12-01,4,5,2,4,378.37,150.79,227.58
9599,2026-12-01,4,5,4,11,856.44,368.96,487.48
9600,2026-12-01,5,1,1,2,216.89,91.21,125.68
9601,2026-12-01,5,1,2,7,575.83,269.3,306.53
9602,2026-12-01,5,1,3,1,101.41,46.5,54.91
9603,2026-12-01,5,1,4,9,878.37,368.51,509.86
9604,2026-12-01,5,1,5,9,857.95,364.31,493.64
9605,2026-12-01,5,2,1,2,220.32,91.05,129.27
9606,2026-12-01,5,2,2,9,855.9,365.89,490.01
9607,2026-12-01,5,2,3,2,227.91,90.58,137.33
9608,2026-12-01,5,2,4,13,1333.64,543.41,790.23
9609,2026-12-01,5,2,5,4,422.1,179.88,242.22
9610,2026-12-01,5,3,2,10,968.43,413.48,554.95
9611,2026-12-01,5,3,3,3,298.95,140.36,158.59
9612,2026-12-01,5,3,4,10,973.02,407.18,565.84
9613,2026-12-01,5,3,5,3,320.93,139.69,181.24
9614,2026-12-01,5,4,2,6,531.58,229.44,302.14
9615,2026-12-01,5,4,3,3,319.0,138.3,180.7
9616,2026-12-01,5,4,4,4,446.46,184.77,261.69
9617,2026-12-01,5,4,5,2,214.73,93.83,120.9
9618,2026-12-01,5,5,2,3,333.11,138.66,194.45
9619,2026-12-01,5,5,3,1,97.53,44.8,52.73
9620,2026-12-01,5,5,4,8,700.58,317.69,382.89
9621,2026-12-01,5,5,5,6,488.12,225.85,262.27
9622,2026-12-01,6,1,1,1,87.93,35.63,52.3
9623,2026-12-01,6,1,2,3,236.67,106.78,129.89
9624,2026-12-01,6,1,3,1,78.67,36.42,42.25
9625,2026-12-01,6,1,4,9,645.91,287.86,358.05
9626,2026-12-01,6,1,5,4,329.59,143.71,185.88
9627,2026-12-01,6,2,1,2,173.01,72.26,100.75
9628,2026-12-01,6,2,2,6,421.93,176.91,245.02
9629,2026-12-01,6,2,4,9,685.12,285.57,399.55
9630,2026-12-01,6,3,2,1,94.48,35.89,58.59
9631,2026-12-01,6,3,3,3,256.82,108.34,148.48
9632,2026-12-01,6,3,4,8,626.68,248.59,378.09
9633,2026-12-01,6,3,5,4,356.51,143.0,213.51
9634,2026-12-01,6,4,1,2,185.01,74.16,110.85
9635,2026-12-01,6,4,4,6,437.26,179.6,257.66
9636,2026-12-01,6,5,1,1,69.07,36.4,32.67
9637,2026-12-01,6,5,2,4,326.52,141.42,185.1
9638,2026-12-01,6,5,3,1,77.67,35.4,42.27
9639,2026-12-01,6,5,4,10,735.72,323.61,412.11
9640,2026-12-01,7,1,1,4,218.38,81.35,137.03
9641,2026-12-01,7,1,2,15,676.42,267.41,409.01
9642,2026-12-01,7,1,3,4,214.8,80.92,133.88
9643,2026-12-01,7,1,4,24,1063.36,425.65,637.71
9644,2026-12-01,7,1,5,1,54.26,20.04,34.22
9645,2026-12-01,7,2,1,4,214.7,81.33,133.37
9646,2026-12-01,7,2,2,3,161.63,62.03,99.6
9647,2026-12-01,7,2,4,19,938.88,345.51,593.37
9648,2026-12-01,7,2,5,9,411.39,164.53,246.86
9649,2026-12-01,7,3,1,4,222.35,81.05,141.3
9650,2026-12-01,7,3,2,1,51.81,20.87,30.94
9651,2026-12-01,7,3,3,3,155.01,61.79,93.22
9652,2026-12-01,7,3,4,6,282.44,101.04,181.4
9653,2026-12-01,7,3,5,3,162.51,62.24,100.27
9654,2026-12-01,7,4,2,2,110.34,40.89,69.45
9655,2026-12-01,7,4,3,1,58.66,20.42,38.24
9656,2026-12-01,7,4,4,6,266.56,102.51,164.05
9657,2026-12-01,7,5,2,3,145.07,60.48,84.59
9658,2026-12-01,7,5,3,1,45.46,20.75,24.71
9659,2026-12-01,7,5,4,8,362.38,143.19,219.19
9660,2026-12-01,8,1,1,4,236.3,87.11,149.19
9661,2026-12-01,8,1,2,6,283.39,111.01,172.38
9662,2026-12-01,8,1,3,7,327.06,132.08,194.98
9663,2026-12-01,8,1,4,21,1028.2,424.03,604.17
9664,2026-12-01,8,1,5,9,454.43,179.88,274.55
9665,2026-12-01,8,2,2,3,170.81,67.66,103.15
9666,2026-12-01,8,2,3,1,56.43,22.76,33.67
9667,2026-12-01,8,2,4,9,460.16,178.95,281.21
9668,2026-12-01,8,2,5,9,461.98,178.18,283.8
9669,2026-12-01,8,3,2,16,808.38,312.5,495.88
9670,2026-12-01,8,3,3,2,119.45,43.98,75.47
9671,2026-12-01,8,3,4,8,395.65,158.18,237.47
9672,2026-12-01,8,3,5,10,522.05,201.25,320.8
9673,2026-12-01,8,4,2,1,62.73,21.78,40.95
9674,2026-12-01,8,4,3,2,113.38,44.09,69.29
9675,2026-12-01,8,4,4,7,351.72,133.88,217.84
9676,2026-12-01,8,4,5,1,62.27,22.47,39.8
9677,2026-12-01,8,5,2,1,55.27,21.9,33.37
9678,2026-12-01,8,5,3,6,268.51,108.72,159.79
9679,2026-12-01,8,5,4,10,465.22,200.08,265.14
9680,2026-12-01,8,5,5,1,49.92,22.45,27.47
9681,2026-12-01,9,1,1,4,306.23,129.24,176.99
9682,2026-12-01,9,1,2,7,463.23,190.56,272.67
9683,2026-12-01,9,1,3,4,336.77,129.51,207.26
9684,2026-12-01,9,1,4,8,575.53,224.34,351.19
9685,2026-12-01,9,1,5,3,227.26,98.74,128.52
9686,2026-12-01,9,2,1,1,78.37,31.54,46.83
9687,2026-12-01,9,2,2,2,172.87,64.28,108.59
9688,2026-12-01,9,2,3,4,338.59,129.29,209.3
9689,2026-12-01,9,2,4,7,488.29,194.67,293.62
9690,2026-12-01,9,2,5,7,479.09,197.88,281.21
9691,2026-12-01,9,3,1,2,162.09,65.86,96.23
9692,2026-12-01,9,3,2,2,163.58,65.37,98.21
9693,2026-12-01,9,3,4,8,563.84,226.51,337.33
9694,2026-12-01,9,3,5,3,260.84,95.81,165.03
9695,2026-12-01,9,4,2,1,77.49,31.85,45.64
9696,2026-12-01,9,4,3,2,167.44,65.56,101.88
9697,2026-12-01,9,4,4,2,163.32,64.53,98.79
9698,2026-12-01,9,4,5,1,88.06,31.69,56.37
9699,2026-12-01,9,5,1,1,80.04,32.8,47.24
9700,2026-12-01,9,5,2,2,144.59,65.85,78.74
9701,2026-12-01,9,5,4,7,461.15,194.4,266.75
9702,2026-12-01,9,5,5,2,145.46,65.18,80.28
9703,2026-12-01,10,1,1,2,141.01,52.84,88.17
9704,2026-12-01,10,1,2,6,343.78,129.57,214.21
9705,2026-12-01,10,1,3,2,133.35,53.75,79.6
9706,2026-12-01,10,1,4,16,953.84,373.27,580.57
9707,2026-12-01,10,1,5,7,421.54,157.27,264.27
9708,2026-12-01,10,2,2,2,142.81,54.05,88.76
9709,2026-12-01,10,2,4,10,620.54,235.14,385.4
9710,2026-12-01,10,2,5,3,209.9,79.75,130.15
9711,2026-12-01,10,3,2,1,68.67,26.35,42.32
9712,2026-12-01,10,3,3,2,142.69,52.45,90.24
9713,2026-12-01,10,3,4,3,206.1,79.16,126.94
9714,2026-12-01,10,3,5,1,67.96,25.67,42.29
9715,2026-12-01,10,4,2,1,71.85,26.62,45.23
9716,2026-12-01,10,4,4,8,533.6,186.28,347.32
9717,2026-12-01,10,4,5,4,286.1,105.97,180.13
9718,2026-12-01,10,5,1,6,338.3,132.66,205.64
9719,2026-12-01,10,5,2,3,207.08,79.41,127.67
9720,2026-12-01,10,5,4,9,557.96,208.65,349.31
9721,2026-12-01,11,1,1,7,278.32,88.13,190.19
9722,2026-12-01,11,1,2,2,93.02,29.99,63.03
9723,2026-12-01,11,1,3,1,50.2,14.94,35.26
9724,2026-12-01,11,1,4,15,617.86,197.67,420.19
9725,2026-12-01,11,1,5,7,274.01,90.49,183.52
9726,2026-12-01,11,2,1,2,101.17,30.72,70.45
9727,2026-12-01,11,2,2,1,47.83,14.92,32.91
9728,2026-12-01,11,2,4,15,622.81,195.4,427.41
9729,2026-12-01,11,2,5,9,378.55,119.13,259.42
9730,2026-12-01,11,3,3,2,96.66,30.64,66.02
9731,2026-12-01,11,3,4,6,242.21,75.15,167.06
9732,2026-12-01,11,3,5,2,93.68,29.61,64.07
9733,2026-12-01,11,4,1,3,155.3,44.4,110.9
9734,2026-12-01,11,4,2,3,152.88,45.45,107.43
9735,2026-12-01,11,4,3,3,151.05,44.52,106.53
9736,2026-12-01,11,4,4,7,297.04,88.77,208.27
9737,2026-12-01,11,5,1,4,175.36,60.48,114.88
9738,2026-12-01,11,5,2,3,130.09,45.22,84.87
9739,2026-12-01,11,5,4,18,705.78,235.86,469.92
9740,2026-12-01,11,5,5,3,145.67,45.19,100.48
9741,2026-12-01,12,1,1,4,358.74,126.71,232.03
9742,2026-12-01,12,1,2,7,554.62,188.9,365.72
9743,2026-12-01,12,1,3,2,179.73,62.61,117.12
9744,2026-12-01,12,1,4,12,988.55,349.29,639.26
9745,2026-12-01,12,1,5,7,533.68,190.15,343.53
9746,2026-12-01,12,2,2,2,192.33,65.27,127.06
9747,2026-12-01,12,2,3,2,184.15,63.94,120.21
9748,2026-12-01,12,2,4,8,644.02,224.48,419.54
9749,2026-12-01,12,2,5,6,490.11,160.99,329.12
9750,2026-12-01,12,3,1,2,187.91,61.82,126.09
9751,2026-12-01,12,3,2,9,728.87,254.89,473.98
9752,2026-12-01,12,3,3,4,352.69,127.67,225.02
9753,2026-12-01,12,3,4,7,560.77,190.28,370.49
9754,2026-12-01,12,3,5,6,432.38,160.66,271.72
9755,2026-12-01,12,4,2,3,301.08,93.72,207.36
9756,2026-12-01,12,4,3,1,96.68,32.09,64.59
9757,2026-12-01,12,4,4,4,356.07,127.25,228.82
9758,2026-12-01,12,4,5,7,565.97,189.16,376.81
9759,2026-12-01,12,5,1,2,187.5,65.52,121.98
9760,2026-12-01,12,5,3,1,89.38,31.64,57.74
9761,2026-12-01,12,5,4,15,1084.69,414.83,669.86
9762,2026-12-01,12,5,5,2,158.78,64.31,94.47
9763,2026-12-01,13,1,2,4,252.15,91.23,160.92
9764,2026-12-01,13,1,3,4,255.09,91.58,163.51
9765,2026-12-01,13,1,4,19,1041.05,382.54,658.51
9766,2026-12-01,13,2,1,3,202.79,68.28,134.51
9767,2026-12-01,13,2,2,3,189.77,68.6,121.17
9768,2026-12-01,13,2,3,2,133.47,46.0,87.47
9769,2026-12-01,13,2,4,9,540.86,181.02,359.84
9770,2026-12-01,13,2,5,7,393.6,137.15,256.45
9771,2026-12-01,13,3,1,2,128.21,44.84,83.37
9772,2026-12-01,13,3,2,2,129.55,46.77,82.78
9773,2026-12-01,13,3,3,2,125.03,46.5,78.53
9774,2026-12-01,13,3,4,15,878.91,300.4,578.51
9775,2026-12-01,13,3,5,6,316.69,113.98,202.71
9776,2026-12-01,13,4,1,1,70.47,22.46,48.01
9777,2026-12-01,13,4,2,3,196.01,69.61,126.4
9778,2026-12-01,13,4,3,1,67.25,22.99,44.26
9779,2026-12-01,13,5,3,3,185.69,69.4,116.29
9780,2026-12-01,13,5,4,9,497.44,180.07,317.37
9781,2026-12-01,13,5,5,1,52.38,22.81,29.57
9782,2026-12-01,14,1,1,2,63.0,22.41,40.59
9783,2026-12-01,14,1,2,3,104.02,34.25,69.77
9784,2026-12-01,14,1,3,2,57.48,23.04,34.44
9785,2026-12-01,14,1,4,19,518.58,194.18,324.4
9786,2026-12-01,14,1,5,9,250.58,90.93,159.65
9787,2026-12-01,14,2,1,1,32.03,11.32,20.71
9788,2026-12-01,14,2,3,2,64.3,22.99,41.31
9789,2026-12-01,14,2,4,13,398.77,136.83,261.94
9790,2026-12-01,14,2,5,12,371.08,125.93,245.15
9791,2026-12-01,14,3,1,3,88.57,33.69,54.88
9792,2026-12-01,14,3,2,7,192.72,68.67,124.05
9793,2026-12-01,14,3,3,2,65.96,23.04,42.92
9794,2026-12-01,14,3,4,13,401.86,135.09,266.77
9795,2026-12-01,14,3,5,6,163.69,57.86,105.83
9796,2026-12-01,14,4,1,4,135.3,45.89,89.41
9797,2026-12-01,14,4,2,3,95.14,33.69,61.45
9798,2026-12-01,14,4,3,2,63.17,22.94,40.23
9799,2026-12-01,14,4,4,6,163.91,56.57,107.34
9800,2026-12-01,14,5,1,1,32.13,11.56,20.57
9801,2026-12-01,14,5,2,2,59.68,22.8,36.88
9802,2026-12-01,14,5,3,2,54.89,22.79,32.1
9803,2026-12-01,14,5,4,10,252.0,101.9,150.1
9804,2026-12-01,14,5,5,11,309.22,113.58,195.64
9805,2026-12-01,15,1,1,2,126.09,50.76,75.33
9806,2026-12-01,15,1,2,1,65.63,24.52,41.11
9807,2026-12-01,15,1,3,6,317.05,124.99,192.06
9808,2026-12-01,15,1,4,9,498.59,202.59,296.0
9809,2026-12-01,15,1,5,8,431.47,176.22,255.25
9810,2026-12-01,15,2,1,1,65.43,25.66,39.77
9811,2026-12-01,15,2,2,3,201.74,75.23,126.51
9812,2026-12-01,15,2,3,1,61.59,24.94,36.65
9813,2026-12-01,15,2,4,16,898.3,351.67,546.63
9814,2026-12-01,15,2,5,2,125.1,49.68,75.42
9815,2026-12-01,15,3,1,4,252.95,101.51,151.44
9816,2026-12-01,15,3,2,1,64.55,25.34,39.21
9817,2026-12-01,15,3,3,3,188.07,73.56,114.51
9818,2026-12-01,15,3,4,12,683.0,277.59,405.41
9819,2026-12-01,15,3,5,4,254.31,100.44,153.87
9820,2026-12-01,15,4,1,1,67.11,24.7,42.41
9821,2026-12-01,15,4,2,7,398.89,151.67,247.22
9822,2026-12-01,15,4,3,2,137.45,49.39,88.06
9823,2026-12-01,15,4,4,9,508.05,200.24,307.81
9824,2026-12-01,15,4,5,3,211.57,75.01,136.56
9825,2026-12-01,15,5,1,1,66.11,25.7,40.41
9826,2026-12-01,15,5,3,1,62.35,24.95,37.4
9827,2026-12-01,15,5,4,3,176.11,75.62,100.49
9828,2026-12-01,15,5,5,2,119.67,49.8,69.87
